2025-02-20 17:46:33,291 - logger name:log/foundation/urbanfm_downstream/dataset_ratio_100.0%/model_layer_4_4/48/record.log
2025-02-20 17:58:18,212 - 
============================== Model Parameters ==============================
2025-02-20 17:58:18,212 - Total Parameters: 400,193 (≈ 0.40 M or ≈ 0.00 B)
2025-02-20 17:58:18,212 - Trainable Parameters: 400,193 (≈ 0.40 M or ≈ 0.00 B)
2025-02-20 17:58:18,212 - ========================================================================

2025-02-20 17:58:55,838 - [Epoch 1] Pretrain Loss: 61.3596
2025-02-20 17:59:30,644 - [Epoch 2] Pretrain Loss: 30.9084
2025-02-20 18:00:05,547 - [Epoch 3] Pretrain Loss: 27.0767
2025-02-20 18:00:40,478 - [Epoch 4] Pretrain Loss: 26.0795
2025-02-20 18:01:15,247 - [Epoch 5] Pretrain Loss: 25.7359
2025-02-20 18:01:15,248 - ************************************************************   Forecasting Task   ************************************************************
2025-02-20 18:01:15,248 - Evaluate on pems03_flow_short_term_forecasting:
2025-02-20 18:01:27,747 - masked_mae : 17.166181564331055
2025-02-20 18:01:27,768 - masked_rmse : 27.38789939880371
2025-02-20 18:01:27,823 - masked_mape : 0.19045503437519073
2025-02-20 18:01:27,823 - Evaluate on pems03_flow_long_term_forecasting:
2025-02-20 18:01:47,451 - masked_mae : 23.200485229492188
2025-02-20 18:01:47,522 - masked_rmse : 36.71904373168945
2025-02-20 18:01:47,658 - masked_mape : 0.25977635383605957
2025-02-20 18:01:47,658 - Evaluate on pems04_flow_short_term_forecasting:
2025-02-20 18:01:56,781 - masked_mae : 23.236909866333008
2025-02-20 18:01:56,793 - masked_rmse : 37.231014251708984
2025-02-20 18:01:56,815 - masked_mape : 0.1776556521654129
2025-02-20 18:01:56,816 - Evaluate on pems04_flow_long_term_forecasting:
2025-02-20 18:02:09,917 - masked_mae : 32.52988815307617
2025-02-20 18:02:09,958 - masked_rmse : 50.79392623901367
2025-02-20 18:02:10,036 - masked_mape : 0.2617875337600708
2025-02-20 18:02:10,036 - Evaluate on pems07_flow_short_term_forecasting:
2025-02-20 18:02:34,896 - masked_mae : 29.23368263244629
2025-02-20 18:02:34,946 - masked_rmse : 43.86448669433594
2025-02-20 18:02:35,041 - masked_mape : 0.16390307247638702
2025-02-20 18:02:35,041 - Evaluate on pems07_flow_long_term_forecasting:
2025-02-20 18:03:17,927 - masked_mae : 41.66202926635742
2025-02-20 18:03:18,105 - masked_rmse : 61.60745620727539
2025-02-20 18:03:18,447 - masked_mape : 0.22747425734996796
2025-02-20 18:03:18,447 - Evaluate on pems08_flow_short_term_forecasting:
2025-02-20 18:03:25,819 - masked_mae : 18.639291763305664
2025-02-20 18:03:25,827 - masked_rmse : 29.35405158996582
2025-02-20 18:03:25,841 - masked_mape : 0.20526371896266937
2025-02-20 18:03:25,841 - Evaluate on pems08_flow_long_term_forecasting:
2025-02-20 18:03:35,626 - masked_mae : 25.5969181060791
2025-02-20 18:03:35,652 - masked_rmse : 39.65060043334961
2025-02-20 18:03:35,700 - masked_mape : 0.2390718013048172
2025-02-20 18:03:35,701 - Evaluate on occpairs_occupancy_short_term_forecasting:
2025-02-20 18:03:51,291 - masked_mae : 0.8738756775856018
2025-02-20 18:03:51,319 - masked_rmse : 2.103804588317871
2025-02-20 18:03:51,371 - masked_mape : 0.16386930644512177
2025-02-20 18:03:51,372 - Evaluate on occpairs_occupancy_long_term_forecasting:
2025-02-20 18:04:16,785 - masked_mae : 1.1797586679458618
2025-02-20 18:04:16,883 - masked_rmse : 2.638040065765381
2025-02-20 18:04:17,070 - masked_mape : 0.23023410141468048
2025-02-20 18:04:17,071 - Evaluate on occhamburg_occupancy_short_term_forecasting:
2025-02-20 18:04:27,397 - masked_mae : 5.9422173500061035
2025-02-20 18:04:27,412 - masked_rmse : 9.799703598022461
2025-02-20 18:04:27,440 - masked_mape : 0.5171191692352295
2025-02-20 18:04:27,440 - Evaluate on occhamburg_occupancy_long_term_forecasting:
2025-02-20 18:04:42,887 - masked_mae : 6.348082065582275
2025-02-20 18:04:42,939 - masked_rmse : 10.25441837310791
2025-02-20 18:04:43,037 - masked_mape : 0.5653072595596313
2025-02-20 18:04:43,038 - Evaluate on pemsbay_speed_short_term_forecasting:
2025-02-20 18:05:01,524 - masked_mae : 2.664669990539551
2025-02-20 18:05:01,558 - masked_rmse : 5.022510051727295
2025-02-20 18:05:01,624 - masked_mape : 0.060402337461709976
2025-02-20 18:05:01,624 - Evaluate on pemsbay_speed_long_term_forecasting:
2025-02-20 18:05:32,449 - masked_mae : 3.9449164867401123
2025-02-20 18:05:32,572 - masked_rmse : 6.938424587249756
2025-02-20 18:05:32,806 - masked_mape : 0.08808761835098267
2025-02-20 18:05:32,807 - Evaluate on metrla_speed_short_term_forecasting:
2025-02-20 18:05:43,900 - masked_mae : 5.4648756980896
2025-02-20 18:05:43,916 - masked_rmse : 9.977030754089355
2025-02-20 18:05:43,948 - masked_mape : 0.1399942934513092
2025-02-20 18:05:43,948 - Evaluate on metrla_speed_long_term_forecasting:
2025-02-20 18:06:00,895 - masked_mae : 7.386967182159424
2025-02-20 18:06:00,954 - masked_rmse : 12.40234088897705
2025-02-20 18:06:01,066 - masked_mape : 0.18688099086284637
2025-02-20 18:06:01,066 - Evaluate on trafficsh_speed_short_term_forecasting:
2025-02-20 18:06:11,647 - masked_mae : 0.6556221842765808
2025-02-20 18:06:11,663 - masked_rmse : 0.9339849948883057
2025-02-20 18:06:11,692 - masked_mape : 0.07486506551504135
2025-02-20 18:06:11,693 - Evaluate on trafficsh_speed_long_term_forecasting:
2025-02-20 18:06:27,583 - masked_mae : 0.7483082413673401
2025-02-20 18:06:27,637 - masked_rmse : 1.0829181671142578
2025-02-20 18:06:27,739 - masked_mape : 0.09223880618810654
2025-02-20 18:06:27,740 - Evaluate on bikenyc_inflow_short_term_forecasting:
2025-02-20 18:06:35,612 - masked_mae : 0.9977428317070007
2025-02-20 18:06:35,621 - masked_rmse : 3.2886202335357666
2025-02-20 18:06:35,638 - masked_mape : 0.36256304383277893
2025-02-20 18:06:35,638 - Evaluate on bikenyc_inflow_long_term_forecasting:
2025-02-20 18:06:46,452 - masked_mae : 1.3766030073165894
2025-02-20 18:06:46,482 - masked_rmse : 4.701681613922119
2025-02-20 18:06:46,540 - masked_mape : 0.4644685685634613
2025-02-20 18:06:46,540 - Evaluate on taxinyc_inflow_short_term_forecasting:
2025-02-20 18:06:54,450 - masked_mae : 5.195312023162842
2025-02-20 18:06:54,459 - masked_rmse : 15.585746765136719
2025-02-20 18:06:54,476 - masked_mape : 0.40431830286979675
2025-02-20 18:06:54,476 - Evaluate on taxinyc_inflow_long_term_forecasting:
2025-02-20 18:07:05,277 - masked_mae : 7.799890041351318
2025-02-20 18:07:05,308 - masked_rmse : 23.462646484375
2025-02-20 18:07:05,365 - masked_mape : 0.6319890022277832
2025-02-20 18:07:05,366 - Evaluate on tdrive_inflow_short_term_forecasting:
2025-02-20 18:07:35,245 - masked_mae : 13.744635581970215
2025-02-20 18:07:35,307 - masked_rmse : 26.65791130065918
2025-02-20 18:07:35,425 - masked_mape : 0.29974350333213806
2025-02-20 18:07:35,425 - Evaluate on tdrive_inflow_long_term_forecasting:
2025-02-20 18:08:27,814 - masked_mae : 21.6282958984375
2025-02-20 18:08:28,035 - masked_rmse : 42.374969482421875
2025-02-20 18:08:28,461 - masked_mape : 0.4415815770626068
2025-02-20 18:08:28,461 - ************************************************************   Imputation Task   ************************************************************
2025-02-20 18:08:28,461 - Evaluate on pems03_flow_point_imputation:
2025-02-20 18:08:33,406 - masked_mae : 85.335205078125
2025-02-20 18:08:33,408 - masked_rmse : 114.16561126708984
2025-02-20 18:08:33,412 - masked_mre : 0.5275647640228271
2025-02-20 18:08:33,422 - Evaluate on pems03_flow_block_imputation:
2025-02-20 18:08:38,411 - masked_mae : 106.84774017333984
2025-02-20 18:08:38,413 - masked_rmse : 137.26651000976562
2025-02-20 18:08:38,416 - masked_mre : 0.6611745357513428
2025-02-20 18:08:38,416 - Evaluate on pems04_flow_point_imputation:
2025-02-20 18:08:43,248 - masked_mae : 86.82012939453125
2025-02-20 18:08:43,249 - masked_rmse : 117.1330337524414
2025-02-20 18:08:43,255 - masked_mre : 0.4319539964199066
2025-02-20 18:08:43,255 - Evaluate on pems04_flow_block_imputation:
2025-02-20 18:08:48,073 - masked_mae : 118.84923553466797
2025-02-20 18:08:48,074 - masked_rmse : 149.57015991210938
2025-02-20 18:08:48,086 - masked_mre : 0.5925161838531494
2025-02-20 18:08:48,087 - Evaluate on pems07_flow_point_imputation:
2025-02-20 18:08:53,614 - masked_mae : 121.25861358642578
2025-02-20 18:08:53,618 - masked_rmse : 147.17689514160156
2025-02-20 18:08:53,627 - masked_mre : 0.4017053544521332
2025-02-20 18:08:53,627 - Evaluate on pems07_flow_block_imputation:
2025-02-20 18:08:59,190 - masked_mae : 187.18975830078125
2025-02-20 18:08:59,193 - masked_rmse : 215.23854064941406
2025-02-20 18:08:59,197 - masked_mre : 0.6192294955253601
2025-02-20 18:08:59,198 - Evaluate on pems08_flow_point_imputation:
2025-02-20 18:09:03,897 - masked_mae : 81.61695098876953
2025-02-20 18:09:03,898 - masked_rmse : 105.76112365722656
2025-02-20 18:09:03,900 - masked_mre : 0.3981378674507141
2025-02-20 18:09:03,900 - Evaluate on pems08_flow_block_imputation:
2025-02-20 18:09:08,631 - masked_mae : 126.22008514404297
2025-02-20 18:09:08,632 - masked_rmse : 153.61956787109375
2025-02-20 18:09:08,634 - masked_mre : 0.6163104176521301
2025-02-20 18:09:08,634 - Evaluate on pemsbay_speed_point_imputation:
2025-02-20 18:09:13,976 - masked_mae : 15.671452522277832
2025-02-20 18:09:13,978 - masked_rmse : 17.32624626159668
2025-02-20 18:09:13,981 - masked_mre : 0.2592519521713257
2025-02-20 18:09:13,994 - Evaluate on pemsbay_speed_block_imputation:
2025-02-20 18:09:19,240 - masked_mae : 34.849342346191406
2025-02-20 18:09:19,242 - masked_rmse : 35.927650451660156
2025-02-20 18:09:19,247 - masked_mre : 0.5767222046852112
2025-02-20 18:09:19,247 - Evaluate on metrla_speed_point_imputation:
2025-02-20 18:09:24,155 - masked_mae : 17.14226722717285
2025-02-20 18:09:24,157 - masked_rmse : 21.237049102783203
2025-02-20 18:09:24,160 - masked_mre : 0.36779335141181946
2025-02-20 18:09:24,160 - Evaluate on metrla_speed_block_imputation:
2025-02-20 18:09:29,034 - masked_mae : 29.127178192138672
2025-02-20 18:09:29,036 - masked_rmse : 33.570953369140625
2025-02-20 18:09:29,038 - masked_mre : 0.6413636207580566
2025-02-20 18:10:03,907 - [Epoch 6] Pretrain Loss: 25.1200
2025-02-20 18:10:03,907 - ************************************************************   Forecasting Task   ************************************************************
2025-02-20 18:10:03,907 - Evaluate on pems03_flow_short_term_forecasting:
2025-02-20 18:10:16,472 - masked_mae : 17.698137283325195
2025-02-20 18:10:16,493 - masked_rmse : 27.777109146118164
2025-02-20 18:10:16,531 - masked_mape : 0.21269671618938446
2025-02-20 18:10:16,531 - Evaluate on pems03_flow_long_term_forecasting:
2025-02-20 18:10:36,193 - masked_mae : 22.656692504882812
2025-02-20 18:10:36,264 - masked_rmse : 35.67377853393555
2025-02-20 18:10:36,400 - masked_mape : 0.26593658328056335
2025-02-20 18:10:36,400 - Evaluate on pems04_flow_short_term_forecasting:
2025-02-20 18:10:45,573 - masked_mae : 23.283784866333008
2025-02-20 18:10:45,585 - masked_rmse : 36.982810974121094
2025-02-20 18:10:45,607 - masked_mape : 0.18256419897079468
2025-02-20 18:10:45,608 - Evaluate on pems04_flow_long_term_forecasting:
2025-02-20 18:10:58,727 - masked_mae : 31.054176330566406
2025-02-20 18:10:58,768 - masked_rmse : 48.243682861328125
2025-02-20 18:10:58,847 - masked_mape : 0.2550559937953949
2025-02-20 18:10:58,847 - Evaluate on pems07_flow_short_term_forecasting:
2025-02-20 18:11:23,761 - masked_mae : 29.609888076782227
2025-02-20 18:11:23,811 - masked_rmse : 43.753143310546875
2025-02-20 18:11:23,906 - masked_mape : 0.18271245062351227
2025-02-20 18:11:23,907 - Evaluate on pems07_flow_long_term_forecasting:
2025-02-20 18:12:06,915 - masked_mae : 40.5244140625
2025-02-20 18:12:07,094 - masked_rmse : 59.37986373901367
2025-02-20 18:12:07,436 - masked_mape : 0.23766939342021942
2025-02-20 18:12:07,436 - Evaluate on pems08_flow_short_term_forecasting:
2025-02-20 18:12:14,790 - masked_mae : 19.260009765625
2025-02-20 18:12:14,797 - masked_rmse : 29.843347549438477
2025-02-20 18:12:14,812 - masked_mape : 0.23983506858348846
2025-02-20 18:12:14,812 - Evaluate on pems08_flow_long_term_forecasting:
2025-02-20 18:12:24,630 - masked_mae : 24.82358741760254
2025-02-20 18:12:24,656 - masked_rmse : 37.910884857177734
2025-02-20 18:12:24,704 - masked_mape : 0.2599392831325531
2025-02-20 18:12:24,705 - Evaluate on occpairs_occupancy_short_term_forecasting:
2025-02-20 18:12:40,371 - masked_mae : 0.8739141821861267
2025-02-20 18:12:40,399 - masked_rmse : 2.138261318206787
2025-02-20 18:12:40,451 - masked_mape : 0.1620442122220993
2025-02-20 18:12:40,451 - Evaluate on occpairs_occupancy_long_term_forecasting:
2025-02-20 18:13:05,950 - masked_mae : 1.1334415674209595
2025-02-20 18:13:06,048 - masked_rmse : 2.580416202545166
2025-02-20 18:13:06,236 - masked_mape : 0.21613474190235138
2025-02-20 18:13:06,236 - Evaluate on occhamburg_occupancy_short_term_forecasting:
2025-02-20 18:13:16,611 - masked_mae : 5.999716281890869
2025-02-20 18:13:16,626 - masked_rmse : 9.868999481201172
2025-02-20 18:13:16,654 - masked_mape : 0.522723376750946
2025-02-20 18:13:16,654 - Evaluate on occhamburg_occupancy_long_term_forecasting:
2025-02-20 18:13:32,120 - masked_mae : 6.269142150878906
2025-02-20 18:13:32,172 - masked_rmse : 10.189497947692871
2025-02-20 18:13:32,270 - masked_mape : 0.5470436215400696
2025-02-20 18:13:32,271 - Evaluate on pemsbay_speed_short_term_forecasting:
2025-02-20 18:13:50,753 - masked_mae : 2.5697150230407715
2025-02-20 18:13:50,787 - masked_rmse : 4.870326995849609
2025-02-20 18:13:50,853 - masked_mape : 0.05982661247253418
2025-02-20 18:13:50,853 - Evaluate on pemsbay_speed_long_term_forecasting:
2025-02-20 18:14:21,715 - masked_mae : 3.796696901321411
2025-02-20 18:14:21,838 - masked_rmse : 6.722053527832031
2025-02-20 18:14:22,072 - masked_mape : 0.08619078993797302
2025-02-20 18:14:22,073 - Evaluate on metrla_speed_short_term_forecasting:
2025-02-20 18:14:33,202 - masked_mae : 5.46318244934082
2025-02-20 18:14:33,219 - masked_rmse : 10.086356163024902
2025-02-20 18:14:33,250 - masked_mape : 0.1406739056110382
2025-02-20 18:14:33,251 - Evaluate on metrla_speed_long_term_forecasting:
2025-02-20 18:14:50,231 - masked_mae : 7.315942287445068
2025-02-20 18:14:50,290 - masked_rmse : 12.45759105682373
2025-02-20 18:14:50,402 - masked_mape : 0.18549419939517975
2025-02-20 18:14:50,402 - Evaluate on trafficsh_speed_short_term_forecasting:
2025-02-20 18:15:01,015 - masked_mae : 0.6986575722694397
2025-02-20 18:15:01,030 - masked_rmse : 0.9805843234062195
2025-02-20 18:15:01,060 - masked_mape : 0.0757727399468422
2025-02-20 18:15:01,060 - Evaluate on trafficsh_speed_long_term_forecasting:
2025-02-20 18:15:19,357 - masked_mae : 0.760847270488739
2025-02-20 18:15:19,411 - masked_rmse : 1.0871602296829224
2025-02-20 18:15:19,513 - masked_mape : 0.09113199263811111
2025-02-20 18:15:19,513 - Evaluate on bikenyc_inflow_short_term_forecasting:
2025-02-20 18:15:27,388 - masked_mae : 1.0099858045578003
2025-02-20 18:15:27,397 - masked_rmse : 3.447431802749634
2025-02-20 18:15:27,414 - masked_mape : 0.3527465760707855
2025-02-20 18:15:27,414 - Evaluate on bikenyc_inflow_long_term_forecasting:
2025-02-20 18:15:38,244 - masked_mae : 1.324556827545166
2025-02-20 18:15:38,274 - masked_rmse : 4.663856506347656
2025-02-20 18:15:38,332 - masked_mape : 0.43303975462913513
2025-02-20 18:15:38,332 - Evaluate on taxinyc_inflow_short_term_forecasting:
2025-02-20 18:15:46,271 - masked_mae : 5.544888019561768
2025-02-20 18:15:46,280 - masked_rmse : 16.69779396057129
2025-02-20 18:15:46,297 - masked_mape : 0.38020727038383484
2025-02-20 18:15:46,297 - Evaluate on taxinyc_inflow_long_term_forecasting:
2025-02-20 18:15:57,160 - masked_mae : 7.588649749755859
2025-02-20 18:15:57,191 - masked_rmse : 23.267908096313477
2025-02-20 18:15:57,249 - masked_mape : 0.5701438784599304
2025-02-20 18:15:57,249 - Evaluate on tdrive_inflow_short_term_forecasting:
2025-02-20 18:16:27,270 - masked_mae : 14.943283081054688
2025-02-20 18:16:27,332 - masked_rmse : 28.624826431274414
2025-02-20 18:16:27,450 - masked_mape : 0.3155369460582733
2025-02-20 18:16:27,450 - Evaluate on tdrive_inflow_long_term_forecasting:
2025-02-20 18:17:20,006 - masked_mae : 20.930044174194336
2025-02-20 18:17:20,228 - masked_rmse : 40.529659271240234
2025-02-20 18:17:20,653 - masked_mape : 0.4169471263885498
2025-02-20 18:17:20,654 - ************************************************************   Imputation Task   ************************************************************
2025-02-20 18:17:20,654 - Evaluate on pems03_flow_point_imputation:
2025-02-20 18:17:25,616 - masked_mae : 86.57752227783203
2025-02-20 18:17:25,618 - masked_rmse : 118.66610717773438
2025-02-20 18:17:25,621 - masked_mre : 0.5357047915458679
2025-02-20 18:17:25,628 - Evaluate on pems03_flow_block_imputation:
2025-02-20 18:17:30,609 - masked_mae : 116.70707702636719
2025-02-20 18:17:30,611 - masked_rmse : 153.08103942871094
2025-02-20 18:17:30,613 - masked_mre : 0.7229535579681396
2025-02-20 18:17:30,614 - Evaluate on pems04_flow_point_imputation:
2025-02-20 18:17:35,419 - masked_mae : 85.94487762451172
2025-02-20 18:17:35,420 - masked_rmse : 116.62684631347656
2025-02-20 18:17:35,422 - masked_mre : 0.4278096556663513
2025-02-20 18:17:35,422 - Evaluate on pems04_flow_block_imputation:
2025-02-20 18:17:40,191 - masked_mae : 130.350341796875
2025-02-20 18:17:40,192 - masked_rmse : 166.8299102783203
2025-02-20 18:17:40,194 - masked_mre : 0.6509296298027039
2025-02-20 18:17:40,194 - Evaluate on pems07_flow_point_imputation:
2025-02-20 18:17:45,789 - masked_mae : 127.18759155273438
2025-02-20 18:17:45,791 - masked_rmse : 154.0709686279297
2025-02-20 18:17:45,809 - masked_mre : 0.4217873513698578
2025-02-20 18:17:45,809 - Evaluate on pems07_flow_block_imputation:
2025-02-20 18:17:51,386 - masked_mae : 211.80877685546875
2025-02-20 18:17:51,401 - masked_rmse : 246.69004821777344
2025-02-20 18:17:51,421 - masked_mre : 0.7012633085250854
2025-02-20 18:17:51,425 - Evaluate on pems08_flow_point_imputation:
2025-02-20 18:17:56,134 - masked_mae : 85.2160873413086
2025-02-20 18:17:56,134 - masked_rmse : 110.33670043945312
2025-02-20 18:17:56,136 - masked_mre : 0.4161820113658905
2025-02-20 18:17:56,136 - Evaluate on pems08_flow_block_imputation:
2025-02-20 18:18:00,842 - masked_mae : 144.6796417236328
2025-02-20 18:18:00,843 - masked_rmse : 177.22630310058594
2025-02-20 18:18:00,845 - masked_mre : 0.7068621516227722
2025-02-20 18:18:00,845 - Evaluate on pemsbay_speed_point_imputation:
2025-02-20 18:18:06,166 - masked_mae : 16.29508399963379
2025-02-20 18:18:06,175 - masked_rmse : 18.025190353393555
2025-02-20 18:18:06,194 - masked_mre : 0.2695710062980652
2025-02-20 18:18:06,195 - Evaluate on pemsbay_speed_block_imputation:
2025-02-20 18:18:11,490 - masked_mae : 37.23884963989258
2025-02-20 18:18:11,493 - masked_rmse : 38.37107849121094
2025-02-20 18:18:11,507 - masked_mre : 0.6162703037261963
2025-02-20 18:18:11,507 - Evaluate on metrla_speed_point_imputation:
2025-02-20 18:18:16,399 - masked_mae : 18.508949279785156
2025-02-20 18:18:16,401 - masked_rmse : 22.793359756469727
2025-02-20 18:18:16,405 - masked_mre : 0.3994860053062439
2025-02-20 18:18:16,405 - Evaluate on metrla_speed_block_imputation:
2025-02-20 18:18:21,362 - masked_mae : 32.04475402832031
2025-02-20 18:18:21,363 - masked_rmse : 36.964515686035156
2025-02-20 18:18:21,366 - masked_mre : 0.7085173726081848
2025-02-20 18:18:56,272 - [Epoch 7] Pretrain Loss: 24.7135
2025-02-20 18:18:56,272 - ************************************************************   Forecasting Task   ************************************************************
2025-02-20 18:18:56,272 - Evaluate on pems03_flow_short_term_forecasting:
2025-02-20 18:19:08,876 - masked_mae : 17.53460693359375
2025-02-20 18:19:08,896 - masked_rmse : 27.595657348632812
2025-02-20 18:19:08,935 - masked_mape : 0.20570127665996552
2025-02-20 18:19:08,935 - Evaluate on pems03_flow_long_term_forecasting:
2025-02-20 18:19:28,635 - masked_mae : 21.86321258544922
2025-02-20 18:19:28,706 - masked_rmse : 34.73293685913086
2025-02-20 18:19:28,842 - masked_mape : 0.26345306634902954
2025-02-20 18:19:28,842 - Evaluate on pems04_flow_short_term_forecasting:
2025-02-20 18:19:37,987 - masked_mae : 22.78995704650879
2025-02-20 18:19:37,999 - masked_rmse : 36.57939529418945
2025-02-20 18:19:38,021 - masked_mape : 0.1824980527162552
2025-02-20 18:19:38,021 - Evaluate on pems04_flow_long_term_forecasting:
2025-02-20 18:19:51,160 - masked_mae : 29.28156852722168
2025-02-20 18:19:51,202 - masked_rmse : 46.04194641113281
2025-02-20 18:19:51,280 - masked_mape : 0.2567882239818573
2025-02-20 18:19:51,280 - Evaluate on pems07_flow_short_term_forecasting:
2025-02-20 18:20:16,270 - masked_mae : 28.268585205078125
2025-02-20 18:20:16,320 - masked_rmse : 42.188262939453125
2025-02-20 18:20:16,415 - masked_mape : 0.17171220481395721
2025-02-20 18:20:16,415 - Evaluate on pems07_flow_long_term_forecasting:
2025-02-20 18:20:59,560 - masked_mae : 37.69694900512695
2025-02-20 18:20:59,739 - masked_rmse : 56.01054763793945
2025-02-20 18:21:00,081 - masked_mape : 0.22709845006465912
2025-02-20 18:21:00,081 - Evaluate on pems08_flow_short_term_forecasting:
2025-02-20 18:21:07,431 - masked_mae : 18.24675941467285
2025-02-20 18:21:07,439 - masked_rmse : 28.663665771484375
2025-02-20 18:21:07,453 - masked_mape : 0.2154790610074997
2025-02-20 18:21:07,454 - Evaluate on pems08_flow_long_term_forecasting:
2025-02-20 18:21:17,249 - masked_mae : 22.54493522644043
2025-02-20 18:21:17,275 - masked_rmse : 35.36138916015625
2025-02-20 18:21:17,324 - masked_mape : 0.23639917373657227
2025-02-20 18:21:17,324 - Evaluate on occpairs_occupancy_short_term_forecasting:
2025-02-20 18:21:32,971 - masked_mae : 0.8271238207817078
2025-02-20 18:21:32,999 - masked_rmse : 2.080204963684082
2025-02-20 18:21:33,051 - masked_mape : 0.16039057075977325
2025-02-20 18:21:33,051 - Evaluate on occpairs_occupancy_long_term_forecasting:
2025-02-20 18:21:58,636 - masked_mae : 1.1028414964675903
2025-02-20 18:21:58,734 - masked_rmse : 2.511362314224243
2025-02-20 18:21:58,921 - masked_mape : 0.22158046066761017
2025-02-20 18:21:58,922 - Evaluate on occhamburg_occupancy_short_term_forecasting:
2025-02-20 18:22:09,329 - masked_mae : 6.010129928588867
2025-02-20 18:22:09,344 - masked_rmse : 9.948050498962402
2025-02-20 18:22:09,372 - masked_mape : 0.5325882434844971
2025-02-20 18:22:09,372 - Evaluate on occhamburg_occupancy_long_term_forecasting:
2025-02-20 18:22:24,800 - masked_mae : 6.258646488189697
2025-02-20 18:22:24,851 - masked_rmse : 10.162399291992188
2025-02-20 18:22:24,950 - masked_mape : 0.5685668587684631
2025-02-20 18:22:24,950 - Evaluate on pemsbay_speed_short_term_forecasting:
2025-02-20 18:22:43,437 - masked_mae : 2.386326789855957
2025-02-20 18:22:43,471 - masked_rmse : 4.77504301071167
2025-02-20 18:22:43,537 - masked_mape : 0.056265998631715775
2025-02-20 18:22:43,537 - Evaluate on pemsbay_speed_long_term_forecasting:
2025-02-20 18:23:14,608 - masked_mae : 3.595289945602417
2025-02-20 18:23:14,730 - masked_rmse : 6.636279582977295
2025-02-20 18:23:14,965 - masked_mape : 0.08274462819099426
2025-02-20 18:23:14,965 - Evaluate on metrla_speed_short_term_forecasting:
2025-02-20 18:23:26,112 - masked_mae : 5.057661533355713
2025-02-20 18:23:26,129 - masked_rmse : 9.669657707214355
2025-02-20 18:23:26,160 - masked_mape : 0.13066713511943817
2025-02-20 18:23:26,161 - Evaluate on metrla_speed_long_term_forecasting:
2025-02-20 18:23:43,184 - masked_mae : 6.880740642547607
2025-02-20 18:23:43,243 - masked_rmse : 12.057395935058594
2025-02-20 18:23:43,355 - masked_mape : 0.1761944442987442
2025-02-20 18:23:43,355 - Evaluate on trafficsh_speed_short_term_forecasting:
2025-02-20 18:23:54,005 - masked_mae : 0.5593926310539246
2025-02-20 18:23:54,021 - masked_rmse : 0.8719325065612793
2025-02-20 18:23:54,050 - masked_mape : 0.06285367161035538
2025-02-20 18:23:54,050 - Evaluate on trafficsh_speed_long_term_forecasting:
2025-02-20 18:24:09,992 - masked_mae : 0.6274037957191467
2025-02-20 18:24:10,046 - masked_rmse : 0.9863619208335876
2025-02-20 18:24:10,149 - masked_mape : 0.08042289316654205
2025-02-20 18:24:10,149 - Evaluate on bikenyc_inflow_short_term_forecasting:
2025-02-20 18:24:18,070 - masked_mae : 0.9918114542961121
2025-02-20 18:24:18,079 - masked_rmse : 3.4676198959350586
2025-02-20 18:24:18,096 - masked_mape : 0.3543945550918579
2025-02-20 18:24:18,096 - Evaluate on bikenyc_inflow_long_term_forecasting:
2025-02-20 18:24:28,981 - masked_mae : 1.293296217918396
2025-02-20 18:24:29,011 - masked_rmse : 4.557703495025635
2025-02-20 18:24:29,069 - masked_mape : 0.4400099515914917
2025-02-20 18:24:29,069 - Evaluate on taxinyc_inflow_short_term_forecasting:
2025-02-20 18:24:36,989 - masked_mae : 5.410045146942139
2025-02-20 18:24:36,998 - masked_rmse : 16.727441787719727
2025-02-20 18:24:37,014 - masked_mape : 0.3809632360935211
2025-02-20 18:24:37,015 - Evaluate on taxinyc_inflow_long_term_forecasting:
2025-02-20 18:24:47,824 - masked_mae : 7.376523971557617
2025-02-20 18:24:47,854 - masked_rmse : 22.678558349609375
2025-02-20 18:24:47,912 - masked_mape : 0.5545725226402283
2025-02-20 18:24:47,912 - Evaluate on tdrive_inflow_short_term_forecasting:
2025-02-20 18:25:18,001 - masked_mae : 15.644911766052246
2025-02-20 18:25:18,063 - masked_rmse : 30.57476806640625
2025-02-20 18:25:18,181 - masked_mape : 0.2992120087146759
2025-02-20 18:25:18,182 - Evaluate on tdrive_inflow_long_term_forecasting:
2025-02-20 18:26:10,745 - masked_mae : 20.87286376953125
2025-02-20 18:26:10,967 - masked_rmse : 39.41758346557617
2025-02-20 18:26:11,392 - masked_mape : 0.3897322714328766
2025-02-20 18:26:11,393 - ************************************************************   Imputation Task   ************************************************************
2025-02-20 18:26:11,393 - Evaluate on pems03_flow_point_imputation:
2025-02-20 18:26:16,374 - masked_mae : 75.9427261352539
2025-02-20 18:26:16,376 - masked_rmse : 105.96256256103516
2025-02-20 18:26:16,380 - masked_mre : 0.46961233019828796
2025-02-20 18:26:16,387 - Evaluate on pems03_flow_block_imputation:
2025-02-20 18:26:21,361 - masked_mae : 99.9857406616211
2025-02-20 18:26:21,362 - masked_rmse : 131.6092529296875
2025-02-20 18:26:21,365 - masked_mre : 0.6189117431640625
2025-02-20 18:26:21,365 - Evaluate on pems04_flow_point_imputation:
2025-02-20 18:26:26,159 - masked_mae : 78.09884643554688
2025-02-20 18:26:26,161 - masked_rmse : 110.24443054199219
2025-02-20 18:26:26,164 - masked_mre : 0.3885188400745392
2025-02-20 18:26:26,164 - Evaluate on pems04_flow_block_imputation:
2025-02-20 18:26:31,057 - masked_mae : 109.83609771728516
2025-02-20 18:26:31,059 - masked_rmse : 141.79586791992188
2025-02-20 18:26:31,061 - masked_mre : 0.547853410243988
2025-02-20 18:26:31,061 - Evaluate on pems07_flow_point_imputation:
2025-02-20 18:26:36,659 - masked_mae : 107.84078979492188
2025-02-20 18:26:36,667 - masked_rmse : 135.95835876464844
2025-02-20 18:26:36,675 - masked_mre : 0.3574073612689972
2025-02-20 18:26:36,675 - Evaluate on pems07_flow_block_imputation:
2025-02-20 18:26:42,260 - masked_mae : 178.49212646484375
2025-02-20 18:26:42,263 - masked_rmse : 208.02281188964844
2025-02-20 18:26:42,267 - masked_mre : 0.5904497504234314
2025-02-20 18:26:42,267 - Evaluate on pems08_flow_point_imputation:
2025-02-20 18:26:46,974 - masked_mae : 72.5738296508789
2025-02-20 18:26:46,976 - masked_rmse : 97.73123931884766
2025-02-20 18:26:46,977 - masked_mre : 0.354216068983078
2025-02-20 18:26:46,977 - Evaluate on pems08_flow_block_imputation:
2025-02-20 18:26:51,711 - masked_mae : 121.24935913085938
2025-02-20 18:26:51,712 - masked_rmse : 149.3795623779297
2025-02-20 18:26:51,713 - masked_mre : 0.5920296907424927
2025-02-20 18:26:51,713 - Evaluate on pemsbay_speed_point_imputation:
2025-02-20 18:26:57,034 - masked_mae : 12.337079048156738
2025-02-20 18:26:57,036 - masked_rmse : 14.517902374267578
2025-02-20 18:26:57,040 - masked_mre : 0.2040770947933197
2025-02-20 18:26:57,052 - Evaluate on pemsbay_speed_block_imputation:
2025-02-20 18:27:02,351 - masked_mae : 31.90726661682129
2025-02-20 18:27:02,353 - masked_rmse : 32.99339294433594
2025-02-20 18:27:02,364 - masked_mre : 0.5280294418334961
2025-02-20 18:27:02,364 - Evaluate on metrla_speed_point_imputation:
2025-02-20 18:27:07,251 - masked_mae : 14.329155921936035
2025-02-20 18:27:07,254 - masked_rmse : 18.743452072143555
2025-02-20 18:27:07,258 - masked_mre : 0.30006417632102966
2025-02-20 18:27:07,258 - Evaluate on metrla_speed_block_imputation:
2025-02-20 18:27:12,159 - masked_mae : 27.12946128845215
2025-02-20 18:27:12,160 - masked_rmse : 31.383731842041016
2025-02-20 18:27:12,163 - masked_mre : 0.5929251313209534
2025-02-20 18:27:47,099 - [Epoch 8] Pretrain Loss: 24.3136
2025-02-20 18:27:47,099 - ************************************************************   Forecasting Task   ************************************************************
2025-02-20 18:27:47,099 - Evaluate on pems03_flow_short_term_forecasting:
2025-02-20 18:27:59,702 - masked_mae : 16.842113494873047
2025-02-20 18:27:59,722 - masked_rmse : 27.258535385131836
2025-02-20 18:27:59,761 - masked_mape : 0.1770162433385849
2025-02-20 18:27:59,761 - Evaluate on pems03_flow_long_term_forecasting:
2025-02-20 18:28:19,490 - masked_mae : 20.12207794189453
2025-02-20 18:28:19,561 - masked_rmse : 32.1925048828125
2025-02-20 18:28:19,698 - masked_mape : 0.21412187814712524
2025-02-20 18:28:19,698 - Evaluate on pems04_flow_short_term_forecasting:
2025-02-20 18:28:28,873 - masked_mae : 22.478113174438477
2025-02-20 18:28:28,885 - masked_rmse : 36.55946731567383
2025-02-20 18:28:28,907 - masked_mape : 0.16195404529571533
2025-02-20 18:28:28,908 - Evaluate on pems04_flow_long_term_forecasting:
2025-02-20 18:28:42,072 - masked_mae : 28.041833877563477
2025-02-20 18:28:42,113 - masked_rmse : 44.38946533203125
2025-02-20 18:28:42,192 - masked_mape : 0.21384012699127197
2025-02-20 18:28:42,192 - Evaluate on pems07_flow_short_term_forecasting:
2025-02-20 18:29:07,195 - masked_mae : 27.802627563476562
2025-02-20 18:29:07,245 - masked_rmse : 42.00770950317383
2025-02-20 18:29:07,340 - masked_mape : 0.15440736711025238
2025-02-20 18:29:07,341 - Evaluate on pems07_flow_long_term_forecasting:
2025-02-20 18:29:50,484 - masked_mae : 35.53355026245117
2025-02-20 18:29:50,662 - masked_rmse : 52.7055778503418
2025-02-20 18:29:51,004 - masked_mape : 0.18665236234664917
2025-02-20 18:29:51,005 - Evaluate on pems08_flow_short_term_forecasting:
2025-02-20 18:29:58,377 - masked_mae : 18.01712989807129
2025-02-20 18:29:58,385 - masked_rmse : 28.744606018066406
2025-02-20 18:29:58,399 - masked_mape : 0.19704042375087738
2025-02-20 18:29:58,399 - Evaluate on pems08_flow_long_term_forecasting:
2025-02-20 18:30:08,199 - masked_mae : 21.704566955566406
2025-02-20 18:30:08,225 - masked_rmse : 34.06623458862305
2025-02-20 18:30:08,273 - masked_mape : 0.20272473990917206
2025-02-20 18:30:08,274 - Evaluate on occpairs_occupancy_short_term_forecasting:
2025-02-20 18:30:23,941 - masked_mae : 0.867628812789917
2025-02-20 18:30:23,968 - masked_rmse : 2.12687611579895
2025-02-20 18:30:24,021 - masked_mape : 0.1611730009317398
2025-02-20 18:30:24,021 - Evaluate on occpairs_occupancy_long_term_forecasting:
2025-02-20 18:30:49,544 - masked_mae : 1.0801899433135986
2025-02-20 18:30:49,642 - masked_rmse : 2.4894180297851562
2025-02-20 18:30:49,829 - masked_mape : 0.201991006731987
2025-02-20 18:30:49,829 - Evaluate on occhamburg_occupancy_short_term_forecasting:
2025-02-20 18:31:00,180 - masked_mae : 6.100142002105713
2025-02-20 18:31:00,195 - masked_rmse : 10.021459579467773
2025-02-20 18:31:00,223 - masked_mape : 0.5302025675773621
2025-02-20 18:31:00,223 - Evaluate on occhamburg_occupancy_long_term_forecasting:
2025-02-20 18:31:15,740 - masked_mae : 6.209494113922119
2025-02-20 18:31:15,792 - masked_rmse : 10.14725112915039
2025-02-20 18:31:15,890 - masked_mape : 0.5322225689888
2025-02-20 18:31:15,891 - Evaluate on pemsbay_speed_short_term_forecasting:
2025-02-20 18:31:34,403 - masked_mae : 2.3986666202545166
2025-02-20 18:31:34,438 - masked_rmse : 4.734987735748291
2025-02-20 18:31:34,503 - masked_mape : 0.05578860640525818
2025-02-20 18:31:34,503 - Evaluate on pemsbay_speed_long_term_forecasting:
2025-02-20 18:32:05,441 - masked_mae : 3.5850937366485596
2025-02-20 18:32:05,564 - masked_rmse : 6.547426223754883
2025-02-20 18:32:05,798 - masked_mape : 0.0813208669424057
2025-02-20 18:32:05,799 - Evaluate on metrla_speed_short_term_forecasting:
2025-02-20 18:32:16,933 - masked_mae : 5.130608081817627
2025-02-20 18:32:16,950 - masked_rmse : 9.501063346862793
2025-02-20 18:32:16,981 - masked_mape : 0.1318265050649643
2025-02-20 18:32:16,982 - Evaluate on metrla_speed_long_term_forecasting:
2025-02-20 18:32:33,927 - masked_mae : 6.8379435539245605
2025-02-20 18:32:33,986 - masked_rmse : 11.64474868774414
2025-02-20 18:32:34,098 - masked_mape : 0.1740795373916626
2025-02-20 18:32:34,098 - Evaluate on trafficsh_speed_short_term_forecasting:
2025-02-20 18:32:44,716 - masked_mae : 0.611753523349762
2025-02-20 18:32:44,731 - masked_rmse : 0.9020534157752991
2025-02-20 18:32:44,761 - masked_mape : 0.07020743936300278
2025-02-20 18:32:44,761 - Evaluate on trafficsh_speed_long_term_forecasting:
2025-02-20 18:33:00,718 - masked_mae : 0.6795811653137207
2025-02-20 18:33:00,772 - masked_rmse : 1.020573616027832
2025-02-20 18:33:00,874 - masked_mape : 0.08573613315820694
2025-02-20 18:33:00,874 - Evaluate on bikenyc_inflow_short_term_forecasting:
2025-02-20 18:33:08,773 - masked_mae : 1.0262744426727295
2025-02-20 18:33:08,782 - masked_rmse : 3.5166311264038086
2025-02-20 18:33:08,799 - masked_mape : 0.35897186398506165
2025-02-20 18:33:08,800 - Evaluate on bikenyc_inflow_long_term_forecasting:
2025-02-20 18:33:19,694 - masked_mae : 1.2471064329147339
2025-02-20 18:33:19,724 - masked_rmse : 4.42719841003418
2025-02-20 18:33:19,782 - masked_mape : 0.4125877916812897
2025-02-20 18:33:19,782 - Evaluate on taxinyc_inflow_short_term_forecasting:
2025-02-20 18:33:27,677 - masked_mae : 6.247718334197998
2025-02-20 18:33:27,686 - masked_rmse : 17.630918502807617
2025-02-20 18:33:27,702 - masked_mape : 0.4532276690006256
2025-02-20 18:33:27,703 - Evaluate on taxinyc_inflow_long_term_forecasting:
2025-02-20 18:33:38,519 - masked_mae : 7.342628479003906
2025-02-20 18:33:38,549 - masked_rmse : 22.26688575744629
2025-02-20 18:33:38,607 - masked_mape : 0.5397417545318604
2025-02-20 18:33:38,607 - Evaluate on tdrive_inflow_short_term_forecasting:
2025-02-20 18:34:08,519 - masked_mae : 14.844856262207031
2025-02-20 18:34:08,580 - masked_rmse : 30.127477645874023
2025-02-20 18:34:08,699 - masked_mape : 0.26587367057800293
2025-02-20 18:34:08,699 - Evaluate on tdrive_inflow_long_term_forecasting:
2025-02-20 18:35:01,393 - masked_mae : 18.44858169555664
2025-02-20 18:35:01,614 - masked_rmse : 36.22124099731445
2025-02-20 18:35:02,040 - masked_mape : 0.34093332290649414
2025-02-20 18:35:02,040 - ************************************************************   Imputation Task   ************************************************************
2025-02-20 18:35:02,040 - Evaluate on pems03_flow_point_imputation:
2025-02-20 18:35:06,997 - masked_mae : 75.30633544921875
2025-02-20 18:35:06,999 - masked_rmse : 103.33975982666016
2025-02-20 18:35:07,002 - masked_mre : 0.46543461084365845
2025-02-20 18:35:07,008 - Evaluate on pems03_flow_block_imputation:
2025-02-20 18:35:12,016 - masked_mae : 103.37666320800781
2025-02-20 18:35:12,017 - masked_rmse : 134.04476928710938
2025-02-20 18:35:12,020 - masked_mre : 0.6399102210998535
2025-02-20 18:35:12,020 - Evaluate on pems04_flow_point_imputation:
2025-02-20 18:35:16,857 - masked_mae : 77.95571899414062
2025-02-20 18:35:16,858 - masked_rmse : 109.24110412597656
2025-02-20 18:35:16,862 - masked_mre : 0.38773587346076965
2025-02-20 18:35:16,862 - Evaluate on pems04_flow_block_imputation:
2025-02-20 18:35:21,660 - masked_mae : 115.04602813720703
2025-02-20 18:35:21,661 - masked_rmse : 146.8236541748047
2025-02-20 18:35:21,664 - masked_mre : 0.5737614631652832
2025-02-20 18:35:21,664 - Evaluate on pems07_flow_point_imputation:
2025-02-20 18:35:27,193 - masked_mae : 108.91384887695312
2025-02-20 18:35:27,204 - masked_rmse : 135.6158905029297
2025-02-20 18:35:27,234 - masked_mre : 0.36093392968177795
2025-02-20 18:35:27,234 - Evaluate on pems07_flow_block_imputation:
2025-02-20 18:35:32,800 - masked_mae : 186.66749572753906
2025-02-20 18:35:32,813 - masked_rmse : 216.44273376464844
2025-02-20 18:35:32,827 - masked_mre : 0.617666482925415
2025-02-20 18:35:32,827 - Evaluate on pems08_flow_point_imputation:
2025-02-20 18:35:37,548 - masked_mae : 73.23200988769531
2025-02-20 18:35:37,549 - masked_rmse : 97.34075927734375
2025-02-20 18:35:37,551 - masked_mre : 0.35729557275772095
2025-02-20 18:35:37,556 - Evaluate on pems08_flow_block_imputation:
2025-02-20 18:35:42,293 - masked_mae : 125.32318115234375
2025-02-20 18:35:42,294 - masked_rmse : 152.35447692871094
2025-02-20 18:35:42,295 - masked_mre : 0.6120093464851379
2025-02-20 18:35:42,296 - Evaluate on pemsbay_speed_point_imputation:
2025-02-20 18:35:47,633 - masked_mae : 13.853876113891602
2025-02-20 18:35:47,647 - masked_rmse : 15.706331253051758
2025-02-20 18:35:47,664 - masked_mre : 0.22917447984218597
2025-02-20 18:35:47,665 - Evaluate on pemsbay_speed_block_imputation:
2025-02-20 18:35:52,979 - masked_mae : 34.77803039550781
2025-02-20 18:35:52,980 - masked_rmse : 35.8984375
2025-02-20 18:35:52,990 - masked_mre : 0.5755422115325928
2025-02-20 18:35:52,990 - Evaluate on metrla_speed_point_imputation:
2025-02-20 18:35:57,880 - masked_mae : 15.106565475463867
2025-02-20 18:35:57,881 - masked_rmse : 19.384323120117188
2025-02-20 18:35:57,885 - masked_mre : 0.3208821415901184
2025-02-20 18:35:57,885 - Evaluate on metrla_speed_block_imputation:
2025-02-20 18:36:02,790 - masked_mae : 28.9196834564209
2025-02-20 18:36:02,791 - masked_rmse : 33.48686981201172
2025-02-20 18:36:02,794 - masked_mre : 0.6375663876533508
2025-02-20 18:36:37,721 - [Epoch 9] Pretrain Loss: 23.7748
2025-02-20 18:36:37,722 - ************************************************************   Forecasting Task   ************************************************************
2025-02-20 18:36:37,722 - Evaluate on pems03_flow_short_term_forecasting:
2025-02-20 18:36:50,364 - masked_mae : 16.888385772705078
2025-02-20 18:36:50,385 - masked_rmse : 27.223373413085938
2025-02-20 18:36:50,423 - masked_mape : 0.18445159494876862
2025-02-20 18:36:50,423 - Evaluate on pems03_flow_long_term_forecasting:
2025-02-20 18:37:10,156 - masked_mae : 19.456098556518555
2025-02-20 18:37:10,228 - masked_rmse : 31.068992614746094
2025-02-20 18:37:10,363 - masked_mape : 0.21895305812358856
2025-02-20 18:37:10,364 - Evaluate on pems04_flow_short_term_forecasting:
2025-02-20 18:37:19,469 - masked_mae : 22.511987686157227
2025-02-20 18:37:19,481 - masked_rmse : 36.40721130371094
2025-02-20 18:37:19,503 - masked_mape : 0.16638530790805817
2025-02-20 18:37:19,503 - Evaluate on pems04_flow_long_term_forecasting:
2025-02-20 18:37:32,657 - masked_mae : 27.16631507873535
2025-02-20 18:37:32,698 - masked_rmse : 42.94221496582031
2025-02-20 18:37:32,777 - masked_mape : 0.21575726568698883
2025-02-20 18:37:32,777 - Evaluate on pems07_flow_short_term_forecasting:
2025-02-20 18:37:57,763 - masked_mae : 27.9326171875
2025-02-20 18:37:57,813 - masked_rmse : 42.04880905151367
2025-02-20 18:37:57,908 - masked_mape : 0.16272996366024017
2025-02-20 18:37:57,908 - Evaluate on pems07_flow_long_term_forecasting:
2025-02-20 18:38:41,118 - masked_mae : 34.52409362792969
2025-02-20 18:38:41,297 - masked_rmse : 50.89729309082031
2025-02-20 18:38:41,639 - masked_mape : 0.19409136474132538
2025-02-20 18:38:41,639 - Evaluate on pems08_flow_short_term_forecasting:
2025-02-20 18:38:49,029 - masked_mae : 18.145071029663086
2025-02-20 18:38:49,036 - masked_rmse : 28.82984733581543
2025-02-20 18:38:49,051 - masked_mape : 0.2111668586730957
2025-02-20 18:38:49,051 - Evaluate on pems08_flow_long_term_forecasting:
2025-02-20 18:38:58,836 - masked_mae : 21.185678482055664
2025-02-20 18:38:58,862 - masked_rmse : 33.16658401489258
2025-02-20 18:38:58,910 - masked_mape : 0.219557523727417
2025-02-20 18:38:58,911 - Evaluate on occpairs_occupancy_short_term_forecasting:
2025-02-20 18:39:14,608 - masked_mae : 0.8526155352592468
2025-02-20 18:39:14,636 - masked_rmse : 2.143162727355957
2025-02-20 18:39:14,688 - masked_mape : 0.1608140915632248
2025-02-20 18:39:14,688 - Evaluate on occpairs_occupancy_long_term_forecasting:
2025-02-20 18:39:40,254 - masked_mae : 1.033528208732605
2025-02-20 18:39:40,352 - masked_rmse : 2.4301774501800537
2025-02-20 18:39:40,539 - masked_mape : 0.1939856857061386
2025-02-20 18:39:40,540 - Evaluate on occhamburg_occupancy_short_term_forecasting:
2025-02-20 18:39:50,897 - masked_mae : 6.1049485206604
2025-02-20 18:39:50,912 - masked_rmse : 10.0757417678833
2025-02-20 18:39:50,940 - masked_mape : 0.5328181982040405
2025-02-20 18:39:50,940 - Evaluate on occhamburg_occupancy_long_term_forecasting:
2025-02-20 18:40:06,446 - masked_mae : 6.1199870109558105
2025-02-20 18:40:06,498 - masked_rmse : 10.069726943969727
2025-02-20 18:40:06,596 - masked_mape : 0.522953987121582
2025-02-20 18:40:06,597 - Evaluate on pemsbay_speed_short_term_forecasting:
2025-02-20 18:40:25,085 - masked_mae : 2.3341071605682373
2025-02-20 18:40:25,119 - masked_rmse : 4.674741268157959
2025-02-20 18:40:25,185 - masked_mape : 0.05516614019870758
2025-02-20 18:40:25,185 - Evaluate on pemsbay_speed_long_term_forecasting:
2025-02-20 18:40:56,170 - masked_mae : 3.4142513275146484
2025-02-20 18:40:56,292 - masked_rmse : 6.374040126800537
2025-02-20 18:40:56,527 - masked_mape : 0.07906041294336319
2025-02-20 18:40:56,527 - Evaluate on metrla_speed_short_term_forecasting:
2025-02-20 18:41:07,648 - masked_mae : 5.075342178344727
2025-02-20 18:41:07,665 - masked_rmse : 9.461006164550781
2025-02-20 18:41:07,697 - masked_mape : 0.13055652379989624
2025-02-20 18:41:07,697 - Evaluate on metrla_speed_long_term_forecasting:
2025-02-20 18:41:24,712 - masked_mae : 6.599921703338623
2025-02-20 18:41:24,771 - masked_rmse : 11.401793479919434
2025-02-20 18:41:24,883 - masked_mape : 0.16992159187793732
2025-02-20 18:41:24,883 - Evaluate on trafficsh_speed_short_term_forecasting:
2025-02-20 18:41:35,511 - masked_mae : 0.6225029230117798
2025-02-20 18:41:35,527 - masked_rmse : 0.9225680232048035
2025-02-20 18:41:35,556 - masked_mape : 0.06952504068613052
2025-02-20 18:41:35,556 - Evaluate on trafficsh_speed_long_term_forecasting:
2025-02-20 18:41:51,537 - masked_mae : 0.6719929575920105
2025-02-20 18:41:51,591 - masked_rmse : 1.0163077116012573
2025-02-20 18:41:51,693 - masked_mape : 0.08247531950473785
2025-02-20 18:41:51,693 - Evaluate on bikenyc_inflow_short_term_forecasting:
2025-02-20 18:41:59,614 - masked_mae : 1.012851357460022
2025-02-20 18:41:59,623 - masked_rmse : 3.5480692386627197
2025-02-20 18:41:59,640 - masked_mape : 0.35762646794319153
2025-02-20 18:41:59,640 - Evaluate on bikenyc_inflow_long_term_forecasting:
2025-02-20 18:42:10,467 - masked_mae : 1.1754276752471924
2025-02-20 18:42:10,497 - masked_rmse : 4.257320880889893
2025-02-20 18:42:10,555 - masked_mape : 0.39265164732933044
2025-02-20 18:42:10,555 - Evaluate on taxinyc_inflow_short_term_forecasting:
2025-02-20 18:42:18,445 - masked_mae : 6.026605129241943
2025-02-20 18:42:18,454 - masked_rmse : 17.692367553710938
2025-02-20 18:42:18,471 - masked_mape : 0.4233861267566681
2025-02-20 18:42:18,471 - Evaluate on taxinyc_inflow_long_term_forecasting:
2025-02-20 18:42:29,327 - masked_mae : 6.5923614501953125
2025-02-20 18:42:29,357 - masked_rmse : 21.01534080505371
2025-02-20 18:42:29,415 - masked_mape : 0.46077895164489746
2025-02-20 18:42:29,415 - Evaluate on tdrive_inflow_short_term_forecasting:
2025-02-20 18:42:59,544 - masked_mae : 14.741473197937012
2025-02-20 18:42:59,605 - masked_rmse : 30.092512130737305
2025-02-20 18:42:59,723 - masked_mape : 0.25891411304473877
2025-02-20 18:42:59,724 - Evaluate on tdrive_inflow_long_term_forecasting:
2025-02-20 18:43:52,358 - masked_mae : 17.49254035949707
2025-02-20 18:43:52,580 - masked_rmse : 34.70951843261719
2025-02-20 18:43:53,005 - masked_mape : 0.30106091499328613
2025-02-20 18:43:53,005 - ************************************************************   Imputation Task   ************************************************************
2025-02-20 18:43:53,005 - Evaluate on pems03_flow_point_imputation:
2025-02-20 18:43:58,038 - masked_mae : 71.5108413696289
2025-02-20 18:43:58,042 - masked_rmse : 98.55712127685547
2025-02-20 18:43:58,044 - masked_mre : 0.44189685583114624
2025-02-20 18:43:58,044 - Evaluate on pems03_flow_block_imputation:
2025-02-20 18:44:03,038 - masked_mae : 100.96343994140625
2025-02-20 18:44:03,039 - masked_rmse : 131.92083740234375
2025-02-20 18:44:03,042 - masked_mre : 0.6249966621398926
2025-02-20 18:44:03,042 - Evaluate on pems04_flow_point_imputation:
2025-02-20 18:44:07,885 - masked_mae : 74.65060424804688
2025-02-20 18:44:07,887 - masked_rmse : 105.7985610961914
2025-02-20 18:44:07,889 - masked_mre : 0.3711303770542145
2025-02-20 18:44:07,889 - Evaluate on pems04_flow_block_imputation:
2025-02-20 18:44:12,747 - masked_mae : 110.92788696289062
2025-02-20 18:44:12,748 - masked_rmse : 142.9983367919922
2025-02-20 18:44:12,750 - masked_mre : 0.553230345249176
2025-02-20 18:44:12,750 - Evaluate on pems07_flow_point_imputation:
2025-02-20 18:44:18,328 - masked_mae : 102.72453308105469
2025-02-20 18:44:18,330 - masked_rmse : 129.30279541015625
2025-02-20 18:44:18,345 - masked_mre : 0.3404654562473297
2025-02-20 18:44:18,345 - Evaluate on pems07_flow_block_imputation:
2025-02-20 18:44:23,939 - masked_mae : 180.91909790039062
2025-02-20 18:44:23,941 - masked_rmse : 211.18199157714844
2025-02-20 18:44:23,946 - masked_mre : 0.5987623929977417
2025-02-20 18:44:23,946 - Evaluate on pems08_flow_point_imputation:
2025-02-20 18:44:28,667 - masked_mae : 69.05354309082031
2025-02-20 18:44:28,668 - masked_rmse : 92.9363784790039
2025-02-20 18:44:28,670 - masked_mre : 0.33694392442703247
2025-02-20 18:44:28,670 - Evaluate on pems08_flow_block_imputation:
2025-02-20 18:44:33,392 - masked_mae : 120.37779235839844
2025-02-20 18:44:33,393 - masked_rmse : 147.1260528564453
2025-02-20 18:44:33,394 - masked_mre : 0.5879086852073669
2025-02-20 18:44:33,403 - Evaluate on pemsbay_speed_point_imputation:
2025-02-20 18:44:38,705 - masked_mae : 12.901383399963379
2025-02-20 18:44:38,721 - masked_rmse : 14.781492233276367
2025-02-20 18:44:38,741 - masked_mre : 0.21341201663017273
2025-02-20 18:44:38,741 - Evaluate on pemsbay_speed_block_imputation:
2025-02-20 18:44:44,056 - masked_mae : 34.408721923828125
2025-02-20 18:44:44,058 - masked_rmse : 35.58446502685547
2025-02-20 18:44:44,061 - masked_mre : 0.5694280862808228
2025-02-20 18:44:44,061 - Evaluate on metrla_speed_point_imputation:
2025-02-20 18:44:48,982 - masked_mae : 14.368017196655273
2025-02-20 18:44:48,983 - masked_rmse : 18.70583724975586
2025-02-20 18:44:48,986 - masked_mre : 0.3028707504272461
2025-02-20 18:44:48,986 - Evaluate on metrla_speed_block_imputation:
2025-02-20 18:44:53,901 - masked_mae : 28.729732513427734
2025-02-20 18:44:53,902 - masked_rmse : 33.38665771484375
2025-02-20 18:44:53,905 - masked_mre : 0.6327292919158936
2025-02-20 18:45:28,883 - [Epoch 10] Pretrain Loss: 23.5534
2025-02-20 18:45:28,884 - ************************************************************   Forecasting Task   ************************************************************
2025-02-20 18:45:28,884 - Evaluate on pems03_flow_short_term_forecasting:
2025-02-20 18:45:41,527 - masked_mae : 16.82570457458496
2025-02-20 18:45:41,547 - masked_rmse : 27.27840232849121
2025-02-20 18:45:41,585 - masked_mape : 0.17748767137527466
2025-02-20 18:45:41,586 - Evaluate on pems03_flow_long_term_forecasting:
2025-02-20 18:46:01,251 - masked_mae : 19.005033493041992
2025-02-20 18:46:01,322 - masked_rmse : 30.33006477355957
2025-02-20 18:46:01,458 - masked_mape : 0.2116146832704544
2025-02-20 18:46:01,458 - Evaluate on pems04_flow_short_term_forecasting:
2025-02-20 18:46:10,660 - masked_mae : 22.52907371520996
2025-02-20 18:46:10,672 - masked_rmse : 36.53419876098633
2025-02-20 18:46:10,694 - masked_mape : 0.16460897028446198
2025-02-20 18:46:10,695 - Evaluate on pems04_flow_long_term_forecasting:
2025-02-20 18:46:23,941 - masked_mae : 26.587167739868164
2025-02-20 18:46:23,982 - masked_rmse : 42.18635940551758
2025-02-20 18:46:24,061 - masked_mape : 0.2093781977891922
2025-02-20 18:46:24,061 - Evaluate on pems07_flow_short_term_forecasting:
2025-02-20 18:46:49,153 - masked_mae : 27.72442054748535
2025-02-20 18:46:49,203 - masked_rmse : 41.905860900878906
2025-02-20 18:46:49,298 - masked_mape : 0.15341265499591827
2025-02-20 18:46:49,299 - Evaluate on pems07_flow_long_term_forecasting:
2025-02-20 18:47:32,365 - masked_mae : 33.34806442260742
2025-02-20 18:47:32,544 - masked_rmse : 49.45278549194336
2025-02-20 18:47:32,886 - masked_mape : 0.18047000467777252
2025-02-20 18:47:32,886 - Evaluate on pems08_flow_short_term_forecasting:
2025-02-20 18:47:40,295 - masked_mae : 17.955257415771484
2025-02-20 18:47:40,303 - masked_rmse : 28.730100631713867
2025-02-20 18:47:40,317 - masked_mape : 0.19355301558971405
2025-02-20 18:47:40,317 - Evaluate on pems08_flow_long_term_forecasting:
2025-02-20 18:47:50,181 - masked_mae : 20.495853424072266
2025-02-20 18:47:50,207 - masked_rmse : 32.33415603637695
2025-02-20 18:47:50,255 - masked_mape : 0.20191925764083862
2025-02-20 18:47:50,255 - Evaluate on occpairs_occupancy_short_term_forecasting:
2025-02-20 18:48:05,948 - masked_mae : 0.8656821846961975
2025-02-20 18:48:05,975 - masked_rmse : 2.160625696182251
2025-02-20 18:48:06,028 - masked_mape : 0.16520459949970245
2025-02-20 18:48:06,028 - Evaluate on occpairs_occupancy_long_term_forecasting:
2025-02-20 18:48:31,626 - masked_mae : 1.0188941955566406
2025-02-20 18:48:31,724 - masked_rmse : 2.399383783340454
2025-02-20 18:48:31,912 - masked_mape : 0.19191370904445648
2025-02-20 18:48:31,912 - Evaluate on occhamburg_occupancy_short_term_forecasting:
2025-02-20 18:48:42,298 - masked_mae : 6.163810729980469
2025-02-20 18:48:42,313 - masked_rmse : 10.172959327697754
2025-02-20 18:48:42,341 - masked_mape : 0.5402986407279968
2025-02-20 18:48:42,341 - Evaluate on occhamburg_occupancy_long_term_forecasting:
2025-02-20 18:48:57,786 - masked_mae : 6.090905666351318
2025-02-20 18:48:57,838 - masked_rmse : 10.053603172302246
2025-02-20 18:48:57,936 - masked_mape : 0.5204576849937439
2025-02-20 18:48:57,937 - Evaluate on pemsbay_speed_short_term_forecasting:
2025-02-20 18:49:16,439 - masked_mae : 2.293529748916626
2025-02-20 18:49:16,473 - masked_rmse : 4.655963897705078
2025-02-20 18:49:16,539 - masked_mape : 0.05404810979962349
2025-02-20 18:49:16,539 - Evaluate on pemsbay_speed_long_term_forecasting:
2025-02-20 18:49:47,538 - masked_mae : 3.3784267902374268
2025-02-20 18:49:47,660 - masked_rmse : 6.36687707901001
2025-02-20 18:49:47,895 - masked_mape : 0.07803740352392197
2025-02-20 18:49:47,896 - Evaluate on metrla_speed_short_term_forecasting:
2025-02-20 18:49:59,098 - masked_mae : 4.969919204711914
2025-02-20 18:49:59,115 - masked_rmse : 9.4201078414917
2025-02-20 18:49:59,146 - masked_mape : 0.12815260887145996
2025-02-20 18:49:59,147 - Evaluate on metrla_speed_long_term_forecasting:
2025-02-20 18:50:16,196 - masked_mae : 6.446508884429932
2025-02-20 18:50:16,254 - masked_rmse : 11.289538383483887
2025-02-20 18:50:16,367 - masked_mape : 0.16714882850646973
2025-02-20 18:50:16,367 - Evaluate on trafficsh_speed_short_term_forecasting:
2025-02-20 18:50:27,016 - masked_mae : 0.578406810760498
2025-02-20 18:50:27,031 - masked_rmse : 0.8821613788604736
2025-02-20 18:50:27,061 - masked_mape : 0.06625280529260635
2025-02-20 18:50:27,061 - Evaluate on trafficsh_speed_long_term_forecasting:
2025-02-20 18:50:42,960 - masked_mae : 0.624830424785614
2025-02-20 18:50:43,014 - masked_rmse : 0.97735995054245
2025-02-20 18:50:43,116 - masked_mape : 0.07904279232025146
2025-02-20 18:50:43,117 - Evaluate on bikenyc_inflow_short_term_forecasting:
2025-02-20 18:50:51,038 - masked_mae : 1.0373226404190063
2025-02-20 18:50:51,047 - masked_rmse : 3.571881055831909
2025-02-20 18:50:51,064 - masked_mape : 0.3686821460723877
2025-02-20 18:50:51,064 - Evaluate on bikenyc_inflow_long_term_forecasting:
2025-02-20 18:51:01,900 - masked_mae : 1.1526161432266235
2025-02-20 18:51:01,930 - masked_rmse : 4.133600234985352
2025-02-20 18:51:01,988 - masked_mape : 0.39167070388793945
2025-02-20 18:51:01,988 - Evaluate on taxinyc_inflow_short_term_forecasting:
2025-02-20 18:51:09,899 - masked_mae : 6.293348789215088
2025-02-20 18:51:09,908 - masked_rmse : 17.827007293701172
2025-02-20 18:51:09,925 - masked_mape : 0.46066856384277344
2025-02-20 18:51:09,925 - Evaluate on taxinyc_inflow_long_term_forecasting:
2025-02-20 18:51:20,761 - masked_mae : 6.455503940582275
2025-02-20 18:51:20,791 - masked_rmse : 20.368928909301758
2025-02-20 18:51:20,849 - masked_mape : 0.4478565752506256
2025-02-20 18:51:20,849 - Evaluate on tdrive_inflow_short_term_forecasting:
2025-02-20 18:51:50,944 - masked_mae : 15.25412368774414
2025-02-20 18:51:51,006 - masked_rmse : 31.038610458374023
2025-02-20 18:51:51,124 - masked_mape : 0.2750779390335083
2025-02-20 18:51:51,125 - Evaluate on tdrive_inflow_long_term_forecasting:
2025-02-20 18:52:43,778 - masked_mae : 17.01478385925293
2025-02-20 18:52:43,999 - masked_rmse : 33.74732971191406
2025-02-20 18:52:44,425 - masked_mape : 0.2868833839893341
2025-02-20 18:52:44,425 - ************************************************************   Imputation Task   ************************************************************
2025-02-20 18:52:44,425 - Evaluate on pems03_flow_point_imputation:
2025-02-20 18:52:49,430 - masked_mae : 68.83846282958984
2025-02-20 18:52:49,433 - masked_rmse : 95.36300659179688
2025-02-20 18:52:49,436 - masked_mre : 0.4252227544784546
2025-02-20 18:52:49,436 - Evaluate on pems03_flow_block_imputation:
2025-02-20 18:52:54,440 - masked_mae : 96.56663513183594
2025-02-20 18:52:54,442 - masked_rmse : 126.51301574707031
2025-02-20 18:52:54,444 - masked_mre : 0.5975970029830933
2025-02-20 18:52:54,444 - Evaluate on pems04_flow_point_imputation:
2025-02-20 18:52:59,268 - masked_mae : 73.56328582763672
2025-02-20 18:52:59,269 - masked_rmse : 105.53958129882812
2025-02-20 18:52:59,271 - masked_mre : 0.3654276728630066
2025-02-20 18:52:59,271 - Evaluate on pems04_flow_block_imputation:
2025-02-20 18:53:04,069 - masked_mae : 104.37330627441406
2025-02-20 18:53:04,070 - masked_rmse : 135.57888793945312
2025-02-20 18:53:04,072 - masked_mre : 0.5203292369842529
2025-02-20 18:53:04,072 - Evaluate on pems07_flow_point_imputation:
2025-02-20 18:53:09,640 - masked_mae : 97.74597930908203
2025-02-20 18:53:09,651 - masked_rmse : 125.0258560180664
2025-02-20 18:53:09,679 - masked_mre : 0.323945015668869
2025-02-20 18:53:09,679 - Evaluate on pems07_flow_block_imputation:
2025-02-20 18:53:15,221 - masked_mae : 168.1144561767578
2025-02-20 18:53:15,234 - masked_rmse : 196.49771118164062
2025-02-20 18:53:15,253 - masked_mre : 0.5562910437583923
2025-02-20 18:53:15,254 - Evaluate on pems08_flow_point_imputation:
2025-02-20 18:53:19,975 - masked_mae : 65.37328338623047
2025-02-20 18:53:19,976 - masked_rmse : 89.69029998779297
2025-02-20 18:53:19,977 - masked_mre : 0.31903326511383057
2025-02-20 18:53:19,982 - Evaluate on pems08_flow_block_imputation:
2025-02-20 18:53:24,720 - masked_mae : 110.36328125
2025-02-20 18:53:24,721 - masked_rmse : 134.91566467285156
2025-02-20 18:53:24,723 - masked_mre : 0.5388703942298889
2025-02-20 18:53:24,723 - Evaluate on pemsbay_speed_point_imputation:
2025-02-20 18:53:30,039 - masked_mae : 12.214655876159668
2025-02-20 18:53:30,048 - masked_rmse : 14.253052711486816
2025-02-20 18:53:30,064 - masked_mre : 0.20204713940620422
2025-02-20 18:53:30,069 - Evaluate on pemsbay_speed_block_imputation:
2025-02-20 18:53:35,364 - masked_mae : 33.694515228271484
2025-02-20 18:53:35,366 - masked_rmse : 34.897682189941406
2025-02-20 18:53:35,369 - masked_mre : 0.5576050877571106
2025-02-20 18:53:35,369 - Evaluate on metrla_speed_point_imputation:
2025-02-20 18:53:40,288 - masked_mae : 13.80721378326416
2025-02-20 18:53:40,290 - masked_rmse : 18.365283966064453
2025-02-20 18:53:40,292 - masked_mre : 0.2886883616447449
2025-02-20 18:53:40,292 - Evaluate on metrla_speed_block_imputation:
2025-02-20 18:53:45,208 - masked_mae : 28.053173065185547
2025-02-20 18:53:45,210 - masked_rmse : 32.72370529174805
2025-02-20 18:53:45,212 - masked_mre : 0.6160356402397156
2025-02-20 18:54:20,178 - [Epoch 11] Pretrain Loss: 23.4093
2025-02-20 18:54:20,179 - ************************************************************   Forecasting Task   ************************************************************
2025-02-20 18:54:20,179 - Evaluate on pems03_flow_short_term_forecasting:
2025-02-20 18:54:32,817 - masked_mae : 17.720712661743164
2025-02-20 18:54:32,837 - masked_rmse : 28.47115135192871
2025-02-20 18:54:32,875 - masked_mape : 0.1805271953344345
2025-02-20 18:54:32,875 - Evaluate on pems03_flow_long_term_forecasting:
2025-02-20 18:54:52,564 - masked_mae : 19.2515811920166
2025-02-20 18:54:52,635 - masked_rmse : 30.51984214782715
2025-02-20 18:54:52,772 - masked_mape : 0.19982169568538666
2025-02-20 18:54:52,772 - Evaluate on pems04_flow_short_term_forecasting:
2025-02-20 18:55:01,972 - masked_mae : 23.60506248474121
2025-02-20 18:55:01,984 - masked_rmse : 37.94148635864258
2025-02-20 18:55:02,007 - masked_mape : 0.16733603179454803
2025-02-20 18:55:02,007 - Evaluate on pems04_flow_long_term_forecasting:
2025-02-20 18:55:15,186 - masked_mae : 26.726289749145508
2025-02-20 18:55:15,227 - masked_rmse : 42.414283752441406
2025-02-20 18:55:15,305 - masked_mape : 0.19439846277236938
2025-02-20 18:55:15,306 - Evaluate on pems07_flow_short_term_forecasting:
2025-02-20 18:55:40,328 - masked_mae : 29.225746154785156
2025-02-20 18:55:40,378 - masked_rmse : 43.7763786315918
2025-02-20 18:55:40,473 - masked_mape : 0.15396390855312347
2025-02-20 18:55:40,474 - Evaluate on pems07_flow_long_term_forecasting:
2025-02-20 18:56:23,619 - masked_mae : 33.4359245300293
2025-02-20 18:56:23,798 - masked_rmse : 49.60565185546875
2025-02-20 18:56:24,140 - masked_mape : 0.16953857243061066
2025-02-20 18:56:24,140 - Evaluate on pems08_flow_short_term_forecasting:
2025-02-20 18:56:31,525 - masked_mae : 19.04335594177246
2025-02-20 18:56:31,533 - masked_rmse : 30.138376235961914
2025-02-20 18:56:31,547 - masked_mape : 0.19310541450977325
2025-02-20 18:56:31,547 - Evaluate on pems08_flow_long_term_forecasting:
2025-02-20 18:56:41,350 - masked_mae : 20.961484909057617
2025-02-20 18:56:41,376 - masked_rmse : 32.9393310546875
2025-02-20 18:56:41,424 - masked_mape : 0.1954174041748047
2025-02-20 18:56:41,425 - Evaluate on occpairs_occupancy_short_term_forecasting:
2025-02-20 18:56:57,212 - masked_mae : 0.9587242603302002
2025-02-20 18:56:57,240 - masked_rmse : 2.2801854610443115
2025-02-20 18:56:57,292 - masked_mape : 0.18857000768184662
2025-02-20 18:56:57,293 - Evaluate on occpairs_occupancy_long_term_forecasting:
2025-02-20 18:57:22,839 - masked_mae : 1.0401310920715332
2025-02-20 18:57:22,937 - masked_rmse : 2.395322561264038
2025-02-20 18:57:23,125 - masked_mape : 0.20009972155094147
2025-02-20 18:57:23,125 - Evaluate on occhamburg_occupancy_short_term_forecasting:
2025-02-20 18:57:33,485 - masked_mae : 6.465429782867432
2025-02-20 18:57:33,500 - masked_rmse : 10.43612289428711
2025-02-20 18:57:33,528 - masked_mape : 0.5867504477500916
2025-02-20 18:57:33,528 - Evaluate on occhamburg_occupancy_long_term_forecasting:
2025-02-20 18:57:49,044 - masked_mae : 6.220421314239502
2025-02-20 18:57:49,096 - masked_rmse : 10.148125648498535
2025-02-20 18:57:49,194 - masked_mape : 0.5380372405052185
2025-02-20 18:57:49,195 - Evaluate on pemsbay_speed_short_term_forecasting:
2025-02-20 18:58:10,179 - masked_mae : 2.3177871704101562
2025-02-20 18:58:10,213 - masked_rmse : 4.643259048461914
2025-02-20 18:58:10,278 - masked_mape : 0.053922221064567566
2025-02-20 18:58:10,279 - Evaluate on pemsbay_speed_long_term_forecasting:
2025-02-20 18:58:41,294 - masked_mae : 3.3222601413726807
2025-02-20 18:58:41,417 - masked_rmse : 6.2613701820373535
2025-02-20 18:58:41,652 - masked_mape : 0.07630672305822372
2025-02-20 18:58:41,652 - Evaluate on metrla_speed_short_term_forecasting:
2025-02-20 18:58:52,867 - masked_mae : 5.084434986114502
2025-02-20 18:58:52,884 - masked_rmse : 9.489455223083496
2025-02-20 18:58:52,915 - masked_mape : 0.12943705916404724
2025-02-20 18:58:52,916 - Evaluate on metrla_speed_long_term_forecasting:
2025-02-20 18:59:09,924 - masked_mae : 6.4724602699279785
2025-02-20 18:59:09,982 - masked_rmse : 11.215523719787598
2025-02-20 18:59:10,094 - masked_mape : 0.1655646711587906
2025-02-20 18:59:10,095 - Evaluate on trafficsh_speed_short_term_forecasting:
2025-02-20 18:59:20,746 - masked_mae : 0.655245840549469
2025-02-20 18:59:20,762 - masked_rmse : 0.9371892809867859
2025-02-20 18:59:20,791 - masked_mape : 0.07647647708654404
2025-02-20 18:59:20,792 - Evaluate on trafficsh_speed_long_term_forecasting:
2025-02-20 18:59:36,738 - masked_mae : 0.6968250274658203
2025-02-20 18:59:36,792 - masked_rmse : 1.0292351245880127
2025-02-20 18:59:36,895 - masked_mape : 0.08621955662965775
2025-02-20 18:59:36,895 - Evaluate on bikenyc_inflow_short_term_forecasting:
2025-02-20 18:59:44,812 - masked_mae : 1.1767562627792358
2025-02-20 18:59:44,821 - masked_rmse : 3.778407096862793
2025-02-20 18:59:44,838 - masked_mape : 0.42909732460975647
2025-02-20 18:59:44,838 - Evaluate on bikenyc_inflow_long_term_forecasting:
2025-02-20 18:59:55,687 - masked_mae : 1.196682095527649
2025-02-20 18:59:55,717 - masked_rmse : 4.066912651062012
2025-02-20 18:59:55,775 - masked_mape : 0.41852089762687683
2025-02-20 18:59:55,775 - Evaluate on taxinyc_inflow_short_term_forecasting:
2025-02-20 19:00:03,711 - masked_mae : 7.803726673126221
2025-02-20 19:00:03,720 - masked_rmse : 19.65395164489746
2025-02-20 19:00:03,737 - masked_mape : 0.6750031113624573
2025-02-20 19:00:03,737 - Evaluate on taxinyc_inflow_long_term_forecasting:
2025-02-20 19:00:14,597 - masked_mae : 7.0653510093688965
2025-02-20 19:00:14,628 - masked_rmse : 19.862154006958008
2025-02-20 19:00:14,686 - masked_mape : 0.5624900460243225
2025-02-20 19:00:14,686 - Evaluate on tdrive_inflow_short_term_forecasting:
2025-02-20 19:00:44,791 - masked_mae : 18.54701805114746
2025-02-20 19:00:44,852 - masked_rmse : 34.63970947265625
2025-02-20 19:00:44,970 - masked_mape : 0.426559716463089
2025-02-20 19:00:44,971 - Evaluate on tdrive_inflow_long_term_forecasting:
2025-02-20 19:01:37,553 - masked_mae : 17.830623626708984
2025-02-20 19:01:37,774 - masked_rmse : 33.898738861083984
2025-02-20 19:01:38,200 - masked_mape : 0.37389707565307617
2025-02-20 19:01:38,200 - ************************************************************   Imputation Task   ************************************************************
2025-02-20 19:01:38,200 - Evaluate on pems03_flow_point_imputation:
2025-02-20 19:01:43,205 - masked_mae : 69.56226348876953
2025-02-20 19:01:43,206 - masked_rmse : 95.44892883300781
2025-02-20 19:01:43,210 - masked_mre : 0.42993083596229553
2025-02-20 19:01:43,216 - Evaluate on pems03_flow_block_imputation:
2025-02-20 19:01:48,219 - masked_mae : 99.08433532714844
2025-02-20 19:01:48,220 - masked_rmse : 129.8248748779297
2025-02-20 19:01:48,223 - masked_mre : 0.6134577989578247
2025-02-20 19:01:48,223 - Evaluate on pems04_flow_point_imputation:
2025-02-20 19:01:53,045 - masked_mae : 73.72006225585938
2025-02-20 19:01:53,046 - masked_rmse : 104.97711944580078
2025-02-20 19:01:53,048 - masked_mre : 0.366352379322052
2025-02-20 19:01:53,048 - Evaluate on pems04_flow_block_imputation:
2025-02-20 19:01:57,871 - masked_mae : 105.97862243652344
2025-02-20 19:01:57,872 - masked_rmse : 137.40711975097656
2025-02-20 19:01:57,874 - masked_mre : 0.5286343693733215
2025-02-20 19:01:57,875 - Evaluate on pems07_flow_point_imputation:
2025-02-20 19:02:03,433 - masked_mae : 100.25366973876953
2025-02-20 19:02:03,444 - masked_rmse : 126.42669677734375
2025-02-20 19:02:03,466 - masked_mre : 0.33237332105636597
2025-02-20 19:02:03,466 - Evaluate on pems07_flow_block_imputation:
2025-02-20 19:02:09,053 - masked_mae : 169.57179260253906
2025-02-20 19:02:09,055 - masked_rmse : 198.10626220703125
2025-02-20 19:02:09,059 - masked_mre : 0.5614152550697327
2025-02-20 19:02:09,059 - Evaluate on pems08_flow_point_imputation:
2025-02-20 19:02:13,808 - masked_mae : 66.8712158203125
2025-02-20 19:02:13,809 - masked_rmse : 90.11761474609375
2025-02-20 19:02:13,811 - masked_mre : 0.32648712396621704
2025-02-20 19:02:13,811 - Evaluate on pems08_flow_block_imputation:
2025-02-20 19:02:18,538 - masked_mae : 109.08505249023438
2025-02-20 19:02:18,539 - masked_rmse : 132.6426544189453
2025-02-20 19:02:18,541 - masked_mre : 0.5327554941177368
2025-02-20 19:02:18,541 - Evaluate on pemsbay_speed_point_imputation:
2025-02-20 19:02:23,855 - masked_mae : 13.662673950195312
2025-02-20 19:02:23,857 - masked_rmse : 15.567476272583008
2025-02-20 19:02:23,861 - masked_mre : 0.22600601613521576
2025-02-20 19:02:23,868 - Evaluate on pemsbay_speed_block_imputation:
2025-02-20 19:02:29,161 - masked_mae : 36.56411361694336
2025-02-20 19:02:29,164 - masked_rmse : 37.83126449584961
2025-02-20 19:02:29,179 - masked_mre : 0.605097234249115
2025-02-20 19:02:29,179 - Evaluate on metrla_speed_point_imputation:
2025-02-20 19:02:34,135 - masked_mae : 15.271096229553223
2025-02-20 19:02:34,136 - masked_rmse : 19.745256423950195
2025-02-20 19:02:34,140 - masked_mre : 0.3240249454975128
2025-02-20 19:02:34,140 - Evaluate on metrla_speed_block_imputation:
2025-02-20 19:02:39,060 - masked_mae : 30.005571365356445
2025-02-20 19:02:39,061 - masked_rmse : 35.03982162475586
2025-02-20 19:02:39,063 - masked_mre : 0.6615502834320068
2025-02-20 19:03:14,026 - [Epoch 12] Pretrain Loss: 23.2288
2025-02-20 19:03:14,026 - ************************************************************   Forecasting Task   ************************************************************
2025-02-20 19:03:14,026 - Evaluate on pems03_flow_short_term_forecasting:
2025-02-20 19:03:26,624 - masked_mae : 17.162399291992188
2025-02-20 19:03:26,644 - masked_rmse : 27.935190200805664
2025-02-20 19:03:26,682 - masked_mape : 0.18059439957141876
2025-02-20 19:03:26,683 - Evaluate on pems03_flow_long_term_forecasting:
2025-02-20 19:03:46,414 - masked_mae : 18.453859329223633
2025-02-20 19:03:46,485 - masked_rmse : 29.3278865814209
2025-02-20 19:03:46,621 - masked_mape : 0.21237850189208984
2025-02-20 19:03:46,621 - Evaluate on pems04_flow_short_term_forecasting:
2025-02-20 19:03:55,814 - masked_mae : 22.885339736938477
2025-02-20 19:03:55,826 - masked_rmse : 37.16670227050781
2025-02-20 19:03:55,849 - masked_mape : 0.16714948415756226
2025-02-20 19:03:55,849 - Evaluate on pems04_flow_long_term_forecasting:
2025-02-20 19:04:08,995 - masked_mae : 25.899301528930664
2025-02-20 19:04:09,036 - masked_rmse : 40.97835922241211
2025-02-20 19:04:09,115 - masked_mape : 0.20869581401348114
2025-02-20 19:04:09,115 - Evaluate on pems07_flow_short_term_forecasting:
2025-02-20 19:04:34,108 - masked_mae : 28.391374588012695
2025-02-20 19:04:34,158 - masked_rmse : 43.00120544433594
2025-02-20 19:04:34,253 - masked_mape : 0.1588469296693802
2025-02-20 19:04:34,253 - Evaluate on pems07_flow_long_term_forecasting:
2025-02-20 19:05:17,276 - masked_mae : 32.282615661621094
2025-02-20 19:05:17,454 - masked_rmse : 47.681392669677734
2025-02-20 19:05:17,796 - masked_mape : 0.18206851184368134
2025-02-20 19:05:17,797 - Evaluate on pems08_flow_short_term_forecasting:
2025-02-20 19:05:25,229 - masked_mae : 18.543004989624023
2025-02-20 19:05:25,237 - masked_rmse : 29.60021209716797
2025-02-20 19:05:25,251 - masked_mape : 0.20408356189727783
2025-02-20 19:05:25,252 - Evaluate on pems08_flow_long_term_forecasting:
2025-02-20 19:05:35,105 - masked_mae : 20.231096267700195
2025-02-20 19:05:35,131 - masked_rmse : 31.750267028808594
2025-02-20 19:05:35,179 - masked_mape : 0.21195940673351288
2025-02-20 19:05:35,180 - Evaluate on occpairs_occupancy_short_term_forecasting:
2025-02-20 19:05:50,951 - masked_mae : 0.8574002385139465
2025-02-20 19:05:50,978 - masked_rmse : 2.2125535011291504
2025-02-20 19:05:51,031 - masked_mape : 0.16007336974143982
2025-02-20 19:05:51,031 - Evaluate on occpairs_occupancy_long_term_forecasting:
2025-02-20 19:06:16,584 - masked_mae : 0.9864543080329895
2025-02-20 19:06:16,682 - masked_rmse : 2.35284161567688
2025-02-20 19:06:16,869 - masked_mape : 0.18576909601688385
2025-02-20 19:06:16,869 - Evaluate on occhamburg_occupancy_short_term_forecasting:
2025-02-20 19:06:27,302 - masked_mae : 6.1934494972229
2025-02-20 19:06:27,317 - masked_rmse : 10.316791534423828
2025-02-20 19:06:27,345 - masked_mape : 0.5341396331787109
2025-02-20 19:06:27,345 - Evaluate on occhamburg_occupancy_long_term_forecasting:
2025-02-20 19:06:42,849 - masked_mae : 6.038568019866943
2025-02-20 19:06:42,901 - masked_rmse : 10.010865211486816
2025-02-20 19:06:42,999 - masked_mape : 0.5129105448722839
2025-02-20 19:06:42,999 - Evaluate on pemsbay_speed_short_term_forecasting:
2025-02-20 19:07:01,468 - masked_mae : 2.260873556137085
2025-02-20 19:07:01,502 - masked_rmse : 4.603315353393555
2025-02-20 19:07:01,568 - masked_mape : 0.05365943908691406
2025-02-20 19:07:01,568 - Evaluate on pemsbay_speed_long_term_forecasting:
2025-02-20 19:07:32,480 - masked_mae : 3.2391793727874756
2025-02-20 19:07:32,602 - masked_rmse : 6.177340984344482
2025-02-20 19:07:32,837 - masked_mape : 0.07603853940963745
2025-02-20 19:07:32,837 - Evaluate on metrla_speed_short_term_forecasting:
2025-02-20 19:07:44,068 - masked_mae : 4.950876712799072
2025-02-20 19:07:44,085 - masked_rmse : 9.433854103088379
2025-02-20 19:07:44,117 - masked_mape : 0.12758569419384003
2025-02-20 19:07:44,117 - Evaluate on metrla_speed_long_term_forecasting:
2025-02-20 19:08:01,223 - masked_mae : 6.290081024169922
2025-02-20 19:08:01,282 - masked_rmse : 11.08685302734375
2025-02-20 19:08:01,394 - masked_mape : 0.16371579468250275
2025-02-20 19:08:01,394 - Evaluate on trafficsh_speed_short_term_forecasting:
2025-02-20 19:08:12,098 - masked_mae : 0.6111834049224854
2025-02-20 19:08:12,114 - masked_rmse : 0.913861095905304
2025-02-20 19:08:12,143 - masked_mape : 0.06864945590496063
2025-02-20 19:08:12,144 - Evaluate on trafficsh_speed_long_term_forecasting:
2025-02-20 19:08:28,064 - masked_mae : 0.6512800455093384
2025-02-20 19:08:28,118 - masked_rmse : 0.9994592070579529
2025-02-20 19:08:28,221 - masked_mape : 0.07922372967004776
2025-02-20 19:08:28,221 - Evaluate on bikenyc_inflow_short_term_forecasting:
2025-02-20 19:08:36,161 - masked_mae : 1.0220226049423218
2025-02-20 19:08:36,170 - masked_rmse : 3.633526563644409
2025-02-20 19:08:36,187 - masked_mape : 0.3599627912044525
2025-02-20 19:08:36,187 - Evaluate on bikenyc_inflow_long_term_forecasting:
2025-02-20 19:08:47,036 - masked_mae : 1.098405122756958
2025-02-20 19:08:47,067 - masked_rmse : 3.9309940338134766
2025-02-20 19:08:47,125 - masked_mape : 0.37819650769233704
2025-02-20 19:08:47,125 - Evaluate on taxinyc_inflow_short_term_forecasting:
2025-02-20 19:08:55,013 - masked_mae : 6.017059803009033
2025-02-20 19:08:55,022 - masked_rmse : 18.04693031311035
2025-02-20 19:08:55,039 - masked_mape : 0.40608474612236023
2025-02-20 19:08:55,039 - Evaluate on taxinyc_inflow_long_term_forecasting:
2025-02-20 19:09:05,907 - masked_mae : 6.027062892913818
2025-02-20 19:09:05,938 - masked_rmse : 19.095348358154297
2025-02-20 19:09:05,996 - masked_mape : 0.4241985082626343
2025-02-20 19:09:05,996 - Evaluate on tdrive_inflow_short_term_forecasting:
2025-02-20 19:09:36,046 - masked_mae : 15.373682975769043
2025-02-20 19:09:36,107 - masked_rmse : 32.55759811401367
2025-02-20 19:09:36,225 - masked_mape : 0.24302555620670319
2025-02-20 19:09:36,226 - Evaluate on tdrive_inflow_long_term_forecasting:
2025-02-20 19:10:28,821 - masked_mae : 16.279836654663086
2025-02-20 19:10:29,043 - masked_rmse : 32.42941665649414
2025-02-20 19:10:29,468 - masked_mape : 0.272583931684494
2025-02-20 19:10:29,469 - ************************************************************   Imputation Task   ************************************************************
2025-02-20 19:10:29,469 - Evaluate on pems03_flow_point_imputation:
2025-02-20 19:10:34,503 - masked_mae : 61.48915100097656
2025-02-20 19:10:34,504 - masked_rmse : 85.59994506835938
2025-02-20 19:10:34,508 - masked_mre : 0.38011735677719116
2025-02-20 19:10:34,514 - Evaluate on pems03_flow_block_imputation:
2025-02-20 19:10:39,540 - masked_mae : 89.70127868652344
2025-02-20 19:10:39,541 - masked_rmse : 119.3293685913086
2025-02-20 19:10:39,543 - masked_mre : 0.5555218458175659
2025-02-20 19:10:39,544 - Evaluate on pems04_flow_point_imputation:
2025-02-20 19:10:44,376 - masked_mae : 66.89573669433594
2025-02-20 19:10:44,377 - masked_rmse : 97.27509307861328
2025-02-20 19:10:44,379 - masked_mre : 0.33217138051986694
2025-02-20 19:10:44,379 - Evaluate on pems04_flow_block_imputation:
2025-02-20 19:10:49,240 - masked_mae : 96.7318115234375
2025-02-20 19:10:49,241 - masked_rmse : 127.27864074707031
2025-02-20 19:10:49,243 - masked_mre : 0.4826698899269104
2025-02-20 19:10:49,243 - Evaluate on pems07_flow_point_imputation:
2025-02-20 19:10:54,855 - masked_mae : 89.73729705810547
2025-02-20 19:10:54,857 - masked_rmse : 114.81134796142578
2025-02-20 19:10:54,866 - masked_mre : 0.29733970761299133
2025-02-20 19:10:54,866 - Evaluate on pems07_flow_block_imputation:
2025-02-20 19:11:00,430 - masked_mae : 155.3689422607422
2025-02-20 19:11:00,432 - masked_rmse : 183.03111267089844
2025-02-20 19:11:00,436 - masked_mre : 0.5145760178565979
2025-02-20 19:11:00,436 - Evaluate on pems08_flow_point_imputation:
2025-02-20 19:11:05,515 - masked_mae : 59.9102897644043
2025-02-20 19:11:05,517 - masked_rmse : 81.95803833007812
2025-02-20 19:11:05,518 - masked_mre : 0.2926126718521118
2025-02-20 19:11:05,519 - Evaluate on pems08_flow_block_imputation:
2025-02-20 19:11:10,439 - masked_mae : 100.34111785888672
2025-02-20 19:11:10,440 - masked_rmse : 122.88990783691406
2025-02-20 19:11:10,442 - masked_mre : 0.4901382029056549
2025-02-20 19:11:10,442 - Evaluate on pemsbay_speed_point_imputation:
2025-02-20 19:11:15,811 - masked_mae : 11.947802543640137
2025-02-20 19:11:15,822 - masked_rmse : 13.939342498779297
2025-02-20 19:11:15,830 - masked_mre : 0.19762885570526123
2025-02-20 19:11:15,831 - Evaluate on pemsbay_speed_block_imputation:
2025-02-20 19:11:21,138 - masked_mae : 33.40364074707031
2025-02-20 19:11:21,139 - masked_rmse : 34.689002990722656
2025-02-20 19:11:21,143 - masked_mre : 0.5527867078781128
2025-02-20 19:11:21,143 - Evaluate on metrla_speed_point_imputation:
2025-02-20 19:11:26,084 - masked_mae : 13.816527366638184
2025-02-20 19:11:26,087 - masked_rmse : 18.325122833251953
2025-02-20 19:11:26,089 - masked_mre : 0.28892362117767334
2025-02-20 19:11:26,095 - Evaluate on metrla_speed_block_imputation:
2025-02-20 19:11:31,047 - masked_mae : 27.656963348388672
2025-02-20 19:11:31,048 - masked_rmse : 32.491249084472656
2025-02-20 19:11:31,050 - masked_mre : 0.6079463362693787
2025-02-20 19:12:06,023 - [Epoch 13] Pretrain Loss: 23.0987
2025-02-20 19:12:06,024 - ************************************************************   Forecasting Task   ************************************************************
2025-02-20 19:12:06,024 - Evaluate on pems03_flow_short_term_forecasting:
2025-02-20 19:12:18,600 - masked_mae : 17.362882614135742
2025-02-20 19:12:18,620 - masked_rmse : 28.273523330688477
2025-02-20 19:12:18,658 - masked_mape : 0.17487424612045288
2025-02-20 19:12:18,659 - Evaluate on pems03_flow_long_term_forecasting:
2025-02-20 19:12:38,326 - masked_mae : 18.423843383789062
2025-02-20 19:12:38,397 - masked_rmse : 29.33075523376465
2025-02-20 19:12:38,533 - masked_mape : 0.20839114487171173
2025-02-20 19:12:38,534 - Evaluate on pems04_flow_short_term_forecasting:
2025-02-20 19:12:47,754 - masked_mae : 23.022497177124023
2025-02-20 19:12:47,766 - masked_rmse : 37.45475387573242
2025-02-20 19:12:47,789 - masked_mape : 0.16691982746124268
2025-02-20 19:12:47,789 - Evaluate on pems04_flow_long_term_forecasting:
2025-02-20 19:13:00,900 - masked_mae : 25.72834014892578
2025-02-20 19:13:00,942 - masked_rmse : 40.82761001586914
2025-02-20 19:13:01,020 - masked_mape : 0.2084115743637085
2025-02-20 19:13:01,020 - Evaluate on pems07_flow_short_term_forecasting:
2025-02-20 19:13:26,036 - masked_mae : 28.330923080444336
2025-02-20 19:13:26,086 - masked_rmse : 42.96615219116211
2025-02-20 19:13:26,181 - masked_mape : 0.14917869865894318
2025-02-20 19:13:26,182 - Evaluate on pems07_flow_long_term_forecasting:
2025-02-20 19:14:09,381 - masked_mae : 31.928421020507812
2025-02-20 19:14:09,560 - masked_rmse : 47.478641510009766
2025-02-20 19:14:09,902 - masked_mape : 0.17831803858280182
2025-02-20 19:14:09,902 - Evaluate on pems08_flow_short_term_forecasting:
2025-02-20 19:14:17,295 - masked_mae : 18.50787353515625
2025-02-20 19:14:17,302 - masked_rmse : 29.652307510375977
2025-02-20 19:14:17,317 - masked_mape : 0.18055839836597443
2025-02-20 19:14:17,317 - Evaluate on pems08_flow_long_term_forecasting:
2025-02-20 19:14:27,162 - masked_mae : 19.87962532043457
2025-02-20 19:14:27,187 - masked_rmse : 31.510236740112305
2025-02-20 19:14:27,236 - masked_mape : 0.20428067445755005
2025-02-20 19:14:27,236 - Evaluate on occpairs_occupancy_short_term_forecasting:
2025-02-20 19:14:42,920 - masked_mae : 0.8481186032295227
2025-02-20 19:14:42,948 - masked_rmse : 2.1931874752044678
2025-02-20 19:14:43,000 - masked_mape : 0.16123415529727936
2025-02-20 19:14:43,001 - Evaluate on occpairs_occupancy_long_term_forecasting:
2025-02-20 19:15:08,647 - masked_mae : 0.9819758534431458
2025-02-20 19:15:08,745 - masked_rmse : 2.317805290222168
2025-02-20 19:15:08,932 - masked_mape : 0.19114893674850464
2025-02-20 19:15:08,933 - Evaluate on occhamburg_occupancy_short_term_forecasting:
2025-02-20 19:15:19,322 - masked_mae : 6.248776912689209
2025-02-20 19:15:19,337 - masked_rmse : 10.4454984664917
2025-02-20 19:15:19,365 - masked_mape : 0.5418267846107483
2025-02-20 19:15:19,365 - Evaluate on occhamburg_occupancy_long_term_forecasting:
2025-02-20 19:15:34,836 - masked_mae : 6.045461177825928
2025-02-20 19:15:34,887 - masked_rmse : 10.022326469421387
2025-02-20 19:15:34,986 - masked_mape : 0.5228638648986816
2025-02-20 19:15:34,986 - Evaluate on pemsbay_speed_short_term_forecasting:
2025-02-20 19:15:53,504 - masked_mae : 2.216538190841675
2025-02-20 19:15:53,538 - masked_rmse : 4.619029521942139
2025-02-20 19:15:53,604 - masked_mape : 0.05222265422344208
2025-02-20 19:15:53,604 - Evaluate on pemsbay_speed_long_term_forecasting:
2025-02-20 19:16:24,548 - masked_mae : 3.2078773975372314
2025-02-20 19:16:24,670 - masked_rmse : 6.187633514404297
2025-02-20 19:16:24,905 - masked_mape : 0.0751732736825943
2025-02-20 19:16:24,906 - Evaluate on metrla_speed_short_term_forecasting:
2025-02-20 19:16:36,069 - masked_mae : 4.793142795562744
2025-02-20 19:16:36,086 - masked_rmse : 9.439850807189941
2025-02-20 19:16:36,118 - masked_mape : 0.1230851486325264
2025-02-20 19:16:36,118 - Evaluate on metrla_speed_long_term_forecasting:
2025-02-20 19:16:53,148 - masked_mae : 6.18003511428833
2025-02-20 19:16:53,207 - masked_rmse : 11.134751319885254
2025-02-20 19:16:53,319 - masked_mape : 0.16072003543376923
2025-02-20 19:16:53,319 - Evaluate on trafficsh_speed_short_term_forecasting:
2025-02-20 19:17:03,982 - masked_mae : 0.5482677817344666
2025-02-20 19:17:03,998 - masked_rmse : 0.8730332255363464
2025-02-20 19:17:04,027 - masked_mape : 0.06392554938793182
2025-02-20 19:17:04,027 - Evaluate on trafficsh_speed_long_term_forecasting:
2025-02-20 19:17:19,952 - masked_mae : 0.5928234457969666
2025-02-20 19:17:20,006 - masked_rmse : 0.9776875376701355
2025-02-20 19:17:20,108 - masked_mape : 0.07479744404554367
2025-02-20 19:17:20,109 - Evaluate on bikenyc_inflow_short_term_forecasting:
2025-02-20 19:17:28,066 - masked_mae : 1.017013669013977
2025-02-20 19:17:28,075 - masked_rmse : 3.5959396362304688
2025-02-20 19:17:28,092 - masked_mape : 0.36582043766975403
2025-02-20 19:17:28,092 - Evaluate on bikenyc_inflow_long_term_forecasting:
2025-02-20 19:17:38,943 - masked_mae : 1.0738545656204224
2025-02-20 19:17:38,973 - masked_rmse : 3.7985870838165283
2025-02-20 19:17:39,031 - masked_mape : 0.3819453716278076
2025-02-20 19:17:39,031 - Evaluate on taxinyc_inflow_short_term_forecasting:
2025-02-20 19:17:46,976 - masked_mae : 5.959194660186768
2025-02-20 19:17:46,985 - masked_rmse : 17.8896427154541
2025-02-20 19:17:47,002 - masked_mape : 0.3900337517261505
2025-02-20 19:17:47,002 - Evaluate on taxinyc_inflow_long_term_forecasting:
2025-02-20 19:17:57,903 - masked_mae : 5.795385837554932
2025-02-20 19:17:57,934 - masked_rmse : 18.120309829711914
2025-02-20 19:17:57,992 - masked_mape : 0.4224359691143036
2025-02-20 19:17:57,992 - Evaluate on tdrive_inflow_short_term_forecasting:
2025-02-20 19:18:27,992 - masked_mae : 15.827888488769531
2025-02-20 19:18:28,054 - masked_rmse : 33.249908447265625
2025-02-20 19:18:28,172 - masked_mape : 0.2378750890493393
2025-02-20 19:18:28,173 - Evaluate on tdrive_inflow_long_term_forecasting:
2025-02-20 19:19:20,565 - masked_mae : 16.17695426940918
2025-02-20 19:19:20,787 - masked_rmse : 31.934892654418945
2025-02-20 19:19:21,213 - masked_mape : 0.26380816102027893
2025-02-20 19:19:21,213 - ************************************************************   Imputation Task   ************************************************************
2025-02-20 19:19:21,213 - Evaluate on pems03_flow_point_imputation:
2025-02-20 19:19:26,245 - masked_mae : 58.718780517578125
2025-02-20 19:19:26,249 - masked_rmse : 81.4534912109375
2025-02-20 19:19:26,252 - masked_mre : 0.362989604473114
2025-02-20 19:19:26,252 - Evaluate on pems03_flow_block_imputation:
2025-02-20 19:19:31,273 - masked_mae : 86.49613952636719
2025-02-20 19:19:31,275 - masked_rmse : 115.1115493774414
2025-02-20 19:19:31,277 - masked_mre : 0.5356571674346924
2025-02-20 19:19:31,277 - Evaluate on pems04_flow_point_imputation:
2025-02-20 19:19:36,122 - masked_mae : 64.47272491455078
2025-02-20 19:19:36,123 - masked_rmse : 93.50849151611328
2025-02-20 19:19:36,126 - masked_mre : 0.31985360383987427
2025-02-20 19:19:36,126 - Evaluate on pems04_flow_block_imputation:
2025-02-20 19:19:40,963 - masked_mae : 94.671630859375
2025-02-20 19:19:40,964 - masked_rmse : 124.94163513183594
2025-02-20 19:19:40,966 - masked_mre : 0.47245073318481445
2025-02-20 19:19:40,966 - Evaluate on pems07_flow_point_imputation:
2025-02-20 19:19:46,516 - masked_mae : 86.18671417236328
2025-02-20 19:19:46,527 - masked_rmse : 110.8092041015625
2025-02-20 19:19:46,556 - masked_mre : 0.28538915514945984
2025-02-20 19:19:46,556 - Evaluate on pems07_flow_block_imputation:
2025-02-20 19:19:52,067 - masked_mae : 152.9134521484375
2025-02-20 19:19:52,070 - masked_rmse : 181.0517578125
2025-02-20 19:19:52,074 - masked_mre : 0.5065807104110718
2025-02-20 19:19:52,075 - Evaluate on pems08_flow_point_imputation:
2025-02-20 19:19:57,041 - masked_mae : 57.50101089477539
2025-02-20 19:19:57,043 - masked_rmse : 78.46326446533203
2025-02-20 19:19:57,044 - masked_mre : 0.2808663547039032
2025-02-20 19:19:57,045 - Evaluate on pems08_flow_block_imputation:
2025-02-20 19:20:02,183 - masked_mae : 98.9616928100586
2025-02-20 19:20:02,183 - masked_rmse : 121.84156799316406
2025-02-20 19:20:02,185 - masked_mre : 0.4834785759449005
2025-02-20 19:20:02,185 - Evaluate on pemsbay_speed_point_imputation:
2025-02-20 19:20:07,963 - masked_mae : 11.548493385314941
2025-02-20 19:20:07,971 - masked_rmse : 13.698582649230957
2025-02-20 19:20:07,986 - masked_mre : 0.19102118909358978
2025-02-20 19:20:07,986 - Evaluate on pemsbay_speed_block_imputation:
2025-02-20 19:20:13,758 - masked_mae : 33.08024978637695
2025-02-20 19:20:13,760 - masked_rmse : 34.41175079345703
2025-02-20 19:20:13,770 - masked_mre : 0.547433614730835
2025-02-20 19:20:13,771 - Evaluate on metrla_speed_point_imputation:
2025-02-20 19:20:19,059 - masked_mae : 13.488988876342773
2025-02-20 19:20:19,061 - masked_rmse : 18.15899658203125
2025-02-20 19:20:19,065 - masked_mre : 0.28112906217575073
2025-02-20 19:20:19,065 - Evaluate on metrla_speed_block_imputation:
2025-02-20 19:20:24,453 - masked_mae : 27.30143165588379
2025-02-20 19:20:24,454 - masked_rmse : 32.18451690673828
2025-02-20 19:20:24,456 - masked_mre : 0.5994084477424622
2025-02-20 19:21:14,361 - [Epoch 14] Pretrain Loss: 22.8983
2025-02-20 19:21:14,362 - ************************************************************   Forecasting Task   ************************************************************
2025-02-20 19:21:14,362 - Evaluate on pems03_flow_short_term_forecasting:
2025-02-20 19:21:30,854 - masked_mae : 17.45829200744629
2025-02-20 19:21:30,877 - masked_rmse : 28.527938842773438
2025-02-20 19:21:30,922 - masked_mape : 0.17371787130832672
2025-02-20 19:21:30,922 - Evaluate on pems03_flow_long_term_forecasting:
2025-02-20 19:21:57,460 - masked_mae : 18.156658172607422
2025-02-20 19:21:57,544 - masked_rmse : 28.952260971069336
2025-02-20 19:21:57,681 - masked_mape : 0.19824719429016113
2025-02-20 19:21:57,681 - Evaluate on pems04_flow_short_term_forecasting:
2025-02-20 19:22:09,042 - masked_mae : 23.158254623413086
2025-02-20 19:22:09,057 - masked_rmse : 37.83259582519531
2025-02-20 19:22:09,085 - masked_mape : 0.1644463688135147
2025-02-20 19:22:09,085 - Evaluate on pems04_flow_long_term_forecasting:
2025-02-20 19:22:26,165 - masked_mae : 25.431251525878906
2025-02-20 19:22:26,220 - masked_rmse : 40.43144989013672
2025-02-20 19:22:26,328 - masked_mape : 0.19759981334209442
2025-02-20 19:22:26,328 - Evaluate on pems07_flow_short_term_forecasting:
2025-02-20 19:23:00,578 - masked_mae : 28.639671325683594
2025-02-20 19:23:00,650 - masked_rmse : 43.56888198852539
2025-02-20 19:23:00,789 - masked_mape : 0.14937691390514374
2025-02-20 19:23:00,790 - Evaluate on pems07_flow_long_term_forecasting:
2025-02-20 19:24:01,563 - masked_mae : 31.381017684936523
2025-02-20 19:24:01,796 - masked_rmse : 46.92671585083008
2025-02-20 19:24:02,234 - masked_mape : 0.1683645099401474
2025-02-20 19:24:02,234 - Evaluate on pems08_flow_short_term_forecasting:
2025-02-20 19:24:11,191 - masked_mae : 18.765396118164062
2025-02-20 19:24:11,201 - masked_rmse : 30.154678344726562
2025-02-20 19:24:11,219 - masked_mape : 0.18397356569766998
2025-02-20 19:24:11,219 - Evaluate on pems08_flow_long_term_forecasting:
2025-02-20 19:24:23,532 - masked_mae : 19.67059326171875
2025-02-20 19:24:23,569 - masked_rmse : 31.253915786743164
2025-02-20 19:24:23,640 - masked_mape : 0.19486373662948608
2025-02-20 19:24:23,640 - Evaluate on occpairs_occupancy_short_term_forecasting:
2025-02-20 19:24:44,439 - masked_mae : 0.8674617409706116
2025-02-20 19:24:44,478 - masked_rmse : 2.250675678253174
2025-02-20 19:24:44,552 - masked_mape : 0.1629413515329361
2025-02-20 19:24:44,552 - Evaluate on occpairs_occupancy_long_term_forecasting:
2025-02-20 19:25:19,949 - masked_mae : 0.9671928286552429
2025-02-20 19:25:20,076 - masked_rmse : 2.3105032444000244
2025-02-20 19:25:20,350 - masked_mape : 0.18395288288593292
2025-02-20 19:25:20,351 - Evaluate on occhamburg_occupancy_short_term_forecasting:
2025-02-20 19:25:35,319 - masked_mae : 6.272557735443115
2025-02-20 19:25:35,343 - masked_rmse : 10.462212562561035
2025-02-20 19:25:35,390 - masked_mape : 0.5402930974960327
2025-02-20 19:25:35,391 - Evaluate on occhamburg_occupancy_long_term_forecasting:
2025-02-20 19:25:55,821 - masked_mae : 6.016763687133789
2025-02-20 19:25:55,881 - masked_rmse : 10.010435104370117
2025-02-20 19:25:56,000 - masked_mape : 0.5070733428001404
2025-02-20 19:25:56,001 - Evaluate on pemsbay_speed_short_term_forecasting:
2025-02-20 19:26:21,001 - masked_mae : 2.2332255840301514
2025-02-20 19:26:21,044 - masked_rmse : 4.602745532989502
2025-02-20 19:26:21,134 - masked_mape : 0.052277322858572006
2025-02-20 19:26:21,134 - Evaluate on pemsbay_speed_long_term_forecasting:
2025-02-20 19:27:03,814 - masked_mae : 3.2188708782196045
2025-02-20 19:27:04,003 - masked_rmse : 6.162916660308838
2025-02-20 19:27:04,333 - masked_mape : 0.0747760608792305
2025-02-20 19:27:04,333 - Evaluate on metrla_speed_short_term_forecasting:
2025-02-20 19:27:18,644 - masked_mae : 4.840339183807373
2025-02-20 19:27:18,667 - masked_rmse : 9.420075416564941
2025-02-20 19:27:18,709 - masked_mape : 0.12382351607084274
2025-02-20 19:27:18,709 - Evaluate on metrla_speed_long_term_forecasting:
2025-02-20 19:27:41,401 - masked_mae : 6.203882694244385
2025-02-20 19:27:41,469 - masked_rmse : 11.045265197753906
2025-02-20 19:27:41,601 - masked_mape : 0.1601988822221756
2025-02-20 19:27:41,601 - Evaluate on trafficsh_speed_short_term_forecasting:
2025-02-20 19:27:55,344 - masked_mae : 0.5864142775535583
2025-02-20 19:27:55,365 - masked_rmse : 0.8981111645698547
2025-02-20 19:27:55,403 - masked_mape : 0.06807466596364975
2025-02-20 19:27:55,404 - Evaluate on trafficsh_speed_long_term_forecasting:
2025-02-20 19:28:16,758 - masked_mae : 0.6212484240531921
2025-02-20 19:28:16,836 - masked_rmse : 0.9845425486564636
2025-02-20 19:28:16,970 - masked_mape : 0.07722744345664978
2025-02-20 19:28:16,970 - Evaluate on bikenyc_inflow_short_term_forecasting:
2025-02-20 19:28:26,707 - masked_mae : 1.049218773841858
2025-02-20 19:28:26,721 - masked_rmse : 3.6760778427124023
2025-02-20 19:28:26,746 - masked_mape : 0.37775668501853943
2025-02-20 19:28:26,747 - Evaluate on bikenyc_inflow_long_term_forecasting:
2025-02-20 19:28:40,978 - masked_mae : 1.0641371011734009
2025-02-20 19:28:41,026 - masked_rmse : 3.745925188064575
2025-02-20 19:28:41,121 - masked_mape : 0.38075223565101624
2025-02-20 19:28:41,122 - Evaluate on taxinyc_inflow_short_term_forecasting:
2025-02-20 19:28:50,837 - masked_mae : 6.30900239944458
2025-02-20 19:28:50,855 - masked_rmse : 18.673566818237305
2025-02-20 19:28:50,885 - masked_mape : 0.4392785131931305
2025-02-20 19:28:50,885 - Evaluate on taxinyc_inflow_long_term_forecasting:
2025-02-20 19:29:04,759 - masked_mae : 5.729550838470459
2025-02-20 19:29:04,800 - masked_rmse : 17.846960067749023
2025-02-20 19:29:04,874 - masked_mape : 0.4279789924621582
2025-02-20 19:29:04,875 - Evaluate on tdrive_inflow_short_term_forecasting:
2025-02-20 19:29:46,738 - masked_mae : 16.46550750732422
2025-02-20 19:29:46,823 - masked_rmse : 34.25043869018555
2025-02-20 19:29:47,015 - masked_mape : 0.27695807814598083
2025-02-20 19:29:47,016 - Evaluate on tdrive_inflow_long_term_forecasting:
2025-02-20 19:31:01,272 - masked_mae : 15.616578102111816
2025-02-20 19:31:01,577 - masked_rmse : 31.127111434936523
2025-02-20 19:31:02,134 - masked_mape : 0.2646859586238861
2025-02-20 19:31:02,135 - ************************************************************   Imputation Task   ************************************************************
2025-02-20 19:31:02,135 - Evaluate on pems03_flow_point_imputation:
2025-02-20 19:31:07,563 - masked_mae : 59.34003448486328
2025-02-20 19:31:07,565 - masked_rmse : 81.81405639648438
2025-02-20 19:31:07,568 - masked_mre : 0.36696234345436096
2025-02-20 19:31:07,568 - Evaluate on pems03_flow_block_imputation:
2025-02-20 19:31:12,999 - masked_mae : 88.34371185302734
2025-02-20 19:31:13,000 - masked_rmse : 117.63438415527344
2025-02-20 19:31:13,003 - masked_mre : 0.5473120808601379
2025-02-20 19:31:13,003 - Evaluate on pems04_flow_point_imputation:
2025-02-20 19:31:18,197 - masked_mae : 64.84038543701172
2025-02-20 19:31:18,198 - masked_rmse : 93.5845718383789
2025-02-20 19:31:18,201 - masked_mre : 0.32199355959892273
2025-02-20 19:31:18,201 - Evaluate on pems04_flow_block_imputation:
2025-02-20 19:31:23,464 - masked_mae : 96.72428131103516
2025-02-20 19:31:23,465 - masked_rmse : 127.2063217163086
2025-02-20 19:31:23,467 - masked_mre : 0.4828683137893677
2025-02-20 19:31:23,467 - Evaluate on pems07_flow_point_imputation:
2025-02-20 19:31:29,670 - masked_mae : 89.41094970703125
2025-02-20 19:31:29,676 - masked_rmse : 113.45404815673828
2025-02-20 19:31:29,693 - masked_mre : 0.2962394952774048
2025-02-20 19:31:29,694 - Evaluate on pems07_flow_block_imputation:
2025-02-20 19:31:35,909 - masked_mae : 156.5160369873047
2025-02-20 19:31:35,922 - masked_rmse : 184.94117736816406
2025-02-20 19:31:35,937 - masked_mre : 0.5185617804527283
2025-02-20 19:31:35,937 - Evaluate on pems08_flow_point_imputation:
2025-02-20 19:31:41,017 - masked_mae : 60.105838775634766
2025-02-20 19:31:41,018 - masked_rmse : 80.77584838867188
2025-02-20 19:31:41,019 - masked_mre : 0.2936272621154785
2025-02-20 19:31:41,024 - Evaluate on pems08_flow_block_imputation:
2025-02-20 19:31:46,096 - masked_mae : 100.67414093017578
2025-02-20 19:31:46,097 - masked_rmse : 123.30638885498047
2025-02-20 19:31:46,098 - masked_mre : 0.4918891489505768
2025-02-20 19:31:46,098 - Evaluate on pemsbay_speed_point_imputation:
2025-02-20 19:31:51,927 - masked_mae : 12.554844856262207
2025-02-20 19:31:51,938 - masked_rmse : 14.60464859008789
2025-02-20 19:31:51,953 - masked_mre : 0.20767265558242798
2025-02-20 19:31:51,953 - Evaluate on pemsbay_speed_block_imputation:
2025-02-20 19:31:57,753 - masked_mae : 34.67313003540039
2025-02-20 19:31:57,756 - masked_rmse : 36.040992736816406
2025-02-20 19:31:57,769 - masked_mre : 0.5737965106964111
2025-02-20 19:31:57,774 - Evaluate on metrla_speed_point_imputation:
2025-02-20 19:32:03,106 - masked_mae : 14.3417329788208
2025-02-20 19:32:03,108 - masked_rmse : 18.895828247070312
2025-02-20 19:32:03,111 - masked_mre : 0.30223163962364197
2025-02-20 19:32:03,111 - Evaluate on metrla_speed_block_imputation:
2025-02-20 19:32:08,487 - masked_mae : 28.219371795654297
2025-02-20 19:32:08,488 - masked_rmse : 33.26540756225586
2025-02-20 19:32:08,490 - masked_mre : 0.620818555355072
2025-02-20 19:32:58,027 - [Epoch 15] Pretrain Loss: 22.7613
2025-02-20 19:32:58,027 - ************************************************************   Forecasting Task   ************************************************************
2025-02-20 19:32:58,027 - Evaluate on pems03_flow_short_term_forecasting:
2025-02-20 19:33:14,605 - masked_mae : 18.370439529418945
2025-02-20 19:33:14,632 - masked_rmse : 29.780120849609375
2025-02-20 19:33:14,684 - masked_mape : 0.180689737200737
2025-02-20 19:33:14,684 - Evaluate on pems03_flow_long_term_forecasting:
2025-02-20 19:33:41,229 - masked_mae : 18.486215591430664
2025-02-20 19:33:41,300 - masked_rmse : 29.432859420776367
2025-02-20 19:33:41,489 - masked_mape : 0.20417241752147675
2025-02-20 19:33:41,489 - Evaluate on pems04_flow_short_term_forecasting:
2025-02-20 19:33:52,828 - masked_mae : 23.906957626342773
2025-02-20 19:33:52,840 - masked_rmse : 38.962013244628906
2025-02-20 19:33:52,867 - masked_mape : 0.16859285533428192
2025-02-20 19:33:52,867 - Evaluate on pems04_flow_long_term_forecasting:
2025-02-20 19:34:09,908 - masked_mae : 25.456079483032227
2025-02-20 19:34:09,956 - masked_rmse : 40.52195739746094
2025-02-20 19:34:10,035 - masked_mape : 0.20208363234996796
2025-02-20 19:34:10,036 - Evaluate on pems07_flow_short_term_forecasting:
2025-02-20 19:34:44,299 - masked_mae : 29.576295852661133
2025-02-20 19:34:44,388 - masked_rmse : 44.871219635009766
2025-02-20 19:34:44,531 - masked_mape : 0.14893504977226257
2025-02-20 19:34:44,532 - Evaluate on pems07_flow_long_term_forecasting:
2025-02-20 19:35:45,258 - masked_mae : 31.362396240234375
2025-02-20 19:35:45,517 - masked_rmse : 46.98176574707031
2025-02-20 19:35:45,996 - masked_mape : 0.17116166651248932
2025-02-20 19:35:45,996 - Evaluate on pems08_flow_short_term_forecasting:
2025-02-20 19:35:54,967 - masked_mae : 19.659513473510742
2025-02-20 19:35:54,976 - masked_rmse : 31.38204002380371
2025-02-20 19:35:54,993 - masked_mape : 0.17738263309001923
2025-02-20 19:35:54,993 - Evaluate on pems08_flow_long_term_forecasting:
2025-02-20 19:36:07,419 - masked_mae : 19.727415084838867
2025-02-20 19:36:07,448 - masked_rmse : 31.430892944335938
2025-02-20 19:36:07,508 - masked_mape : 0.1984618753194809
2025-02-20 19:36:07,508 - Evaluate on occpairs_occupancy_short_term_forecasting:
2025-02-20 19:36:28,408 - masked_mae : 0.8922356963157654
2025-02-20 19:36:28,442 - masked_rmse : 2.293456792831421
2025-02-20 19:36:28,504 - masked_mape : 0.16979478299617767
2025-02-20 19:36:28,504 - Evaluate on occpairs_occupancy_long_term_forecasting:
2025-02-20 19:37:03,278 - masked_mae : 0.9778228402137756
2025-02-20 19:37:03,398 - masked_rmse : 2.3097102642059326
2025-02-20 19:37:03,621 - masked_mape : 0.19242624938488007
2025-02-20 19:37:03,621 - Evaluate on occhamburg_occupancy_short_term_forecasting:
2025-02-20 19:37:17,016 - masked_mae : 6.40277099609375
2025-02-20 19:37:17,033 - masked_rmse : 10.678502082824707
2025-02-20 19:37:17,067 - masked_mape : 0.5580145716667175
2025-02-20 19:37:17,068 - Evaluate on occhamburg_occupancy_long_term_forecasting:
2025-02-20 19:37:33,281 - masked_mae : 6.042491912841797
2025-02-20 19:37:33,333 - masked_rmse : 10.021496772766113
2025-02-20 19:37:33,431 - masked_mape : 0.5249373316764832
2025-02-20 19:37:33,432 - Evaluate on pemsbay_speed_short_term_forecasting:
2025-02-20 19:37:52,044 - masked_mae : 2.237981081008911
2025-02-20 19:37:52,078 - masked_rmse : 4.633613109588623
2025-02-20 19:37:52,144 - masked_mape : 0.052083250135183334
2025-02-20 19:37:52,144 - Evaluate on pemsbay_speed_long_term_forecasting:
2025-02-20 19:38:23,193 - masked_mae : 3.20752215385437
2025-02-20 19:38:23,315 - masked_rmse : 6.17072868347168
2025-02-20 19:38:23,550 - masked_mape : 0.07458170503377914
2025-02-20 19:38:23,550 - Evaluate on metrla_speed_short_term_forecasting:
2025-02-20 19:38:34,720 - masked_mae : 4.779664993286133
2025-02-20 19:38:34,737 - masked_rmse : 9.450640678405762
2025-02-20 19:38:34,768 - masked_mape : 0.12181355804204941
2025-02-20 19:38:34,769 - Evaluate on metrla_speed_long_term_forecasting:
2025-02-20 19:38:51,800 - masked_mae : 6.141498565673828
2025-02-20 19:38:51,859 - masked_rmse : 11.079121589660645
2025-02-20 19:38:51,971 - masked_mape : 0.15827636420726776
2025-02-20 19:38:51,971 - Evaluate on trafficsh_speed_short_term_forecasting:
2025-02-20 19:39:02,624 - masked_mae : 0.5765554308891296
2025-02-20 19:39:02,639 - masked_rmse : 0.9083548188209534
2025-02-20 19:39:02,669 - masked_mape : 0.06748747080564499
2025-02-20 19:39:02,669 - Evaluate on trafficsh_speed_long_term_forecasting:
2025-02-20 19:39:18,727 - masked_mae : 0.5931211113929749
2025-02-20 19:39:18,781 - masked_rmse : 0.9882987141609192
2025-02-20 19:39:18,884 - masked_mape : 0.07452485710382462
2025-02-20 19:39:18,884 - Evaluate on bikenyc_inflow_short_term_forecasting:
2025-02-20 19:39:27,032 - masked_mae : 1.0787022113800049
2025-02-20 19:39:27,041 - masked_rmse : 3.7604453563690186
2025-02-20 19:39:27,058 - masked_mape : 0.3929428160190582
2025-02-20 19:39:27,058 - Evaluate on bikenyc_inflow_long_term_forecasting:
2025-02-20 19:39:37,921 - masked_mae : 1.0770466327667236
2025-02-20 19:39:37,952 - masked_rmse : 3.714308738708496
2025-02-20 19:39:38,009 - masked_mape : 0.3964412212371826
2025-02-20 19:39:38,010 - Evaluate on taxinyc_inflow_short_term_forecasting:
2025-02-20 19:39:46,001 - masked_mae : 6.728233814239502
2025-02-20 19:39:46,010 - masked_rmse : 19.73372459411621
2025-02-20 19:39:46,027 - masked_mape : 0.4512845277786255
2025-02-20 19:39:46,027 - Evaluate on taxinyc_inflow_long_term_forecasting:
2025-02-20 19:39:56,914 - masked_mae : 5.895986080169678
2025-02-20 19:39:56,945 - masked_rmse : 17.67684555053711
2025-02-20 19:39:57,003 - masked_mape : 0.4495944082736969
2025-02-20 19:39:57,003 - Evaluate on tdrive_inflow_short_term_forecasting:
2025-02-20 19:40:27,054 - masked_mae : 18.35794448852539
2025-02-20 19:40:27,115 - masked_rmse : 37.60717010498047
2025-02-20 19:40:27,233 - masked_mape : 0.30829015374183655
2025-02-20 19:40:27,234 - Evaluate on tdrive_inflow_long_term_forecasting:
2025-02-20 19:41:19,865 - masked_mae : 16.469263076782227
2025-02-20 19:41:20,087 - masked_rmse : 31.892770767211914
2025-02-20 19:41:20,512 - masked_mape : 0.28981196880340576
2025-02-20 19:41:20,512 - ************************************************************   Imputation Task   ************************************************************
2025-02-20 19:41:20,513 - Evaluate on pems03_flow_point_imputation:
2025-02-20 19:41:25,524 - masked_mae : 57.416038513183594
2025-02-20 19:41:25,526 - masked_rmse : 79.4385986328125
2025-02-20 19:41:25,530 - masked_mre : 0.3550719916820526
2025-02-20 19:41:25,537 - Evaluate on pems03_flow_block_imputation:
2025-02-20 19:41:30,561 - masked_mae : 84.9362564086914
2025-02-20 19:41:30,563 - masked_rmse : 113.22115325927734
2025-02-20 19:41:30,566 - masked_mre : 0.5261988639831543
2025-02-20 19:41:30,566 - Evaluate on pems04_flow_point_imputation:
2025-02-20 19:41:35,371 - masked_mae : 64.2184829711914
2025-02-20 19:41:35,373 - masked_rmse : 93.25430297851562
2025-02-20 19:41:35,376 - masked_mre : 0.3186477720737457
2025-02-20 19:41:35,376 - Evaluate on pems04_flow_block_imputation:
2025-02-20 19:41:40,185 - masked_mae : 93.3329086303711
2025-02-20 19:41:40,186 - masked_rmse : 123.34417724609375
2025-02-20 19:41:40,188 - masked_mre : 0.46589887142181396
2025-02-20 19:41:40,188 - Evaluate on pems07_flow_point_imputation:
2025-02-20 19:41:45,765 - masked_mae : 86.02787780761719
2025-02-20 19:41:45,774 - masked_rmse : 110.4334945678711
2025-02-20 19:41:45,783 - masked_mre : 0.2848529815673828
2025-02-20 19:41:45,783 - Evaluate on pems07_flow_block_imputation:
2025-02-20 19:41:51,329 - masked_mae : 149.3665313720703
2025-02-20 19:41:51,332 - masked_rmse : 176.790283203125
2025-02-20 19:41:51,338 - masked_mre : 0.49488210678100586
2025-02-20 19:41:51,338 - Evaluate on pems08_flow_point_imputation:
2025-02-20 19:41:56,104 - masked_mae : 57.68088150024414
2025-02-20 19:41:56,105 - masked_rmse : 78.48960876464844
2025-02-20 19:41:56,106 - masked_mre : 0.2817744016647339
2025-02-20 19:41:56,107 - Evaluate on pems08_flow_block_imputation:
2025-02-20 19:42:00,988 - masked_mae : 96.41795349121094
2025-02-20 19:42:00,993 - masked_rmse : 118.57337951660156
2025-02-20 19:42:00,995 - masked_mre : 0.4711066484451294
2025-02-20 19:42:00,995 - Evaluate on pemsbay_speed_point_imputation:
2025-02-20 19:42:06,370 - masked_mae : 11.701414108276367
2025-02-20 19:42:06,379 - masked_rmse : 13.887211799621582
2025-02-20 19:42:06,395 - masked_mre : 0.1935504823923111
2025-02-20 19:42:06,395 - Evaluate on pemsbay_speed_block_imputation:
2025-02-20 19:42:11,621 - masked_mae : 33.07017135620117
2025-02-20 19:42:11,623 - masked_rmse : 34.45920181274414
2025-02-20 19:42:11,626 - masked_mre : 0.5472655892372131
2025-02-20 19:42:11,626 - Evaluate on metrla_speed_point_imputation:
2025-02-20 19:42:16,489 - masked_mae : 13.639575958251953
2025-02-20 19:42:16,490 - masked_rmse : 18.359233856201172
2025-02-20 19:42:16,491 - masked_mre : 0.28458473086357117
2025-02-20 19:42:16,492 - Evaluate on metrla_speed_block_imputation:
2025-02-20 19:42:21,506 - masked_mae : 27.079599380493164
2025-02-20 19:42:21,513 - masked_rmse : 32.064029693603516
2025-02-20 19:42:21,514 - masked_mre : 0.5926599502563477
2025-02-20 19:42:56,469 - [Epoch 16] Pretrain Loss: 22.8024
2025-02-20 19:42:56,469 - ************************************************************   Forecasting Task   ************************************************************
2025-02-20 19:42:56,469 - Evaluate on pems03_flow_short_term_forecasting:
2025-02-20 19:43:09,071 - masked_mae : 17.662771224975586
2025-02-20 19:43:09,092 - masked_rmse : 28.6694278717041
2025-02-20 19:43:09,130 - masked_mape : 0.175734743475914
2025-02-20 19:43:09,130 - Evaluate on pems03_flow_long_term_forecasting:
2025-02-20 19:43:28,954 - masked_mae : 18.073467254638672
2025-02-20 19:43:29,025 - masked_rmse : 28.814542770385742
2025-02-20 19:43:29,161 - masked_mape : 0.19741205871105194
2025-02-20 19:43:29,161 - Evaluate on pems04_flow_short_term_forecasting:
2025-02-20 19:43:38,320 - masked_mae : 23.12358856201172
2025-02-20 19:43:38,332 - masked_rmse : 37.595767974853516
2025-02-20 19:43:38,354 - masked_mape : 0.16507244110107422
2025-02-20 19:43:38,354 - Evaluate on pems04_flow_long_term_forecasting:
2025-02-20 19:43:51,539 - masked_mae : 25.17183494567871
2025-02-20 19:43:51,580 - masked_rmse : 40.023292541503906
2025-02-20 19:43:51,658 - masked_mape : 0.19670318067073822
2025-02-20 19:43:51,658 - Evaluate on pems07_flow_short_term_forecasting:
2025-02-20 19:44:19,093 - masked_mae : 28.73467445373535
2025-02-20 19:44:19,142 - masked_rmse : 43.48715591430664
2025-02-20 19:44:19,238 - masked_mape : 0.14950399100780487
2025-02-20 19:44:19,238 - Evaluate on pems07_flow_long_term_forecasting:
2025-02-20 19:45:02,500 - masked_mae : 31.0920467376709
2025-02-20 19:45:02,679 - masked_rmse : 46.584442138671875
2025-02-20 19:45:03,021 - masked_mape : 0.16844046115875244
2025-02-20 19:45:03,021 - Evaluate on pems08_flow_short_term_forecasting:
2025-02-20 19:45:10,405 - masked_mae : 18.9892520904541
2025-02-20 19:45:10,413 - masked_rmse : 30.283418655395508
2025-02-20 19:45:10,427 - masked_mape : 0.18311886489391327
2025-02-20 19:45:10,428 - Evaluate on pems08_flow_long_term_forecasting:
2025-02-20 19:45:20,343 - masked_mae : 19.490022659301758
2025-02-20 19:45:20,371 - masked_rmse : 31.045698165893555
2025-02-20 19:45:20,426 - masked_mape : 0.19726985692977905
2025-02-20 19:45:20,426 - Evaluate on occpairs_occupancy_short_term_forecasting:
2025-02-20 19:45:36,202 - masked_mae : 0.8511403203010559
2025-02-20 19:45:36,230 - masked_rmse : 2.1912081241607666
2025-02-20 19:45:36,283 - masked_mape : 0.16358734667301178
2025-02-20 19:45:36,283 - Evaluate on occpairs_occupancy_long_term_forecasting:
2025-02-20 19:46:01,942 - masked_mae : 0.9632744193077087
2025-02-20 19:46:02,040 - masked_rmse : 2.2859904766082764
2025-02-20 19:46:02,227 - masked_mape : 0.18651187419891357
2025-02-20 19:46:02,228 - Evaluate on occhamburg_occupancy_short_term_forecasting:
2025-02-20 19:46:12,609 - masked_mae : 6.2783355712890625
2025-02-20 19:46:12,624 - masked_rmse : 10.485937118530273
2025-02-20 19:46:12,652 - masked_mape : 0.5444133877754211
2025-02-20 19:46:12,652 - Evaluate on occhamburg_occupancy_long_term_forecasting:
2025-02-20 19:46:28,157 - masked_mae : 6.000091075897217
2025-02-20 19:46:28,208 - masked_rmse : 9.990180015563965
2025-02-20 19:46:28,307 - masked_mape : 0.5087447166442871
2025-02-20 19:46:28,307 - Evaluate on pemsbay_speed_short_term_forecasting:
2025-02-20 19:46:46,894 - masked_mae : 2.2260568141937256
2025-02-20 19:46:46,929 - masked_rmse : 4.59628438949585
2025-02-20 19:46:46,994 - masked_mape : 0.05203799903392792
2025-02-20 19:46:46,995 - Evaluate on pemsbay_speed_long_term_forecasting:
2025-02-20 19:47:18,002 - masked_mae : 3.1794986724853516
2025-02-20 19:47:18,125 - masked_rmse : 6.117018222808838
2025-02-20 19:47:18,359 - masked_mape : 0.07413557171821594
2025-02-20 19:47:18,360 - Evaluate on metrla_speed_short_term_forecasting:
2025-02-20 19:47:29,563 - masked_mae : 4.831741809844971
2025-02-20 19:47:29,580 - masked_rmse : 9.445836067199707
2025-02-20 19:47:29,612 - masked_mape : 0.12307002395391464
2025-02-20 19:47:29,612 - Evaluate on metrla_speed_long_term_forecasting:
2025-02-20 19:47:46,612 - masked_mae : 6.1733574867248535
2025-02-20 19:47:46,671 - masked_rmse : 11.033520698547363
2025-02-20 19:47:46,783 - masked_mape : 0.15877880156040192
2025-02-20 19:47:46,783 - Evaluate on trafficsh_speed_short_term_forecasting:
2025-02-20 19:47:57,464 - masked_mae : 0.5883914828300476
2025-02-20 19:47:57,480 - masked_rmse : 0.9078669548034668
2025-02-20 19:47:57,509 - masked_mape : 0.06828207522630692
2025-02-20 19:47:57,510 - Evaluate on trafficsh_speed_long_term_forecasting:
2025-02-20 19:48:13,437 - masked_mae : 0.6214337944984436
2025-02-20 19:48:13,491 - masked_rmse : 0.9994087219238281
2025-02-20 19:48:13,593 - masked_mape : 0.07675879448652267
2025-02-20 19:48:13,593 - Evaluate on bikenyc_inflow_short_term_forecasting:
2025-02-20 19:48:21,583 - masked_mae : 1.0227710008621216
2025-02-20 19:48:21,592 - masked_rmse : 3.5206730365753174
2025-02-20 19:48:21,609 - masked_mape : 0.3791341483592987
2025-02-20 19:48:21,609 - Evaluate on bikenyc_inflow_long_term_forecasting:
2025-02-20 19:48:32,582 - masked_mae : 1.0392016172409058
2025-02-20 19:48:32,612 - masked_rmse : 3.620096445083618
2025-02-20 19:48:32,670 - masked_mape : 0.3812220096588135
2025-02-20 19:48:32,670 - Evaluate on taxinyc_inflow_short_term_forecasting:
2025-02-20 19:48:40,578 - masked_mae : 6.0776214599609375
2025-02-20 19:48:40,587 - masked_rmse : 17.650197982788086
2025-02-20 19:48:40,604 - masked_mape : 0.42356836795806885
2025-02-20 19:48:40,604 - Evaluate on taxinyc_inflow_long_term_forecasting:
2025-02-20 19:48:51,467 - masked_mae : 5.551187515258789
2025-02-20 19:48:51,497 - masked_rmse : 17.050737380981445
2025-02-20 19:48:51,555 - masked_mape : 0.4204411208629608
2025-02-20 19:48:51,556 - Evaluate on tdrive_inflow_short_term_forecasting:
2025-02-20 19:49:21,536 - masked_mae : 16.51725196838379
2025-02-20 19:49:21,597 - masked_rmse : 33.32784652709961
2025-02-20 19:49:21,715 - masked_mape : 0.2803365886211395
2025-02-20 19:49:21,716 - Evaluate on tdrive_inflow_long_term_forecasting:
2025-02-20 19:50:14,359 - masked_mae : 15.51097583770752
2025-02-20 19:50:14,580 - masked_rmse : 30.5
2025-02-20 19:50:15,006 - masked_mape : 0.26724863052368164
2025-02-20 19:50:15,006 - ************************************************************   Imputation Task   ************************************************************
2025-02-20 19:50:15,006 - Evaluate on pems03_flow_point_imputation:
2025-02-20 19:50:19,980 - masked_mae : 55.17323303222656
2025-02-20 19:50:19,984 - masked_rmse : 76.17665100097656
2025-02-20 19:50:19,986 - masked_mre : 0.34133270382881165
2025-02-20 19:50:19,987 - Evaluate on pems03_flow_block_imputation:
2025-02-20 19:50:25,021 - masked_mae : 82.8113021850586
2025-02-20 19:50:25,023 - masked_rmse : 111.39633178710938
2025-02-20 19:50:25,025 - masked_mre : 0.5131678581237793
2025-02-20 19:50:25,025 - Evaluate on pems04_flow_point_imputation:
2025-02-20 19:50:29,850 - masked_mae : 61.08268356323242
2025-02-20 19:50:29,851 - masked_rmse : 87.72713470458984
2025-02-20 19:50:29,853 - masked_mre : 0.3033701181411743
2025-02-20 19:50:29,853 - Evaluate on pems04_flow_block_imputation:
2025-02-20 19:50:34,697 - masked_mae : 94.5848617553711
2025-02-20 19:50:34,698 - masked_rmse : 124.9538345336914
2025-02-20 19:50:34,700 - masked_mre : 0.4723958969116211
2025-02-20 19:50:34,700 - Evaluate on pems07_flow_point_imputation:
2025-02-20 19:50:40,292 - masked_mae : 85.29068756103516
2025-02-20 19:50:40,304 - masked_rmse : 108.5875015258789
2025-02-20 19:50:40,327 - masked_mre : 0.28262847661972046
2025-02-20 19:50:40,327 - Evaluate on pems07_flow_block_imputation:
2025-02-20 19:50:45,937 - masked_mae : 153.7410125732422
2025-02-20 19:50:45,950 - masked_rmse : 183.2665557861328
2025-02-20 19:50:45,967 - masked_mre : 0.5095430016517639
2025-02-20 19:50:45,968 - Evaluate on pems08_flow_point_imputation:
2025-02-20 19:50:50,730 - masked_mae : 57.339447021484375
2025-02-20 19:50:50,731 - masked_rmse : 76.76165771484375
2025-02-20 19:50:50,732 - masked_mre : 0.28019407391548157
2025-02-20 19:50:50,732 - Evaluate on pems08_flow_block_imputation:
2025-02-20 19:50:55,491 - masked_mae : 100.27154541015625
2025-02-20 19:50:55,492 - masked_rmse : 123.64334106445312
2025-02-20 19:50:55,494 - masked_mre : 0.49007049202919006
2025-02-20 19:50:55,494 - Evaluate on pemsbay_speed_point_imputation:
2025-02-20 19:51:00,780 - masked_mae : 12.324180603027344
2025-02-20 19:51:00,794 - masked_rmse : 14.369752883911133
2025-02-20 19:51:00,809 - masked_mre : 0.2038557082414627
2025-02-20 19:51:00,809 - Evaluate on pemsbay_speed_block_imputation:
2025-02-20 19:51:06,078 - masked_mae : 33.55459213256836
2025-02-20 19:51:06,079 - masked_rmse : 34.932857513427734
2025-02-20 19:51:06,090 - masked_mre : 0.5552844405174255
2025-02-20 19:51:06,090 - Evaluate on metrla_speed_point_imputation:
2025-02-20 19:51:11,025 - masked_mae : 14.051915168762207
2025-02-20 19:51:11,026 - masked_rmse : 18.554250717163086
2025-02-20 19:51:11,028 - masked_mre : 0.29597175121307373
2025-02-20 19:51:11,028 - Evaluate on metrla_speed_block_imputation:
2025-02-20 19:51:15,965 - masked_mae : 27.22446060180664
2025-02-20 19:51:15,966 - masked_rmse : 32.18886184692383
2025-02-20 19:51:15,968 - masked_mre : 0.5981388688087463
2025-02-20 19:51:50,925 - [Epoch 17] Pretrain Loss: 22.5674
2025-02-20 19:51:50,926 - ************************************************************   Forecasting Task   ************************************************************
2025-02-20 19:51:50,926 - Evaluate on pems03_flow_short_term_forecasting:
2025-02-20 19:52:03,541 - masked_mae : 17.69703483581543
2025-02-20 19:52:03,562 - masked_rmse : 28.785749435424805
2025-02-20 19:52:03,600 - masked_mape : 0.17495648562908173
2025-02-20 19:52:03,601 - Evaluate on pems03_flow_long_term_forecasting:
2025-02-20 19:52:23,335 - masked_mae : 18.031822204589844
2025-02-20 19:52:23,406 - masked_rmse : 28.744705200195312
2025-02-20 19:52:23,542 - masked_mape : 0.20184385776519775
2025-02-20 19:52:23,542 - Evaluate on pems04_flow_short_term_forecasting:
2025-02-20 19:52:32,692 - masked_mae : 23.197786331176758
2025-02-20 19:52:32,704 - masked_rmse : 37.779361724853516
2025-02-20 19:52:32,727 - masked_mape : 0.16618074476718903
2025-02-20 19:52:32,727 - Evaluate on pems04_flow_long_term_forecasting:
2025-02-20 19:52:45,896 - masked_mae : 24.948835372924805
2025-02-20 19:52:45,938 - masked_rmse : 39.61720657348633
2025-02-20 19:52:46,016 - masked_mape : 0.2025722712278366
2025-02-20 19:52:46,016 - Evaluate on pems07_flow_short_term_forecasting:
2025-02-20 19:53:11,101 - masked_mae : 28.76703453063965
2025-02-20 19:53:11,151 - masked_rmse : 43.66117858886719
2025-02-20 19:53:11,246 - masked_mape : 0.14844916760921478
2025-02-20 19:53:11,247 - Evaluate on pems07_flow_long_term_forecasting:
2025-02-20 19:53:54,449 - masked_mae : 30.78241539001465
2025-02-20 19:53:54,627 - masked_rmse : 45.88092041015625
2025-02-20 19:53:54,969 - masked_mape : 0.1702856421470642
2025-02-20 19:53:54,969 - Evaluate on pems08_flow_short_term_forecasting:
2025-02-20 19:54:02,348 - masked_mae : 19.053422927856445
2025-02-20 19:54:02,356 - masked_rmse : 30.450281143188477
2025-02-20 19:54:02,370 - masked_mape : 0.17959554493427277
2025-02-20 19:54:02,370 - Evaluate on pems08_flow_long_term_forecasting:
2025-02-20 19:54:12,216 - masked_mae : 19.258222579956055
2025-02-20 19:54:12,241 - masked_rmse : 30.712167739868164
2025-02-20 19:54:12,290 - masked_mape : 0.1947256475687027
2025-02-20 19:54:12,290 - Evaluate on occpairs_occupancy_short_term_forecasting:
2025-02-20 19:54:28,041 - masked_mae : 0.8511603474617004
2025-02-20 19:54:28,068 - masked_rmse : 2.2146379947662354
2025-02-20 19:54:28,121 - masked_mape : 0.16255366802215576
2025-02-20 19:54:28,121 - Evaluate on occpairs_occupancy_long_term_forecasting:
2025-02-20 19:54:53,668 - masked_mae : 0.9716799855232239
2025-02-20 19:54:53,766 - masked_rmse : 2.294968605041504
2025-02-20 19:54:53,953 - masked_mape : 0.1924804300069809
2025-02-20 19:54:53,954 - Evaluate on occhamburg_occupancy_short_term_forecasting:
2025-02-20 19:55:04,326 - masked_mae : 6.275214672088623
2025-02-20 19:55:04,341 - masked_rmse : 10.52892017364502
2025-02-20 19:55:04,369 - masked_mape : 0.542156457901001
2025-02-20 19:55:04,369 - Evaluate on occhamburg_occupancy_long_term_forecasting:
2025-02-20 19:55:19,898 - masked_mae : 6.010368347167969
2025-02-20 19:55:19,950 - masked_rmse : 9.974136352539062
2025-02-20 19:55:20,049 - masked_mape : 0.5228354334831238
2025-02-20 19:55:20,049 - Evaluate on pemsbay_speed_short_term_forecasting:
2025-02-20 19:55:38,609 - masked_mae : 2.1880300045013428
2025-02-20 19:55:38,643 - masked_rmse : 4.58806037902832
2025-02-20 19:55:38,709 - masked_mape : 0.051362961530685425
2025-02-20 19:55:38,709 - Evaluate on pemsbay_speed_long_term_forecasting:
2025-02-20 19:56:09,669 - masked_mae : 3.114108085632324
2025-02-20 19:56:09,792 - masked_rmse : 6.1000494956970215
2025-02-20 19:56:10,027 - masked_mape : 0.07325395196676254
2025-02-20 19:56:10,027 - Evaluate on metrla_speed_short_term_forecasting:
2025-02-20 19:56:21,198 - masked_mae : 4.7115983963012695
2025-02-20 19:56:21,215 - masked_rmse : 9.437248229980469
2025-02-20 19:56:21,247 - masked_mape : 0.12021613866090775
2025-02-20 19:56:21,247 - Evaluate on metrla_speed_long_term_forecasting:
2025-02-20 19:56:38,221 - masked_mae : 6.020426273345947
2025-02-20 19:56:38,279 - masked_rmse : 10.99990463256836
2025-02-20 19:56:38,391 - masked_mape : 0.15567556023597717
2025-02-20 19:56:38,392 - Evaluate on trafficsh_speed_short_term_forecasting:
2025-02-20 19:56:49,078 - masked_mae : 0.5589488744735718
2025-02-20 19:56:49,094 - masked_rmse : 0.8910349011421204
2025-02-20 19:56:49,123 - masked_mape : 0.06505440920591354
2025-02-20 19:56:49,123 - Evaluate on trafficsh_speed_long_term_forecasting:
2025-02-20 19:57:05,061 - masked_mae : 0.5791260600090027
2025-02-20 19:57:05,115 - masked_rmse : 0.973567008972168
2025-02-20 19:57:05,217 - masked_mape : 0.07277907431125641
2025-02-20 19:57:05,218 - Evaluate on bikenyc_inflow_short_term_forecasting:
2025-02-20 19:57:13,131 - masked_mae : 1.0102707147598267
2025-02-20 19:57:13,140 - masked_rmse : 3.5544588565826416
2025-02-20 19:57:13,157 - masked_mape : 0.3729516267776489
2025-02-20 19:57:13,157 - Evaluate on bikenyc_inflow_long_term_forecasting:
2025-02-20 19:57:24,063 - masked_mae : 1.0562833547592163
2025-02-20 19:57:24,093 - masked_rmse : 3.6436100006103516
2025-02-20 19:57:24,151 - masked_mape : 0.3908071517944336
2025-02-20 19:57:24,151 - Evaluate on taxinyc_inflow_short_term_forecasting:
2025-02-20 19:57:32,130 - masked_mae : 5.985757350921631
2025-02-20 19:57:32,139 - masked_rmse : 17.969776153564453
2025-02-20 19:57:32,156 - masked_mape : 0.3926783502101898
2025-02-20 19:57:32,156 - Evaluate on taxinyc_inflow_long_term_forecasting:
2025-02-20 19:57:43,014 - masked_mae : 5.679830551147461
2025-02-20 19:57:43,044 - masked_rmse : 17.083860397338867
2025-02-20 19:57:43,102 - masked_mape : 0.43270155787467957
2025-02-20 19:57:43,102 - Evaluate on tdrive_inflow_short_term_forecasting:
2025-02-20 19:58:13,164 - masked_mae : 16.44343376159668
2025-02-20 19:58:13,226 - masked_rmse : 34.205665588378906
2025-02-20 19:58:13,344 - masked_mape : 0.25404298305511475
2025-02-20 19:58:13,344 - Evaluate on tdrive_inflow_long_term_forecasting:
2025-02-20 19:59:05,987 - masked_mae : 15.829636573791504
2025-02-20 19:59:06,209 - masked_rmse : 31.06093406677246
2025-02-20 19:59:06,635 - masked_mape : 0.2641788721084595
2025-02-20 19:59:06,635 - ************************************************************   Imputation Task   ************************************************************
2025-02-20 19:59:06,635 - Evaluate on pems03_flow_point_imputation:
2025-02-20 19:59:11,629 - masked_mae : 53.7440071105957
2025-02-20 19:59:11,632 - masked_rmse : 74.29222869873047
2025-02-20 19:59:11,635 - masked_mre : 0.33244022727012634
2025-02-20 19:59:11,635 - Evaluate on pems03_flow_block_imputation:
2025-02-20 19:59:16,650 - masked_mae : 81.74695587158203
2025-02-20 19:59:16,651 - masked_rmse : 110.44419860839844
2025-02-20 19:59:16,654 - masked_mre : 0.5065594911575317
2025-02-20 19:59:16,654 - Evaluate on pems04_flow_point_imputation:
2025-02-20 19:59:21,474 - masked_mae : 60.04867172241211
2025-02-20 19:59:21,475 - masked_rmse : 86.60836791992188
2025-02-20 19:59:21,477 - masked_mre : 0.29831036925315857
2025-02-20 19:59:21,477 - Evaluate on pems04_flow_block_imputation:
2025-02-20 19:59:26,304 - masked_mae : 93.96455383300781
2025-02-20 19:59:26,305 - masked_rmse : 124.6816635131836
2025-02-20 19:59:26,307 - masked_mre : 0.4692688286304474
2025-02-20 19:59:26,307 - Evaluate on pems07_flow_point_imputation:
2025-02-20 19:59:31,881 - masked_mae : 82.5489501953125
2025-02-20 19:59:31,896 - masked_rmse : 106.12696075439453
2025-02-20 19:59:31,913 - masked_mre : 0.2735690176486969
2025-02-20 19:59:31,913 - Evaluate on pems07_flow_block_imputation:
2025-02-20 19:59:37,441 - masked_mae : 152.66212463378906
2025-02-20 19:59:37,443 - masked_rmse : 182.78717041015625
2025-02-20 19:59:37,448 - masked_mre : 0.505893886089325
2025-02-20 19:59:37,448 - Evaluate on pems08_flow_point_imputation:
2025-02-20 19:59:42,198 - masked_mae : 55.64071273803711
2025-02-20 19:59:42,199 - masked_rmse : 75.07672882080078
2025-02-20 19:59:42,201 - masked_mre : 0.27184396982192993
2025-02-20 19:59:42,201 - Evaluate on pems08_flow_block_imputation:
2025-02-20 19:59:46,919 - masked_mae : 99.80886840820312
2025-02-20 19:59:46,919 - masked_rmse : 123.73955535888672
2025-02-20 19:59:46,921 - masked_mre : 0.4877796173095703
2025-02-20 19:59:46,921 - Evaluate on pemsbay_speed_point_imputation:
2025-02-20 19:59:52,238 - masked_mae : 11.192081451416016
2025-02-20 19:59:52,248 - masked_rmse : 13.479857444763184
2025-02-20 19:59:52,269 - masked_mre : 0.1851227879524231
2025-02-20 19:59:52,269 - Evaluate on pemsbay_speed_block_imputation:
2025-02-20 19:59:57,570 - masked_mae : 32.74774932861328
2025-02-20 19:59:57,572 - masked_rmse : 34.18439865112305
2025-02-20 19:59:57,575 - masked_mre : 0.5419305562973022
2025-02-20 19:59:57,575 - Evaluate on metrla_speed_point_imputation:
2025-02-20 20:00:02,503 - masked_mae : 13.243510246276855
2025-02-20 20:00:02,504 - masked_rmse : 17.969253540039062
2025-02-20 20:00:02,507 - masked_mre : 0.27666470408439636
2025-02-20 20:00:02,507 - Evaluate on metrla_speed_block_imputation:
2025-02-20 20:00:07,444 - masked_mae : 26.831350326538086
2025-02-20 20:00:07,445 - masked_rmse : 31.81968116760254
2025-02-20 20:00:07,447 - masked_mre : 0.5876404643058777
2025-02-20 20:00:42,348 - [Epoch 18] Pretrain Loss: 22.5873
2025-02-20 20:00:42,348 - ************************************************************   Forecasting Task   ************************************************************
2025-02-20 20:00:42,348 - Evaluate on pems03_flow_short_term_forecasting:
2025-02-20 20:00:55,002 - masked_mae : 17.524301528930664
2025-02-20 20:00:55,022 - masked_rmse : 28.49583625793457
2025-02-20 20:00:55,061 - masked_mape : 0.17313432693481445
2025-02-20 20:00:55,061 - Evaluate on pems03_flow_long_term_forecasting:
2025-02-20 20:01:14,742 - masked_mae : 17.80890464782715
2025-02-20 20:01:14,813 - masked_rmse : 28.446548461914062
2025-02-20 20:01:14,949 - masked_mape : 0.19800333678722382
2025-02-20 20:01:14,949 - Evaluate on pems04_flow_short_term_forecasting:
2025-02-20 20:01:24,164 - masked_mae : 22.952255249023438
2025-02-20 20:01:24,176 - masked_rmse : 37.28169631958008
2025-02-20 20:01:24,199 - masked_mape : 0.16528813540935516
2025-02-20 20:01:24,199 - Evaluate on pems04_flow_long_term_forecasting:
2025-02-20 20:01:37,446 - masked_mae : 24.757638931274414
2025-02-20 20:01:37,488 - masked_rmse : 39.365970611572266
2025-02-20 20:01:37,566 - masked_mape : 0.19939740002155304
2025-02-20 20:01:37,566 - Evaluate on pems07_flow_short_term_forecasting:
2025-02-20 20:02:02,563 - masked_mae : 28.55668067932129
2025-02-20 20:02:02,613 - masked_rmse : 43.21439743041992
2025-02-20 20:02:02,708 - masked_mape : 0.14962373673915863
2025-02-20 20:02:02,708 - Evaluate on pems07_flow_long_term_forecasting:
2025-02-20 20:02:45,567 - masked_mae : 30.560501098632812
2025-02-20 20:02:45,745 - masked_rmse : 45.59243392944336
2025-02-20 20:02:46,087 - masked_mape : 0.16991357505321503
2025-02-20 20:02:46,088 - Evaluate on pems08_flow_short_term_forecasting:
2025-02-20 20:02:53,481 - masked_mae : 18.9437313079834
2025-02-20 20:02:53,489 - masked_rmse : 30.156885147094727
2025-02-20 20:02:53,503 - masked_mape : 0.1833515167236328
2025-02-20 20:02:53,503 - Evaluate on pems08_flow_long_term_forecasting:
2025-02-20 20:03:03,342 - masked_mae : 19.092756271362305
2025-02-20 20:03:03,367 - masked_rmse : 30.485158920288086
2025-02-20 20:03:03,416 - masked_mape : 0.19542507827281952
2025-02-20 20:03:03,416 - Evaluate on occpairs_occupancy_short_term_forecasting:
2025-02-20 20:03:19,120 - masked_mae : 0.8263209462165833
2025-02-20 20:03:19,148 - masked_rmse : 2.14145827293396
2025-02-20 20:03:19,200 - masked_mape : 0.15940506756305695
2025-02-20 20:03:19,201 - Evaluate on occpairs_occupancy_long_term_forecasting:
2025-02-20 20:03:44,804 - masked_mae : 0.9653258919715881
2025-02-20 20:03:44,902 - masked_rmse : 2.2877132892608643
2025-02-20 20:03:45,090 - masked_mape : 0.1897289752960205
2025-02-20 20:03:45,090 - Evaluate on occhamburg_occupancy_short_term_forecasting:
2025-02-20 20:03:55,498 - masked_mae : 6.227295398712158
2025-02-20 20:03:55,513 - masked_rmse : 10.46262264251709
2025-02-20 20:03:55,541 - masked_mape : 0.5377500653266907
2025-02-20 20:03:55,541 - Evaluate on occhamburg_occupancy_long_term_forecasting:
2025-02-20 20:04:11,051 - masked_mae : 5.985941410064697
2025-02-20 20:04:11,102 - masked_rmse : 9.963873863220215
2025-02-20 20:04:11,201 - masked_mape : 0.5136146545410156
2025-02-20 20:04:11,201 - Evaluate on pemsbay_speed_short_term_forecasting:
2025-02-20 20:04:29,758 - masked_mae : 2.1823203563690186
2025-02-20 20:04:29,792 - masked_rmse : 4.569478988647461
2025-02-20 20:04:29,858 - masked_mape : 0.051307667046785355
2025-02-20 20:04:29,858 - Evaluate on pemsbay_speed_long_term_forecasting:
2025-02-20 20:05:00,769 - masked_mae : 3.1052863597869873
2025-02-20 20:05:00,891 - masked_rmse : 6.065952301025391
2025-02-20 20:05:01,126 - masked_mape : 0.07321523874998093
2025-02-20 20:05:01,127 - Evaluate on metrla_speed_short_term_forecasting:
2025-02-20 20:05:12,250 - masked_mae : 4.7180681228637695
2025-02-20 20:05:12,267 - masked_rmse : 9.439014434814453
2025-02-20 20:05:12,299 - masked_mape : 0.12039894610643387
2025-02-20 20:05:12,299 - Evaluate on metrla_speed_long_term_forecasting:
2025-02-20 20:05:29,298 - masked_mae : 6.036524295806885
2025-02-20 20:05:29,357 - masked_rmse : 11.003666877746582
2025-02-20 20:05:29,469 - masked_mape : 0.15604425966739655
2025-02-20 20:05:29,469 - Evaluate on trafficsh_speed_short_term_forecasting:
2025-02-20 20:05:40,148 - masked_mae : 0.5596248507499695
2025-02-20 20:05:40,164 - masked_rmse : 0.8906213641166687
2025-02-20 20:05:40,193 - masked_mape : 0.06505835056304932
2025-02-20 20:05:40,194 - Evaluate on trafficsh_speed_long_term_forecasting:
2025-02-20 20:05:56,075 - masked_mae : 0.5831885933876038
2025-02-20 20:05:56,128 - masked_rmse : 0.9785140156745911
2025-02-20 20:05:56,231 - masked_mape : 0.07299551367759705
2025-02-20 20:05:56,231 - Evaluate on bikenyc_inflow_short_term_forecasting:
2025-02-20 20:06:04,189 - masked_mae : 0.9759989380836487
2025-02-20 20:06:04,198 - masked_rmse : 3.3998758792877197
2025-02-20 20:06:04,215 - masked_mape : 0.36447298526763916
2025-02-20 20:06:04,215 - Evaluate on bikenyc_inflow_long_term_forecasting:
2025-02-20 20:06:15,115 - masked_mae : 1.0401654243469238
2025-02-20 20:06:15,145 - masked_rmse : 3.6315066814422607
2025-02-20 20:06:15,203 - masked_mape : 0.3813983201980591
2025-02-20 20:06:15,203 - Evaluate on taxinyc_inflow_short_term_forecasting:
2025-02-20 20:06:23,173 - masked_mae : 5.608943462371826
2025-02-20 20:06:23,182 - masked_rmse : 16.643545150756836
2025-02-20 20:06:23,199 - masked_mape : 0.36763110756874084
2025-02-20 20:06:23,199 - Evaluate on taxinyc_inflow_long_term_forecasting:
2025-02-20 20:06:34,068 - masked_mae : 5.5616936683654785
2025-02-20 20:06:34,099 - masked_rmse : 17.02256202697754
2025-02-20 20:06:34,156 - masked_mape : 0.40656760334968567
2025-02-20 20:06:34,157 - Evaluate on tdrive_inflow_short_term_forecasting:
2025-02-20 20:07:04,174 - masked_mae : 15.657845497131348
2025-02-20 20:07:04,236 - masked_rmse : 32.19694519042969
2025-02-20 20:07:04,354 - masked_mape : 0.23144380748271942
2025-02-20 20:07:04,354 - Evaluate on tdrive_inflow_long_term_forecasting:
2025-02-20 20:07:57,021 - masked_mae : 15.505378723144531
2025-02-20 20:07:57,244 - masked_rmse : 30.733510971069336
2025-02-20 20:07:57,669 - masked_mape : 0.24726025760173798
2025-02-20 20:07:57,670 - ************************************************************   Imputation Task   ************************************************************
2025-02-20 20:07:57,670 - Evaluate on pems03_flow_point_imputation:
2025-02-20 20:08:02,776 - masked_mae : 52.48091125488281
2025-02-20 20:08:02,777 - masked_rmse : 72.73897552490234
2025-02-20 20:08:02,781 - masked_mre : 0.3247455954551697
2025-02-20 20:08:02,788 - Evaluate on pems03_flow_block_imputation:
2025-02-20 20:08:07,771 - masked_mae : 80.68560028076172
2025-02-20 20:08:07,772 - masked_rmse : 109.91324615478516
2025-02-20 20:08:07,774 - masked_mre : 0.5000863671302795
2025-02-20 20:08:07,774 - Evaluate on pems04_flow_point_imputation:
2025-02-20 20:08:12,587 - masked_mae : 57.98883819580078
2025-02-20 20:08:12,588 - masked_rmse : 82.98651885986328
2025-02-20 20:08:12,591 - masked_mre : 0.28823208808898926
2025-02-20 20:08:12,592 - Evaluate on pems04_flow_block_imputation:
2025-02-20 20:08:17,482 - masked_mae : 95.96419525146484
2025-02-20 20:08:17,483 - masked_rmse : 127.29283905029297
2025-02-20 20:08:17,484 - masked_mre : 0.479473352432251
2025-02-20 20:08:17,485 - Evaluate on pems07_flow_point_imputation:
2025-02-20 20:08:23,073 - masked_mae : 82.11717987060547
2025-02-20 20:08:23,084 - masked_rmse : 105.37873840332031
2025-02-20 20:08:23,097 - masked_mre : 0.2722116708755493
2025-02-20 20:08:23,097 - Evaluate on pems07_flow_block_imputation:
2025-02-20 20:08:28,621 - masked_mae : 156.85484313964844
2025-02-20 20:08:28,624 - masked_rmse : 188.20680236816406
2025-02-20 20:08:28,628 - masked_mre : 0.5199094414710999
2025-02-20 20:08:28,628 - Evaluate on pems08_flow_point_imputation:
2025-02-20 20:08:33,367 - masked_mae : 55.173072814941406
2025-02-20 20:08:33,368 - masked_rmse : 74.14966583251953
2025-02-20 20:08:33,374 - masked_mre : 0.26960864663124084
2025-02-20 20:08:33,388 - Evaluate on pems08_flow_block_imputation:
2025-02-20 20:08:38,084 - masked_mae : 103.8702392578125
2025-02-20 20:08:38,085 - masked_rmse : 128.9243927001953
2025-02-20 20:08:38,087 - masked_mre : 0.5077363848686218
2025-02-20 20:08:38,087 - Evaluate on pemsbay_speed_point_imputation:
2025-02-20 20:08:43,392 - masked_mae : 11.476411819458008
2025-02-20 20:08:43,405 - masked_rmse : 13.70188045501709
2025-02-20 20:08:43,422 - masked_mre : 0.18982774019241333
2025-02-20 20:08:43,422 - Evaluate on pemsbay_speed_block_imputation:
2025-02-20 20:08:48,751 - masked_mae : 33.122962951660156
2025-02-20 20:08:48,752 - masked_rmse : 34.547637939453125
2025-02-20 20:08:48,764 - masked_mre : 0.5481415390968323
2025-02-20 20:08:48,764 - Evaluate on metrla_speed_point_imputation:
2025-02-20 20:08:53,663 - masked_mae : 13.402793884277344
2025-02-20 20:08:53,664 - masked_rmse : 18.00417709350586
2025-02-20 20:08:53,667 - masked_mre : 0.2814146876335144
2025-02-20 20:08:53,667 - Evaluate on metrla_speed_block_imputation:
2025-02-20 20:08:58,570 - masked_mae : 26.98170280456543
2025-02-20 20:08:58,571 - masked_rmse : 31.905014038085938
2025-02-20 20:08:58,573 - masked_mre : 0.5927190184593201
2025-02-20 20:09:33,524 - [Epoch 19] Pretrain Loss: 22.5396
2025-02-20 20:09:33,524 - ************************************************************   Forecasting Task   ************************************************************
2025-02-20 20:09:33,525 - Evaluate on pems03_flow_short_term_forecasting:
2025-02-20 20:09:46,117 - masked_mae : 18.432100296020508
2025-02-20 20:09:46,137 - masked_rmse : 29.8190975189209
2025-02-20 20:09:46,176 - masked_mape : 0.17995379865169525
2025-02-20 20:09:46,176 - Evaluate on pems03_flow_long_term_forecasting:
2025-02-20 20:10:05,920 - masked_mae : 18.000749588012695
2025-02-20 20:10:05,992 - masked_rmse : 28.7703857421875
2025-02-20 20:10:06,128 - masked_mape : 0.1895485520362854
2025-02-20 20:10:06,128 - Evaluate on pems04_flow_short_term_forecasting:
2025-02-20 20:10:15,258 - masked_mae : 23.765304565429688
2025-02-20 20:10:15,270 - masked_rmse : 38.68394088745117
2025-02-20 20:10:15,292 - masked_mape : 0.1653641313314438
2025-02-20 20:10:15,293 - Evaluate on pems04_flow_long_term_forecasting:
2025-02-20 20:10:28,342 - masked_mae : 24.746225357055664
2025-02-20 20:10:28,383 - masked_rmse : 39.61904525756836
2025-02-20 20:10:28,462 - masked_mape : 0.1862366646528244
2025-02-20 20:10:28,462 - Evaluate on pems07_flow_short_term_forecasting:
2025-02-20 20:10:53,447 - masked_mae : 29.5205020904541
2025-02-20 20:10:53,497 - masked_rmse : 44.81277847290039
2025-02-20 20:10:53,592 - masked_mape : 0.14349861443042755
2025-02-20 20:10:53,592 - Evaluate on pems07_flow_long_term_forecasting:
2025-02-20 20:11:36,662 - masked_mae : 30.342557907104492
2025-02-20 20:11:36,841 - masked_rmse : 45.71738815307617
2025-02-20 20:11:37,183 - masked_mape : 0.15595759451389313
2025-02-20 20:11:37,183 - Evaluate on pems08_flow_short_term_forecasting:
2025-02-20 20:11:44,566 - masked_mae : 19.747461318969727
2025-02-20 20:11:44,574 - masked_rmse : 31.55925941467285
2025-02-20 20:11:44,588 - masked_mape : 0.16809231042861938
2025-02-20 20:11:44,588 - Evaluate on pems08_flow_long_term_forecasting:
2025-02-20 20:11:54,433 - masked_mae : 19.17235565185547
2025-02-20 20:11:54,459 - masked_rmse : 30.76430320739746
2025-02-20 20:11:54,508 - masked_mape : 0.1800737977027893
2025-02-20 20:11:54,508 - Evaluate on occpairs_occupancy_short_term_forecasting:
2025-02-20 20:12:10,161 - masked_mae : 0.8779842853546143
2025-02-20 20:12:10,189 - masked_rmse : 2.2516322135925293
2025-02-20 20:12:10,241 - masked_mape : 0.16938775777816772
2025-02-20 20:12:10,241 - Evaluate on occpairs_occupancy_long_term_forecasting:
2025-02-20 20:12:35,775 - masked_mae : 0.9708366394042969
2025-02-20 20:12:35,873 - masked_rmse : 2.305443525314331
2025-02-20 20:12:36,060 - masked_mape : 0.18902112543582916
2025-02-20 20:12:36,060 - Evaluate on occhamburg_occupancy_short_term_forecasting:
2025-02-20 20:12:46,451 - masked_mae : 6.42825174331665
2025-02-20 20:12:46,466 - masked_rmse : 10.690226554870605
2025-02-20 20:12:46,494 - masked_mape : 0.5624265074729919
2025-02-20 20:12:46,494 - Evaluate on occhamburg_occupancy_long_term_forecasting:
2025-02-20 20:13:01,943 - masked_mae : 6.019503116607666
2025-02-20 20:13:01,994 - masked_rmse : 10.045875549316406
2025-02-20 20:13:02,093 - masked_mape : 0.5090844035148621
2025-02-20 20:13:02,093 - Evaluate on pemsbay_speed_short_term_forecasting:
2025-02-20 20:13:20,626 - masked_mae : 2.209986925125122
2025-02-20 20:13:20,660 - masked_rmse : 4.583042144775391
2025-02-20 20:13:20,726 - masked_mape : 0.05095864459872246
2025-02-20 20:13:20,726 - Evaluate on pemsbay_speed_long_term_forecasting:
2025-02-20 20:13:51,579 - masked_mae : 3.106222152709961
2025-02-20 20:13:51,702 - masked_rmse : 6.061610698699951
2025-02-20 20:13:51,936 - masked_mape : 0.07229277491569519
2025-02-20 20:13:51,937 - Evaluate on metrla_speed_short_term_forecasting:
2025-02-20 20:14:03,146 - masked_mae : 4.77012300491333
2025-02-20 20:14:03,164 - masked_rmse : 9.47959041595459
2025-02-20 20:14:03,202 - masked_mape : 0.1205718144774437
2025-02-20 20:14:03,202 - Evaluate on metrla_speed_long_term_forecasting:
2025-02-20 20:14:20,222 - masked_mae : 6.0686798095703125
2025-02-20 20:14:20,281 - masked_rmse : 11.026021003723145
2025-02-20 20:14:20,393 - masked_mape : 0.1554044932126999
2025-02-20 20:14:20,393 - Evaluate on trafficsh_speed_short_term_forecasting:
2025-02-20 20:14:31,057 - masked_mae : 0.5961843132972717
2025-02-20 20:14:31,073 - masked_rmse : 0.922633707523346
2025-02-20 20:14:31,102 - masked_mape : 0.07108629494905472
2025-02-20 20:14:31,103 - Evaluate on trafficsh_speed_long_term_forecasting:
2025-02-20 20:14:47,066 - masked_mae : 0.6082255244255066
2025-02-20 20:14:47,120 - masked_rmse : 0.9935429692268372
2025-02-20 20:14:47,223 - masked_mape : 0.07659991085529327
2025-02-20 20:14:47,223 - Evaluate on bikenyc_inflow_short_term_forecasting:
2025-02-20 20:14:55,206 - masked_mae : 1.069176197052002
2025-02-20 20:14:55,215 - masked_rmse : 3.590998649597168
2025-02-20 20:14:55,232 - masked_mape : 0.39772558212280273
2025-02-20 20:14:55,232 - Evaluate on bikenyc_inflow_long_term_forecasting:
2025-02-20 20:15:06,107 - masked_mae : 1.0828778743743896
2025-02-20 20:15:06,137 - masked_rmse : 3.64902663230896
2025-02-20 20:15:06,195 - masked_mape : 0.39633819460868835
2025-02-20 20:15:06,195 - Evaluate on taxinyc_inflow_short_term_forecasting:
2025-02-20 20:15:14,090 - masked_mae : 6.5505828857421875
2025-02-20 20:15:14,099 - masked_rmse : 18.413339614868164
2025-02-20 20:15:14,115 - masked_mape : 0.48912397027015686
2025-02-20 20:15:14,116 - Evaluate on taxinyc_inflow_long_term_forecasting:
2025-02-20 20:15:24,923 - masked_mae : 6.036106109619141
2025-02-20 20:15:24,954 - masked_rmse : 17.30208396911621
2025-02-20 20:15:25,011 - masked_mape : 0.4623507559299469
2025-02-20 20:15:25,012 - Evaluate on tdrive_inflow_short_term_forecasting:
2025-02-20 20:15:54,857 - masked_mae : 17.936800003051758
2025-02-20 20:15:54,919 - masked_rmse : 35.528926849365234
2025-02-20 20:15:55,037 - masked_mape : 0.33850017189979553
2025-02-20 20:15:55,038 - Evaluate on tdrive_inflow_long_term_forecasting:
2025-02-20 20:16:47,663 - masked_mae : 16.16930389404297
2025-02-20 20:16:47,888 - masked_rmse : 31.06160545349121
2025-02-20 20:16:48,313 - masked_mape : 0.31043127179145813
2025-02-20 20:16:48,314 - ************************************************************   Imputation Task   ************************************************************
2025-02-20 20:16:48,314 - Evaluate on pems03_flow_point_imputation:
2025-02-20 20:16:53,279 - masked_mae : 54.002288818359375
2025-02-20 20:16:53,282 - masked_rmse : 74.46991729736328
2025-02-20 20:16:53,285 - masked_mre : 0.33412542939186096
2025-02-20 20:16:53,285 - Evaluate on pems03_flow_block_imputation:
2025-02-20 20:16:58,351 - masked_mae : 81.9998550415039
2025-02-20 20:16:58,353 - masked_rmse : 111.77360534667969
2025-02-20 20:16:58,355 - masked_mre : 0.5082016587257385
2025-02-20 20:16:58,361 - Evaluate on pems04_flow_point_imputation:
2025-02-20 20:17:03,197 - masked_mae : 60.14838409423828
2025-02-20 20:17:03,198 - masked_rmse : 85.86486053466797
2025-02-20 20:17:03,200 - masked_mre : 0.2989729344844818
2025-02-20 20:17:03,200 - Evaluate on pems04_flow_block_imputation:
2025-02-20 20:17:08,002 - masked_mae : 96.7479476928711
2025-02-20 20:17:08,003 - masked_rmse : 128.6210174560547
2025-02-20 20:17:08,004 - masked_mre : 0.4832967221736908
2025-02-20 20:17:08,005 - Evaluate on pems07_flow_point_imputation:
2025-02-20 20:17:13,574 - masked_mae : 85.06659698486328
2025-02-20 20:17:13,583 - masked_rmse : 108.60429382324219
2025-02-20 20:17:13,600 - masked_mre : 0.28199365735054016
2025-02-20 20:17:13,600 - Evaluate on pems07_flow_block_imputation:
2025-02-20 20:17:19,178 - masked_mae : 157.66897583007812
2025-02-20 20:17:19,180 - masked_rmse : 189.79095458984375
2025-02-20 20:17:19,184 - masked_mre : 0.522515058517456
2025-02-20 20:17:19,184 - Evaluate on pems08_flow_point_imputation:
2025-02-20 20:17:23,933 - masked_mae : 57.51322937011719
2025-02-20 20:17:23,935 - masked_rmse : 76.88106536865234
2025-02-20 20:17:23,937 - masked_mre : 0.28100505471229553
2025-02-20 20:17:23,937 - Evaluate on pems08_flow_block_imputation:
2025-02-20 20:17:28,706 - masked_mae : 103.71955871582031
2025-02-20 20:17:28,707 - masked_rmse : 128.9965362548828
2025-02-20 20:17:28,709 - masked_mre : 0.5069376230239868
2025-02-20 20:17:28,709 - Evaluate on pemsbay_speed_point_imputation:
2025-02-20 20:17:33,979 - masked_mae : 12.09868049621582
2025-02-20 20:17:33,991 - masked_rmse : 14.351877212524414
2025-02-20 20:17:34,009 - masked_mre : 0.2001241147518158
2025-02-20 20:17:34,009 - Evaluate on pemsbay_speed_block_imputation:
2025-02-20 20:17:39,275 - masked_mae : 34.39020538330078
2025-02-20 20:17:39,277 - masked_rmse : 35.86688232421875
2025-02-20 20:17:39,282 - masked_mre : 0.5691160559654236
2025-02-20 20:17:39,282 - Evaluate on metrla_speed_point_imputation:
2025-02-20 20:17:44,225 - masked_mae : 13.956162452697754
2025-02-20 20:17:44,226 - masked_rmse : 18.574373245239258
2025-02-20 20:17:44,228 - masked_mre : 0.29517295956611633
2025-02-20 20:17:44,229 - Evaluate on metrla_speed_block_imputation:
2025-02-20 20:17:49,165 - masked_mae : 27.608970642089844
2025-02-20 20:17:49,166 - masked_rmse : 32.67979431152344
2025-02-20 20:17:49,169 - masked_mre : 0.6068315505981445
2025-02-20 20:18:24,325 - [Epoch 20] Pretrain Loss: 22.4349
2025-02-20 20:18:24,326 - ************************************************************   Forecasting Task   ************************************************************
2025-02-20 20:18:24,326 - Evaluate on pems03_flow_short_term_forecasting:
2025-02-20 20:18:37,120 - masked_mae : 17.986282348632812
2025-02-20 20:18:37,140 - masked_rmse : 28.927358627319336
2025-02-20 20:18:37,178 - masked_mape : 0.176345095038414
2025-02-20 20:18:37,178 - Evaluate on pems03_flow_long_term_forecasting:
2025-02-20 20:18:56,947 - masked_mae : 17.75987434387207
2025-02-20 20:18:57,018 - masked_rmse : 28.327566146850586
2025-02-20 20:18:57,154 - masked_mape : 0.18879295885562897
2025-02-20 20:18:57,154 - Evaluate on pems04_flow_short_term_forecasting:
2025-02-20 20:19:06,557 - masked_mae : 23.264305114746094
2025-02-20 20:19:06,570 - masked_rmse : 37.65884017944336
2025-02-20 20:19:06,592 - masked_mape : 0.16471754014492035
2025-02-20 20:19:06,592 - Evaluate on pems04_flow_long_term_forecasting:
2025-02-20 20:19:19,741 - masked_mae : 24.6037654876709
2025-02-20 20:19:19,782 - masked_rmse : 39.36381530761719
2025-02-20 20:19:19,860 - masked_mape : 0.18896228075027466
2025-02-20 20:19:19,860 - Evaluate on pems07_flow_short_term_forecasting:
2025-02-20 20:19:44,841 - masked_mae : 28.93320655822754
2025-02-20 20:19:44,891 - masked_rmse : 43.551998138427734
2025-02-20 20:19:44,986 - masked_mape : 0.14471520483493805
2025-02-20 20:19:44,986 - Evaluate on pems07_flow_long_term_forecasting:
2025-02-20 20:20:28,068 - masked_mae : 30.21552085876465
2025-02-20 20:20:28,247 - masked_rmse : 45.40525817871094
2025-02-20 20:20:28,589 - masked_mape : 0.157255157828331
2025-02-20 20:20:28,589 - Evaluate on pems08_flow_short_term_forecasting:
2025-02-20 20:20:35,996 - masked_mae : 19.303476333618164
2025-02-20 20:20:36,004 - masked_rmse : 30.576379776000977
2025-02-20 20:20:36,018 - masked_mape : 0.17223553359508514
2025-02-20 20:20:36,018 - Evaluate on pems08_flow_long_term_forecasting:
2025-02-20 20:20:45,785 - masked_mae : 18.995790481567383
2025-02-20 20:20:45,810 - masked_rmse : 30.4233455657959
2025-02-20 20:20:45,859 - masked_mape : 0.17868344485759735
2025-02-20 20:20:45,859 - Evaluate on occpairs_occupancy_short_term_forecasting:
2025-02-20 20:21:01,494 - masked_mae : 0.8405171036720276
2025-02-20 20:21:01,521 - masked_rmse : 2.1304733753204346
2025-02-20 20:21:01,574 - masked_mape : 0.16457833349704742
2025-02-20 20:21:01,574 - Evaluate on occpairs_occupancy_long_term_forecasting:
2025-02-20 20:21:27,041 - masked_mae : 0.9543387293815613
2025-02-20 20:21:27,139 - masked_rmse : 2.26837420463562
2025-02-20 20:21:27,326 - masked_mape : 0.1856943517923355
2025-02-20 20:21:27,326 - Evaluate on occhamburg_occupancy_short_term_forecasting:
2025-02-20 20:21:37,655 - masked_mae : 6.333712100982666
2025-02-20 20:21:37,670 - masked_rmse : 10.577667236328125
2025-02-20 20:21:37,698 - masked_mape : 0.5542609095573425
2025-02-20 20:21:37,698 - Evaluate on occhamburg_occupancy_long_term_forecasting:
2025-02-20 20:21:53,123 - masked_mae : 5.985019683837891
2025-02-20 20:21:53,175 - masked_rmse : 9.994750022888184
2025-02-20 20:21:53,273 - masked_mape : 0.5064099431037903
2025-02-20 20:21:53,274 - Evaluate on pemsbay_speed_short_term_forecasting:
2025-02-20 20:22:11,766 - masked_mae : 2.1895368099212646
2025-02-20 20:22:11,801 - masked_rmse : 4.584672927856445
2025-02-20 20:22:11,866 - masked_mape : 0.0508556067943573
2025-02-20 20:22:11,867 - Evaluate on pemsbay_speed_long_term_forecasting:
2025-02-20 20:22:42,754 - masked_mae : 3.0947396755218506
2025-02-20 20:22:42,877 - masked_rmse : 6.09341287612915
2025-02-20 20:22:43,111 - masked_mape : 0.07232838124036789
2025-02-20 20:22:43,112 - Evaluate on metrla_speed_short_term_forecasting:
2025-02-20 20:22:54,234 - masked_mae : 4.716829776763916
2025-02-20 20:22:54,251 - masked_rmse : 9.500187873840332
2025-02-20 20:22:54,282 - masked_mape : 0.11967945098876953
2025-02-20 20:22:54,283 - Evaluate on metrla_speed_long_term_forecasting:
2025-02-20 20:23:11,225 - masked_mae : 6.018163204193115
2025-02-20 20:23:11,284 - masked_rmse : 11.031167030334473
2025-02-20 20:23:11,396 - masked_mape : 0.15462784469127655
2025-02-20 20:23:11,396 - Evaluate on trafficsh_speed_short_term_forecasting:
2025-02-20 20:23:22,053 - masked_mae : 0.5653527975082397
2025-02-20 20:23:22,068 - masked_rmse : 0.8908116221427917
2025-02-20 20:23:22,098 - masked_mape : 0.06726257503032684
2025-02-20 20:23:22,098 - Evaluate on trafficsh_speed_long_term_forecasting:
2025-02-20 20:23:37,965 - masked_mae : 0.5923371911048889
2025-02-20 20:23:38,018 - masked_rmse : 0.9731969237327576
2025-02-20 20:23:38,121 - masked_mape : 0.07506538182497025
2025-02-20 20:23:38,121 - Evaluate on bikenyc_inflow_short_term_forecasting:
2025-02-20 20:23:46,092 - masked_mae : 0.9952688217163086
2025-02-20 20:23:46,101 - masked_rmse : 3.3349695205688477
2025-02-20 20:23:46,117 - masked_mape : 0.37949374318122864
2025-02-20 20:23:46,118 - Evaluate on bikenyc_inflow_long_term_forecasting:
2025-02-20 20:23:56,922 - masked_mae : 1.0261436700820923
2025-02-20 20:23:56,952 - masked_rmse : 3.511765241622925
2025-02-20 20:23:57,010 - masked_mape : 0.3821539878845215
2025-02-20 20:23:57,010 - Evaluate on taxinyc_inflow_short_term_forecasting:
2025-02-20 20:24:04,892 - masked_mae : 5.846538543701172
2025-02-20 20:24:04,901 - masked_rmse : 16.37837028503418
2025-02-20 20:24:04,918 - masked_mape : 0.4186314046382904
2025-02-20 20:24:04,918 - Evaluate on taxinyc_inflow_long_term_forecasting:
2025-02-20 20:24:15,735 - masked_mae : 5.440891265869141
2025-02-20 20:24:15,765 - masked_rmse : 16.311128616333008
2025-02-20 20:24:15,823 - masked_mape : 0.41809919476509094
2025-02-20 20:24:15,823 - Evaluate on tdrive_inflow_short_term_forecasting:
2025-02-20 20:24:45,794 - masked_mae : 16.713403701782227
2025-02-20 20:24:45,856 - masked_rmse : 32.401283264160156
2025-02-20 20:24:45,974 - masked_mape : 0.287110298871994
2025-02-20 20:24:45,974 - Evaluate on tdrive_inflow_long_term_forecasting:
2025-02-20 20:25:38,543 - masked_mae : 15.459895133972168
2025-02-20 20:25:38,765 - masked_rmse : 30.0311336517334
2025-02-20 20:25:39,190 - masked_mape : 0.2693554759025574
2025-02-20 20:25:39,191 - ************************************************************   Imputation Task   ************************************************************
2025-02-20 20:25:39,191 - Evaluate on pems03_flow_point_imputation:
2025-02-20 20:25:44,188 - masked_mae : 53.86406326293945
2025-02-20 20:25:44,189 - masked_rmse : 74.43777465820312
2025-02-20 20:25:44,193 - masked_mre : 0.33331093192100525
2025-02-20 20:25:44,200 - Evaluate on pems03_flow_block_imputation:
2025-02-20 20:25:49,210 - masked_mae : 83.42243957519531
2025-02-20 20:25:49,211 - masked_rmse : 113.8946533203125
2025-02-20 20:25:49,214 - masked_mre : 0.5170831680297852
2025-02-20 20:25:49,214 - Evaluate on pems04_flow_point_imputation:
2025-02-20 20:25:54,051 - masked_mae : 58.688621520996094
2025-02-20 20:25:54,052 - masked_rmse : 82.89601135253906
2025-02-20 20:25:54,054 - masked_mre : 0.29187285900115967
2025-02-20 20:25:54,054 - Evaluate on pems04_flow_block_imputation:
2025-02-20 20:25:58,862 - masked_mae : 100.28662872314453
2025-02-20 20:25:58,863 - masked_rmse : 133.6843719482422
2025-02-20 20:25:58,865 - masked_mre : 0.5010553002357483
2025-02-20 20:25:58,865 - Evaluate on pems07_flow_point_imputation:
2025-02-20 20:26:04,444 - masked_mae : 86.23931121826172
2025-02-20 20:26:04,452 - masked_rmse : 110.0146484375
2025-02-20 20:26:04,474 - masked_mre : 0.28599056601524353
2025-02-20 20:26:04,475 - Evaluate on pems07_flow_block_imputation:
2025-02-20 20:26:10,095 - masked_mae : 164.6370391845703
2025-02-20 20:26:10,107 - masked_rmse : 198.0140838623047
2025-02-20 20:26:10,123 - masked_mre : 0.5456719994544983
2025-02-20 20:26:10,127 - Evaluate on pems08_flow_point_imputation:
2025-02-20 20:26:14,822 - masked_mae : 58.419620513916016
2025-02-20 20:26:14,823 - masked_rmse : 77.95780181884766
2025-02-20 20:26:14,825 - masked_mre : 0.28544092178344727
2025-02-20 20:26:14,825 - Evaluate on pems08_flow_block_imputation:
2025-02-20 20:26:19,597 - masked_mae : 111.08464050292969
2025-02-20 20:26:19,598 - masked_rmse : 138.51617431640625
2025-02-20 20:26:19,600 - masked_mre : 0.5430349707603455
2025-02-20 20:26:19,600 - Evaluate on pemsbay_speed_point_imputation:
2025-02-20 20:26:24,903 - masked_mae : 11.64585018157959
2025-02-20 20:26:24,913 - masked_rmse : 13.943756103515625
2025-02-20 20:26:24,929 - masked_mre : 0.19263164699077606
2025-02-20 20:26:24,929 - Evaluate on pemsbay_speed_block_imputation:
2025-02-20 20:26:30,204 - masked_mae : 33.712867736816406
2025-02-20 20:26:30,206 - masked_rmse : 35.168235778808594
2025-02-20 20:26:30,209 - masked_mre : 0.5579067468643188
2025-02-20 20:26:30,209 - Evaluate on metrla_speed_point_imputation:
2025-02-20 20:26:35,122 - masked_mae : 13.655808448791504
2025-02-20 20:26:35,124 - masked_rmse : 18.22694206237793
2025-02-20 20:26:35,126 - masked_mre : 0.28914445638656616
2025-02-20 20:26:35,133 - Evaluate on metrla_speed_block_imputation:
2025-02-20 20:26:40,045 - masked_mae : 27.33988380432129
2025-02-20 20:26:40,046 - masked_rmse : 32.27915573120117
2025-02-20 20:26:40,048 - masked_mre : 0.6029003262519836
