2025-02-21 23:38:29,170 - logger name:log/foundation/urbanfm_downstream/dataset_ratio_100.0%/model_layer_4_4/32/record.log
2025-02-21 23:53:01,919 - 
============================== Model Parameters ==============================
2025-02-21 23:53:01,919 - Total Parameters: 400,193 (≈ 0.40 M or ≈ 0.00 B)
2025-02-21 23:53:01,919 - Trainable Parameters: 400,193 (≈ 0.40 M or ≈ 0.00 B)
2025-02-21 23:53:01,919 - ========================================================================

2025-02-21 23:53:40,610 - [Epoch 1] Pretrain Loss: 47.0044
2025-02-21 23:54:16,855 - [Epoch 2] Pretrain Loss: 26.9060
2025-02-21 23:54:53,121 - [Epoch 3] Pretrain Loss: 25.4966
2025-02-21 23:55:29,397 - [Epoch 4] Pretrain Loss: 24.4763
2025-02-21 23:56:05,692 - [Epoch 5] Pretrain Loss: 23.7086
2025-02-21 23:56:05,693 - ************************************************************   Forecasting Task   ************************************************************
2025-02-21 23:56:05,693 - Evaluate on pems03_flow_short_term_forecasting:
2025-02-21 23:56:19,025 - masked_mae : 16.942855834960938
2025-02-21 23:56:19,046 - masked_rmse : 26.980201721191406
2025-02-21 23:56:19,102 - masked_mape : 0.17681801319122314
2025-02-21 23:56:19,102 - Evaluate on pems03_flow_long_term_forecasting:
2025-02-21 23:56:39,427 - masked_mae : 18.45871353149414
2025-02-21 23:56:39,498 - masked_rmse : 29.4145565032959
2025-02-21 23:56:39,634 - masked_mape : 0.1970585137605667
2025-02-21 23:56:39,635 - Evaluate on pems04_flow_short_term_forecasting:
2025-02-21 23:56:49,031 - masked_mae : 23.73526954650879
2025-02-21 23:56:49,043 - masked_rmse : 37.35335922241211
2025-02-21 23:56:49,064 - masked_mape : 0.16915322840213776
2025-02-21 23:56:49,064 - Evaluate on pems04_flow_long_term_forecasting:
2025-02-21 23:57:02,199 - masked_mae : 27.395620346069336
2025-02-21 23:57:02,238 - masked_rmse : 42.595821380615234
2025-02-21 23:57:02,313 - masked_mape : 0.2022898644208908
2025-02-21 23:57:02,313 - Evaluate on pems07_flow_short_term_forecasting:
2025-02-21 23:57:28,397 - masked_mae : 28.36402130126953
2025-02-21 23:57:28,446 - masked_rmse : 42.279109954833984
2025-02-21 23:57:28,540 - masked_mape : 0.15624664723873138
2025-02-21 23:57:28,541 - Evaluate on pems07_flow_long_term_forecasting:
2025-02-21 23:58:12,462 - masked_mae : 33.58174133300781
2025-02-21 23:58:12,637 - masked_rmse : 49.3548698425293
2025-02-21 23:58:12,973 - masked_mape : 0.18005554378032684
2025-02-21 23:58:12,974 - Evaluate on pems08_flow_short_term_forecasting:
2025-02-21 23:58:20,717 - masked_mae : 18.031814575195312
2025-02-21 23:58:20,724 - masked_rmse : 28.635026931762695
2025-02-21 23:58:20,739 - masked_mape : 0.19974400103092194
2025-02-21 23:58:20,739 - Evaluate on pems08_flow_long_term_forecasting:
2025-02-21 23:58:30,895 - masked_mae : 20.545013427734375
2025-02-21 23:58:30,920 - masked_rmse : 32.26026916503906
2025-02-21 23:58:30,969 - masked_mape : 0.21719948947429657
2025-02-21 23:58:30,969 - Evaluate on occpairs_occupancy_short_term_forecasting:
2025-02-21 23:58:46,259 - masked_mae : 0.9242126941680908
2025-02-21 23:58:46,284 - masked_rmse : 2.190394639968872
2025-02-21 23:58:46,331 - masked_mape : 0.162658229470253
2025-02-21 23:58:46,331 - Evaluate on occpairs_occupancy_long_term_forecasting:
2025-02-21 23:59:10,195 - masked_mae : 1.118601679801941
2025-02-21 23:59:10,283 - masked_rmse : 2.4937498569488525
2025-02-21 23:59:10,450 - masked_mape : 0.18843974173069
2025-02-21 23:59:10,450 - Evaluate on occhamburg_occupancy_short_term_forecasting:
2025-02-21 23:59:21,741 - masked_mae : 5.730465412139893
2025-02-21 23:59:21,757 - masked_rmse : 9.84128475189209
2025-02-21 23:59:21,786 - masked_mape : 0.5344043374061584
2025-02-21 23:59:21,787 - Evaluate on occhamburg_occupancy_long_term_forecasting:
2025-02-21 23:59:38,431 - masked_mae : 5.688210964202881
2025-02-21 23:59:38,486 - masked_rmse : 9.723301887512207
2025-02-21 23:59:38,591 - masked_mape : 0.5140882134437561
2025-02-21 23:59:38,591 - Evaluate on pemsbay_speed_short_term_forecasting:
2025-02-22 00:00:02,254 - masked_mae : 2.1485836505889893
2025-02-22 00:00:02,290 - masked_rmse : 4.5581440925598145
2025-02-22 00:00:02,359 - masked_mape : 0.051877349615097046
2025-02-22 00:00:02,360 - Evaluate on pemsbay_speed_long_term_forecasting:
2025-02-22 00:00:35,543 - masked_mae : 3.110196352005005
2025-02-22 00:00:35,671 - masked_rmse : 6.096571445465088
2025-02-22 00:00:35,916 - masked_mape : 0.07502049952745438
2025-02-22 00:00:35,917 - Evaluate on metrla_speed_short_term_forecasting:
2025-02-22 00:00:47,230 - masked_mae : 5.282712459564209
2025-02-22 00:00:47,245 - masked_rmse : 9.892220497131348
2025-02-22 00:00:47,275 - masked_mape : 0.12629471719264984
2025-02-22 00:00:47,276 - Evaluate on metrla_speed_long_term_forecasting:
2025-02-22 00:01:03,986 - masked_mae : 6.901785373687744
2025-02-22 00:01:04,041 - masked_rmse : 11.675763130187988
2025-02-22 00:01:04,146 - masked_mape : 0.16630524396896362
2025-02-22 00:01:04,146 - Evaluate on trafficsh_speed_short_term_forecasting:
2025-02-22 00:01:15,275 - masked_mae : 0.5337769389152527
2025-02-22 00:01:15,291 - masked_rmse : 0.8878713250160217
2025-02-22 00:01:15,320 - masked_mape : 0.06136798858642578
2025-02-22 00:01:15,320 - Evaluate on trafficsh_speed_long_term_forecasting:
2025-02-22 00:01:31,506 - masked_mae : 0.650785505771637
2025-02-22 00:01:31,559 - masked_rmse : 1.0308051109313965
2025-02-22 00:01:31,659 - masked_mape : 0.07973790168762207
2025-02-22 00:01:31,660 - Evaluate on bikenyc_inflow_short_term_forecasting:
2025-02-22 00:01:39,763 - masked_mae : 1.0154303312301636
2025-02-22 00:01:39,771 - masked_rmse : 3.371051549911499
2025-02-22 00:01:39,787 - masked_mape : 0.34650835394859314
2025-02-22 00:01:39,787 - Evaluate on bikenyc_inflow_long_term_forecasting:
2025-02-22 00:01:50,603 - masked_mae : 1.186691403388977
2025-02-22 00:01:50,631 - masked_rmse : 4.076810836791992
2025-02-22 00:01:50,685 - masked_mape : 0.3715341091156006
2025-02-22 00:01:50,686 - Evaluate on taxinyc_inflow_short_term_forecasting:
2025-02-22 00:01:58,771 - masked_mae : 5.95466423034668
2025-02-22 00:01:58,780 - masked_rmse : 17.336366653442383
2025-02-22 00:01:58,796 - masked_mape : 0.35021352767944336
2025-02-22 00:01:58,796 - Evaluate on taxinyc_inflow_long_term_forecasting:
2025-02-22 00:02:09,632 - masked_mae : 6.57884407043457
2025-02-22 00:02:09,661 - masked_rmse : 19.59954071044922
2025-02-22 00:02:09,715 - masked_mape : 0.4191543161869049
2025-02-22 00:02:09,715 - Evaluate on tdrive_inflow_short_term_forecasting:
2025-02-22 00:02:41,089 - masked_mae : 15.31626033782959
2025-02-22 00:02:41,150 - masked_rmse : 30.134065628051758
2025-02-22 00:02:41,266 - masked_mape : 0.23088502883911133
2025-02-22 00:02:41,267 - Evaluate on tdrive_inflow_long_term_forecasting:
2025-02-22 00:03:34,903 - masked_mae : 16.773406982421875
2025-02-22 00:03:35,121 - masked_rmse : 33.487674713134766
2025-02-22 00:03:35,539 - masked_mape : 0.2496158629655838
2025-02-22 00:03:35,540 - ************************************************************   Imputation Task   ************************************************************
2025-02-22 00:03:35,540 - Evaluate on pems03_flow_point_imputation:
2025-02-22 00:03:40,768 - masked_mae : 63.846187591552734
2025-02-22 00:03:40,770 - masked_rmse : 86.56775665283203
2025-02-22 00:03:40,773 - masked_mre : 0.39486974477767944
2025-02-22 00:03:40,773 - Evaluate on pems03_flow_block_imputation:
2025-02-22 00:03:45,978 - masked_mae : 87.31327819824219
2025-02-22 00:03:45,980 - masked_rmse : 111.8023681640625
2025-02-22 00:03:45,983 - masked_mre : 0.5407313704490662
2025-02-22 00:03:45,983 - Evaluate on pems04_flow_point_imputation:
2025-02-22 00:03:51,000 - masked_mae : 69.63565826416016
2025-02-22 00:03:51,001 - masked_rmse : 93.32022094726562
2025-02-22 00:03:51,003 - masked_mre : 0.3298090696334839
2025-02-22 00:03:51,003 - Evaluate on pems04_flow_block_imputation:
2025-02-22 00:03:56,034 - masked_mae : 101.90245056152344
2025-02-22 00:03:56,035 - masked_rmse : 128.55174255371094
2025-02-22 00:03:56,037 - masked_mre : 0.484731525182724
2025-02-22 00:03:56,037 - Evaluate on pems07_flow_point_imputation:
2025-02-22 00:04:01,811 - masked_mae : 94.3607177734375
2025-02-22 00:04:01,827 - masked_rmse : 118.0977554321289
2025-02-22 00:04:01,845 - masked_mre : 0.3070237338542938
2025-02-22 00:04:01,846 - Evaluate on pems07_flow_block_imputation:
2025-02-22 00:04:07,572 - masked_mae : 155.11277770996094
2025-02-22 00:04:07,575 - masked_rmse : 179.678955078125
2025-02-22 00:04:07,588 - masked_mre : 0.5052833557128906
2025-02-22 00:04:07,588 - Evaluate on pems08_flow_point_imputation:
2025-02-22 00:04:12,524 - masked_mae : 67.5497817993164
2025-02-22 00:04:12,525 - masked_rmse : 88.26191711425781
2025-02-22 00:04:12,526 - masked_mre : 0.3298797607421875
2025-02-22 00:04:12,526 - Evaluate on pems08_flow_block_imputation:
2025-02-22 00:04:17,456 - masked_mae : 110.36974334716797
2025-02-22 00:04:17,457 - masked_rmse : 133.6844482421875
2025-02-22 00:04:17,458 - masked_mre : 0.5395680665969849
2025-02-22 00:04:17,458 - Evaluate on pemsbay_speed_point_imputation:
2025-02-22 00:04:22,974 - masked_mae : 10.860255241394043
2025-02-22 00:04:22,989 - masked_rmse : 13.529868125915527
2025-02-22 00:04:23,006 - masked_mre : 0.18821924924850464
2025-02-22 00:04:23,006 - Evaluate on pemsbay_speed_block_imputation:
2025-02-22 00:04:28,504 - masked_mae : 27.797040939331055
2025-02-22 00:04:28,516 - masked_rmse : 29.8194580078125
2025-02-22 00:04:28,522 - masked_mre : 0.4818844795227051
2025-02-22 00:04:28,523 - Evaluate on metrla_speed_point_imputation:
2025-02-22 00:04:33,677 - masked_mae : 13.50877857208252
2025-02-22 00:04:33,678 - masked_rmse : 17.419157028198242
2025-02-22 00:04:33,680 - masked_mre : 0.2710321843624115
2025-02-22 00:04:33,680 - Evaluate on metrla_speed_block_imputation:
2025-02-22 00:04:38,787 - masked_mae : 25.008712768554688
2025-02-22 00:04:38,789 - masked_rmse : 28.866493225097656
2025-02-22 00:04:38,792 - masked_mre : 0.5226922631263733
2025-02-22 00:05:15,204 - [Epoch 6] Pretrain Loss: 23.4966
2025-02-22 00:05:15,205 - ************************************************************   Forecasting Task   ************************************************************
2025-02-22 00:05:15,205 - Evaluate on pems03_flow_short_term_forecasting:
2025-02-22 00:05:28,541 - masked_mae : 17.71323585510254
2025-02-22 00:05:28,561 - masked_rmse : 27.95775604248047
2025-02-22 00:05:28,600 - masked_mape : 0.17909091711044312
2025-02-22 00:05:28,600 - Evaluate on pems03_flow_long_term_forecasting:
2025-02-22 00:05:48,950 - masked_mae : 18.34874153137207
2025-02-22 00:05:49,021 - masked_rmse : 29.001998901367188
2025-02-22 00:05:49,157 - masked_mape : 0.1971120834350586
2025-02-22 00:05:49,157 - Evaluate on pems04_flow_short_term_forecasting:
2025-02-22 00:05:58,599 - masked_mae : 24.583436965942383
2025-02-22 00:05:58,610 - masked_rmse : 38.46400451660156
2025-02-22 00:05:58,632 - masked_mape : 0.17095650732517242
2025-02-22 00:05:58,632 - Evaluate on pems04_flow_long_term_forecasting:
2025-02-22 00:06:11,797 - masked_mae : 26.823326110839844
2025-02-22 00:06:11,836 - masked_rmse : 41.768001556396484
2025-02-22 00:06:11,911 - masked_mape : 0.19917786121368408
2025-02-22 00:06:11,911 - Evaluate on pems07_flow_short_term_forecasting:
2025-02-22 00:06:38,055 - masked_mae : 29.623199462890625
2025-02-22 00:06:38,104 - masked_rmse : 43.92133712768555
2025-02-22 00:06:38,197 - masked_mape : 0.16079439222812653
2025-02-22 00:06:38,198 - Evaluate on pems07_flow_long_term_forecasting:
2025-02-22 00:07:22,267 - masked_mae : 32.71444320678711
2025-02-22 00:07:22,442 - masked_rmse : 48.39630126953125
2025-02-22 00:07:22,778 - masked_mape : 0.18004834651947021
2025-02-22 00:07:22,778 - Evaluate on pems08_flow_short_term_forecasting:
2025-02-22 00:07:30,479 - masked_mae : 19.0909481048584
2025-02-22 00:07:30,486 - masked_rmse : 29.993921279907227
2025-02-22 00:07:30,501 - masked_mape : 0.20834971964359283
2025-02-22 00:07:30,501 - Evaluate on pems08_flow_long_term_forecasting:
2025-02-22 00:07:40,627 - masked_mae : 20.166593551635742
2025-02-22 00:07:40,653 - masked_rmse : 31.969194412231445
2025-02-22 00:07:40,701 - masked_mape : 0.22630508244037628
2025-02-22 00:07:40,701 - Evaluate on occpairs_occupancy_short_term_forecasting:
2025-02-22 00:07:56,016 - masked_mae : 0.9950318336486816
2025-02-22 00:07:56,040 - masked_rmse : 2.273479700088501
2025-02-22 00:07:56,087 - masked_mape : 0.17971676588058472
2025-02-22 00:07:56,088 - Evaluate on occpairs_occupancy_long_term_forecasting:
2025-02-22 00:08:20,116 - masked_mae : 1.1443707942962646
2025-02-22 00:08:20,203 - masked_rmse : 2.4722647666931152
2025-02-22 00:08:20,370 - masked_mape : 0.20300187170505524
2025-02-22 00:08:20,371 - Evaluate on occhamburg_occupancy_short_term_forecasting:
2025-02-22 00:08:31,744 - masked_mae : 5.941582202911377
2025-02-22 00:08:31,759 - masked_rmse : 10.179618835449219
2025-02-22 00:08:31,789 - masked_mape : 0.5623922348022461
2025-02-22 00:08:31,789 - Evaluate on occhamburg_occupancy_long_term_forecasting:
2025-02-22 00:08:48,486 - masked_mae : 5.747416019439697
2025-02-22 00:08:48,541 - masked_rmse : 9.761555671691895
2025-02-22 00:08:48,646 - masked_mape : 0.540203332901001
2025-02-22 00:08:48,646 - Evaluate on pemsbay_speed_short_term_forecasting:
2025-02-22 00:09:09,002 - masked_mae : 2.130885362625122
2025-02-22 00:09:09,037 - masked_rmse : 4.545848369598389
2025-02-22 00:09:09,106 - masked_mape : 0.05127738416194916
2025-02-22 00:09:09,107 - Evaluate on pemsbay_speed_long_term_forecasting:
2025-02-22 00:09:42,422 - masked_mae : 3.03363037109375
2025-02-22 00:09:42,550 - masked_rmse : 6.040246486663818
2025-02-22 00:09:42,796 - masked_mape : 0.07336830347776413
2025-02-22 00:09:42,796 - Evaluate on metrla_speed_short_term_forecasting:
2025-02-22 00:09:54,122 - masked_mae : 5.240756988525391
2025-02-22 00:09:54,138 - masked_rmse : 9.941433906555176
2025-02-22 00:09:54,167 - masked_mape : 0.12380808591842651
2025-02-22 00:09:54,168 - Evaluate on metrla_speed_long_term_forecasting:
2025-02-22 00:10:11,002 - masked_mae : 6.691868305206299
2025-02-22 00:10:11,056 - masked_rmse : 11.599637031555176
2025-02-22 00:10:11,161 - masked_mape : 0.16057895123958588
2025-02-22 00:10:11,162 - Evaluate on trafficsh_speed_short_term_forecasting:
2025-02-22 00:10:22,329 - masked_mae : 0.5612640976905823
2025-02-22 00:10:22,345 - masked_rmse : 0.9431503415107727
2025-02-22 00:10:22,374 - masked_mape : 0.0638197809457779
2025-02-22 00:10:22,374 - Evaluate on trafficsh_speed_long_term_forecasting:
2025-02-22 00:10:38,594 - masked_mae : 0.6436171531677246
2025-02-22 00:10:38,647 - masked_rmse : 1.059338927268982
2025-02-22 00:10:38,748 - masked_mape : 0.07790401577949524
2025-02-22 00:10:38,748 - Evaluate on bikenyc_inflow_short_term_forecasting:
2025-02-22 00:10:46,878 - masked_mae : 1.087253451347351
2025-02-22 00:10:46,887 - masked_rmse : 3.467931032180786
2025-02-22 00:10:46,902 - masked_mape : 0.37253591418266296
2025-02-22 00:10:46,903 - Evaluate on bikenyc_inflow_long_term_forecasting:
2025-02-22 00:10:57,739 - masked_mae : 1.221449375152588
2025-02-22 00:10:57,767 - masked_rmse : 3.871410369873047
2025-02-22 00:10:57,822 - masked_mape : 0.40513816475868225
2025-02-22 00:10:57,822 - Evaluate on taxinyc_inflow_short_term_forecasting:
2025-02-22 00:11:05,914 - masked_mae : 6.846818923950195
2025-02-22 00:11:05,922 - masked_rmse : 18.28786277770996
2025-02-22 00:11:05,938 - masked_mape : 0.4412860870361328
2025-02-22 00:11:05,938 - Evaluate on taxinyc_inflow_long_term_forecasting:
2025-02-22 00:11:16,804 - masked_mae : 7.16849946975708
2025-02-22 00:11:16,833 - masked_rmse : 18.631986618041992
2025-02-22 00:11:16,887 - masked_mape : 0.5449049472808838
2025-02-22 00:11:16,887 - Evaluate on tdrive_inflow_short_term_forecasting:
2025-02-22 00:11:48,348 - masked_mae : 17.416799545288086
2025-02-22 00:11:48,408 - masked_rmse : 33.316097259521484
2025-02-22 00:11:48,524 - masked_mape : 0.27373138070106506
2025-02-22 00:11:48,525 - Evaluate on tdrive_inflow_long_term_forecasting:
2025-02-22 00:12:42,083 - masked_mae : 17.0692195892334
2025-02-22 00:12:42,300 - masked_rmse : 32.290958404541016
2025-02-22 00:12:42,718 - masked_mape : 0.313448041677475
2025-02-22 00:12:42,719 - ************************************************************   Imputation Task   ************************************************************
2025-02-22 00:12:42,719 - Evaluate on pems03_flow_point_imputation:
2025-02-22 00:12:47,974 - masked_mae : 56.50292205810547
2025-02-22 00:12:47,975 - masked_rmse : 77.43290710449219
2025-02-22 00:12:47,978 - masked_mre : 0.3495708703994751
2025-02-22 00:12:47,978 - Evaluate on pems03_flow_block_imputation:
2025-02-22 00:12:53,203 - masked_mae : 79.4416732788086
2025-02-22 00:12:53,204 - masked_rmse : 102.60163879394531
2025-02-22 00:12:53,208 - masked_mre : 0.4921573996543884
2025-02-22 00:12:53,208 - Evaluate on pems04_flow_point_imputation:
2025-02-22 00:12:58,236 - masked_mae : 63.360111236572266
2025-02-22 00:12:58,237 - masked_rmse : 85.89675903320312
2025-02-22 00:12:58,239 - masked_mre : 0.3001096844673157
2025-02-22 00:12:58,239 - Evaluate on pems04_flow_block_imputation:
2025-02-22 00:13:03,315 - masked_mae : 94.8337173461914
2025-02-22 00:13:03,316 - masked_rmse : 120.38621520996094
2025-02-22 00:13:03,318 - masked_mre : 0.45126453042030334
2025-02-22 00:13:03,318 - Evaluate on pems07_flow_point_imputation:
2025-02-22 00:13:09,079 - masked_mae : 86.82826232910156
2025-02-22 00:13:09,093 - masked_rmse : 110.1901626586914
2025-02-22 00:13:09,111 - masked_mre : 0.2824898362159729
2025-02-22 00:13:09,111 - Evaluate on pems07_flow_block_imputation:
2025-02-22 00:13:14,860 - masked_mae : 144.18673706054688
2025-02-22 00:13:14,866 - masked_rmse : 168.41067504882812
2025-02-22 00:13:14,881 - masked_mre : 0.4697943925857544
2025-02-22 00:13:14,881 - Evaluate on pems08_flow_point_imputation:
2025-02-22 00:13:19,809 - masked_mae : 61.699249267578125
2025-02-22 00:13:19,810 - masked_rmse : 81.65135192871094
2025-02-22 00:13:19,811 - masked_mre : 0.3012939393520355
2025-02-22 00:13:19,811 - Evaluate on pems08_flow_block_imputation:
2025-02-22 00:13:24,758 - masked_mae : 101.27830505371094
2025-02-22 00:13:24,759 - masked_rmse : 123.56507110595703
2025-02-22 00:13:24,760 - masked_mre : 0.49517393112182617
2025-02-22 00:13:24,761 - Evaluate on pemsbay_speed_point_imputation:
2025-02-22 00:13:30,315 - masked_mae : 10.25761604309082
2025-02-22 00:13:30,331 - masked_rmse : 13.106714248657227
2025-02-22 00:13:30,350 - masked_mre : 0.17776988446712494
2025-02-22 00:13:30,351 - Evaluate on pemsbay_speed_block_imputation:
2025-02-22 00:13:35,820 - masked_mae : 26.364229202270508
2025-02-22 00:13:35,832 - masked_rmse : 28.464977264404297
2025-02-22 00:13:35,839 - masked_mre : 0.4570409059524536
2025-02-22 00:13:35,839 - Evaluate on metrla_speed_point_imputation:
2025-02-22 00:13:40,938 - masked_mae : 12.703685760498047
2025-02-22 00:13:40,939 - masked_rmse : 16.77997398376465
2025-02-22 00:13:40,941 - masked_mre : 0.2519570589065552
2025-02-22 00:13:40,941 - Evaluate on metrla_speed_block_imputation:
2025-02-22 00:13:46,034 - masked_mae : 23.606035232543945
2025-02-22 00:13:46,035 - masked_rmse : 27.489425659179688
2025-02-22 00:13:46,037 - masked_mre : 0.49221712350845337
2025-02-22 00:14:22,452 - [Epoch 7] Pretrain Loss: 22.8736
2025-02-22 00:14:22,452 - ************************************************************   Forecasting Task   ************************************************************
2025-02-22 00:14:22,453 - Evaluate on pems03_flow_short_term_forecasting:
2025-02-22 00:14:35,768 - masked_mae : 16.790395736694336
2025-02-22 00:14:35,788 - masked_rmse : 27.030595779418945
2025-02-22 00:14:35,827 - masked_mape : 0.16736114025115967
2025-02-22 00:14:35,827 - Evaluate on pems03_flow_long_term_forecasting:
2025-02-22 00:14:56,294 - masked_mae : 18.0777587890625
2025-02-22 00:14:56,365 - masked_rmse : 28.68426513671875
2025-02-22 00:14:56,501 - masked_mape : 0.1816604882478714
2025-02-22 00:14:56,501 - Evaluate on pems04_flow_short_term_forecasting:
2025-02-22 00:15:05,877 - masked_mae : 23.639692306518555
2025-02-22 00:15:05,888 - masked_rmse : 37.473915100097656
2025-02-22 00:15:05,910 - masked_mape : 0.16087955236434937
2025-02-22 00:15:05,910 - Evaluate on pems04_flow_long_term_forecasting:
2025-02-22 00:15:19,078 - masked_mae : 26.584312438964844
2025-02-22 00:15:19,117 - masked_rmse : 41.410762786865234
2025-02-22 00:15:19,192 - masked_mape : 0.18249554932117462
2025-02-22 00:15:19,192 - Evaluate on pems07_flow_short_term_forecasting:
2025-02-22 00:15:45,377 - masked_mae : 28.41362762451172
2025-02-22 00:15:45,426 - masked_rmse : 42.6781120300293
2025-02-22 00:15:45,520 - masked_mape : 0.1463194042444229
2025-02-22 00:15:45,521 - Evaluate on pems07_flow_long_term_forecasting:
2025-02-22 00:16:29,589 - masked_mae : 32.1385612487793
2025-02-22 00:16:29,765 - masked_rmse : 47.4311408996582
2025-02-22 00:16:30,101 - masked_mape : 0.16107682883739471
2025-02-22 00:16:30,101 - Evaluate on pems08_flow_short_term_forecasting:
2025-02-22 00:16:37,817 - masked_mae : 18.161907196044922
2025-02-22 00:16:37,825 - masked_rmse : 29.11768913269043
2025-02-22 00:16:37,839 - masked_mape : 0.18419420719146729
2025-02-22 00:16:37,840 - Evaluate on pems08_flow_long_term_forecasting:
2025-02-22 00:16:47,942 - masked_mae : 20.20152473449707
2025-02-22 00:16:47,967 - masked_rmse : 31.672754287719727
2025-02-22 00:16:48,016 - masked_mape : 0.19743435084819794
2025-02-22 00:16:48,016 - Evaluate on occpairs_occupancy_short_term_forecasting:
2025-02-22 00:17:03,351 - masked_mae : 0.9470894932746887
2025-02-22 00:17:03,376 - masked_rmse : 2.2685203552246094
2025-02-22 00:17:03,423 - masked_mape : 0.1642833799123764
2025-02-22 00:17:03,423 - Evaluate on occpairs_occupancy_long_term_forecasting:
2025-02-22 00:17:27,501 - masked_mae : 1.1071580648422241
2025-02-22 00:17:27,589 - masked_rmse : 2.435551881790161
2025-02-22 00:17:27,756 - masked_mape : 0.18685965240001678
2025-02-22 00:17:27,756 - Evaluate on occhamburg_occupancy_short_term_forecasting:
2025-02-22 00:17:39,117 - masked_mae : 5.795510768890381
2025-02-22 00:17:39,132 - masked_rmse : 10.002497673034668
2025-02-22 00:17:39,162 - masked_mape : 0.5283925533294678
2025-02-22 00:17:39,163 - Evaluate on occhamburg_occupancy_long_term_forecasting:
2025-02-22 00:17:55,882 - masked_mae : 5.679813385009766
2025-02-22 00:17:55,937 - masked_rmse : 9.761737823486328
2025-02-22 00:17:56,042 - masked_mape : 0.4959825277328491
2025-02-22 00:17:56,042 - Evaluate on pemsbay_speed_short_term_forecasting:
2025-02-22 00:18:16,354 - masked_mae : 2.117522954940796
2025-02-22 00:18:16,390 - masked_rmse : 4.482645511627197
2025-02-22 00:18:16,459 - masked_mape : 0.05048201605677605
2025-02-22 00:18:16,459 - Evaluate on pemsbay_speed_long_term_forecasting:
2025-02-22 00:18:49,747 - masked_mae : 3.0127499103546143
2025-02-22 00:18:49,876 - masked_rmse : 5.9793381690979
2025-02-22 00:18:50,121 - masked_mape : 0.07223294675350189
2025-02-22 00:18:50,122 - Evaluate on metrla_speed_short_term_forecasting:
2025-02-22 00:19:01,425 - masked_mae : 5.305725574493408
2025-02-22 00:19:01,441 - masked_rmse : 9.867579460144043
2025-02-22 00:19:01,470 - masked_mape : 0.12480490654706955
2025-02-22 00:19:01,471 - Evaluate on metrla_speed_long_term_forecasting:
2025-02-22 00:19:18,189 - masked_mae : 6.737680912017822
2025-02-22 00:19:18,244 - masked_rmse : 11.480735778808594
2025-02-22 00:19:18,349 - masked_mape : 0.16072525084018707
2025-02-22 00:19:18,349 - Evaluate on trafficsh_speed_short_term_forecasting:
2025-02-22 00:19:29,507 - masked_mae : 0.5769897103309631
2025-02-22 00:19:29,522 - masked_rmse : 0.9186990261077881
2025-02-22 00:19:29,551 - masked_mape : 0.06687616556882858
2025-02-22 00:19:29,551 - Evaluate on trafficsh_speed_long_term_forecasting:
2025-02-22 00:19:45,829 - masked_mae : 0.6901608109474182
2025-02-22 00:19:45,882 - masked_rmse : 1.0537571907043457
2025-02-22 00:19:45,982 - masked_mape : 0.0847129225730896
2025-02-22 00:19:45,983 - Evaluate on bikenyc_inflow_short_term_forecasting:
2025-02-22 00:19:54,095 - masked_mae : 1.0319589376449585
2025-02-22 00:19:54,104 - masked_rmse : 3.344252347946167
2025-02-22 00:19:54,120 - masked_mape : 0.35708823800086975
2025-02-22 00:19:54,120 - Evaluate on bikenyc_inflow_long_term_forecasting:
2025-02-22 00:20:04,951 - masked_mae : 1.1552919149398804
2025-02-22 00:20:04,979 - masked_rmse : 3.674311399459839
2025-02-22 00:20:05,034 - masked_mape : 0.3756674528121948
2025-02-22 00:20:05,034 - Evaluate on taxinyc_inflow_short_term_forecasting:
2025-02-22 00:20:13,166 - masked_mae : 6.205416202545166
2025-02-22 00:20:13,174 - masked_rmse : 17.046186447143555
2025-02-22 00:20:13,190 - masked_mape : 0.41273033618927
2025-02-22 00:20:13,190 - Evaluate on taxinyc_inflow_long_term_forecasting:
2025-02-22 00:20:24,000 - masked_mae : 6.6577606201171875
2025-02-22 00:20:24,028 - masked_rmse : 17.64651870727539
2025-02-22 00:20:24,083 - masked_mape : 0.4949203431606293
2025-02-22 00:20:24,083 - Evaluate on tdrive_inflow_short_term_forecasting:
2025-02-22 00:20:55,580 - masked_mae : 15.395247459411621
2025-02-22 00:20:55,640 - masked_rmse : 30.446989059448242
2025-02-22 00:20:55,756 - masked_mape : 0.24690090119838715
2025-02-22 00:20:55,757 - Evaluate on tdrive_inflow_long_term_forecasting:
2025-02-22 00:21:49,129 - masked_mae : 16.463491439819336
2025-02-22 00:21:49,347 - masked_rmse : 31.705080032348633
2025-02-22 00:21:49,765 - masked_mape : 0.27950987219810486
2025-02-22 00:21:49,766 - ************************************************************   Imputation Task   ************************************************************
2025-02-22 00:21:49,766 - Evaluate on pems03_flow_point_imputation:
2025-02-22 00:21:54,979 - masked_mae : 61.50894546508789
2025-02-22 00:21:54,981 - masked_rmse : 82.78199005126953
2025-02-22 00:21:54,984 - masked_mre : 0.3806249797344208
2025-02-22 00:21:54,991 - Evaluate on pems03_flow_block_imputation:
2025-02-22 00:22:00,184 - masked_mae : 89.16162872314453
2025-02-22 00:22:00,186 - masked_rmse : 113.79070281982422
2025-02-22 00:22:00,189 - masked_mre : 0.5525276064872742
2025-02-22 00:22:00,189 - Evaluate on pems04_flow_point_imputation:
2025-02-22 00:22:05,228 - masked_mae : 67.66809844970703
2025-02-22 00:22:05,229 - masked_rmse : 90.7385025024414
2025-02-22 00:22:05,231 - masked_mre : 0.32083168625831604
2025-02-22 00:22:05,232 - Evaluate on pems04_flow_block_imputation:
2025-02-22 00:22:10,263 - masked_mae : 107.3756103515625
2025-02-22 00:22:10,264 - masked_rmse : 134.43199157714844
2025-02-22 00:22:10,266 - masked_mre : 0.5111008882522583
2025-02-22 00:22:10,266 - Evaluate on pems07_flow_point_imputation:
2025-02-22 00:22:16,046 - masked_mae : 97.59161376953125
2025-02-22 00:22:16,065 - masked_rmse : 120.23709106445312
2025-02-22 00:22:16,087 - masked_mre : 0.3179968297481537
2025-02-22 00:22:16,094 - Evaluate on pems07_flow_block_imputation:
2025-02-22 00:22:21,873 - masked_mae : 164.62161254882812
2025-02-22 00:22:21,875 - masked_rmse : 189.790283203125
2025-02-22 00:22:21,887 - masked_mre : 0.5362027883529663
2025-02-22 00:22:21,892 - Evaluate on pems08_flow_point_imputation:
2025-02-22 00:22:26,883 - masked_mae : 70.99633026123047
2025-02-22 00:22:26,884 - masked_rmse : 91.3709945678711
2025-02-22 00:22:26,886 - masked_mre : 0.34686630964279175
2025-02-22 00:22:26,886 - Evaluate on pems08_flow_block_imputation:
2025-02-22 00:22:31,855 - masked_mae : 115.85506439208984
2025-02-22 00:22:31,855 - masked_rmse : 139.88973999023438
2025-02-22 00:22:31,857 - masked_mre : 0.5663684010505676
2025-02-22 00:22:31,857 - Evaluate on pemsbay_speed_point_imputation:
2025-02-22 00:22:37,379 - masked_mae : 11.894692420959473
2025-02-22 00:22:37,389 - masked_rmse : 14.494498252868652
2025-02-22 00:22:37,406 - masked_mre : 0.20615211129188538
2025-02-22 00:22:37,406 - Evaluate on pemsbay_speed_block_imputation:
2025-02-22 00:22:42,950 - masked_mae : 28.90248680114746
2025-02-22 00:22:42,962 - masked_rmse : 30.976917266845703
2025-02-22 00:22:42,969 - masked_mre : 0.501050591468811
2025-02-22 00:22:42,969 - Evaluate on metrla_speed_point_imputation:
2025-02-22 00:22:48,092 - masked_mae : 14.29162311553955
2025-02-22 00:22:48,093 - masked_rmse : 18.12617301940918
2025-02-22 00:22:48,095 - masked_mre : 0.2889406979084015
2025-02-22 00:22:48,095 - Evaluate on metrla_speed_block_imputation:
2025-02-22 00:22:53,194 - masked_mae : 26.012836456298828
2025-02-22 00:22:53,195 - masked_rmse : 29.968175888061523
2025-02-22 00:22:53,198 - masked_mre : 0.544812798500061
2025-02-22 00:23:29,586 - [Epoch 8] Pretrain Loss: 22.8343
2025-02-22 00:23:29,587 - ************************************************************   Forecasting Task   ************************************************************
2025-02-22 00:23:29,587 - Evaluate on pems03_flow_short_term_forecasting:
2025-02-22 00:23:42,922 - masked_mae : 17.331640243530273
2025-02-22 00:23:42,943 - masked_rmse : 28.090253829956055
2025-02-22 00:23:42,981 - masked_mape : 0.16877566277980804
2025-02-22 00:23:42,981 - Evaluate on pems03_flow_long_term_forecasting:
2025-02-22 00:24:03,272 - masked_mae : 17.134042739868164
2025-02-22 00:24:03,344 - masked_rmse : 27.39923095703125
2025-02-22 00:24:03,479 - masked_mape : 0.18127036094665527
2025-02-22 00:24:03,480 - Evaluate on pems04_flow_short_term_forecasting:
2025-02-22 00:24:12,918 - masked_mae : 24.48008155822754
2025-02-22 00:24:12,930 - masked_rmse : 38.913875579833984
2025-02-22 00:24:12,951 - masked_mape : 0.16679222881793976
2025-02-22 00:24:12,952 - Evaluate on pems04_flow_long_term_forecasting:
2025-02-22 00:24:26,178 - masked_mae : 25.358232498168945
2025-02-22 00:24:26,218 - masked_rmse : 39.75236892700195
2025-02-22 00:24:26,292 - masked_mape : 0.18629322946071625
2025-02-22 00:24:26,293 - Evaluate on pems07_flow_short_term_forecasting:
2025-02-22 00:24:52,567 - masked_mae : 29.393287658691406
2025-02-22 00:24:52,616 - masked_rmse : 44.4839973449707
2025-02-22 00:24:52,709 - masked_mape : 0.1518450826406479
2025-02-22 00:24:52,710 - Evaluate on pems07_flow_long_term_forecasting:
2025-02-22 00:25:36,716 - masked_mae : 30.525253295898438
2025-02-22 00:25:36,891 - masked_rmse : 45.38310623168945
2025-02-22 00:25:37,227 - masked_mape : 0.1623423844575882
2025-02-22 00:25:37,228 - Evaluate on pems08_flow_short_term_forecasting:
2025-02-22 00:25:44,925 - masked_mae : 18.965782165527344
2025-02-22 00:25:44,933 - masked_rmse : 30.453828811645508
2025-02-22 00:25:44,947 - masked_mape : 0.19219179451465607
2025-02-22 00:25:44,947 - Evaluate on pems08_flow_long_term_forecasting:
2025-02-22 00:25:55,076 - masked_mae : 18.92218017578125
2025-02-22 00:25:55,102 - masked_rmse : 30.346826553344727
2025-02-22 00:25:55,150 - masked_mape : 0.20020580291748047
2025-02-22 00:25:55,151 - Evaluate on occpairs_occupancy_short_term_forecasting:
2025-02-22 00:26:10,512 - masked_mae : 0.9626166224479675
2025-02-22 00:26:10,537 - masked_rmse : 2.39153790473938
2025-02-22 00:26:10,584 - masked_mape : 0.15889443457126617
2025-02-22 00:26:10,584 - Evaluate on occpairs_occupancy_long_term_forecasting:
2025-02-22 00:26:34,617 - masked_mae : 1.066090703010559
2025-02-22 00:26:34,704 - masked_rmse : 2.4041383266448975
2025-02-22 00:26:34,871 - masked_mape : 0.18213532865047455
2025-02-22 00:26:34,871 - Evaluate on occhamburg_occupancy_short_term_forecasting:
2025-02-22 00:26:46,224 - masked_mae : 5.857955455780029
2025-02-22 00:26:46,239 - masked_rmse : 10.232855796813965
2025-02-22 00:26:46,269 - masked_mape : 0.5299279689788818
2025-02-22 00:26:46,270 - Evaluate on occhamburg_occupancy_long_term_forecasting:
2025-02-22 00:27:03,066 - masked_mae : 5.582606792449951
2025-02-22 00:27:03,121 - masked_rmse : 9.640356063842773
2025-02-22 00:27:03,226 - masked_mape : 0.50258868932724
2025-02-22 00:27:03,226 - Evaluate on pemsbay_speed_short_term_forecasting:
2025-02-22 00:27:23,646 - masked_mae : 2.0860095024108887
2025-02-22 00:27:23,682 - masked_rmse : 4.467319011688232
2025-02-22 00:27:23,751 - masked_mape : 0.05033499374985695
2025-02-22 00:27:23,751 - Evaluate on pemsbay_speed_long_term_forecasting:
2025-02-22 00:27:57,044 - masked_mae : 2.9277560710906982
2025-02-22 00:27:57,172 - masked_rmse : 5.8980560302734375
2025-02-22 00:27:57,418 - masked_mape : 0.07147372514009476
2025-02-22 00:27:57,418 - Evaluate on metrla_speed_short_term_forecasting:
2025-02-22 00:28:08,713 - masked_mae : 5.17329740524292
2025-02-22 00:28:08,729 - masked_rmse : 9.832846641540527
2025-02-22 00:28:08,759 - masked_mape : 0.12209436297416687
2025-02-22 00:28:08,759 - Evaluate on metrla_speed_long_term_forecasting:
2025-02-22 00:28:25,497 - masked_mae : 6.501064300537109
2025-02-22 00:28:25,552 - masked_rmse : 11.354728698730469
2025-02-22 00:28:25,657 - masked_mape : 0.15669257938861847
2025-02-22 00:28:25,658 - Evaluate on trafficsh_speed_short_term_forecasting:
2025-02-22 00:28:36,811 - masked_mae : 0.5685591697692871
2025-02-22 00:28:36,826 - masked_rmse : 0.959348201751709
2025-02-22 00:28:36,855 - masked_mape : 0.06468408554792404
2025-02-22 00:28:36,855 - Evaluate on trafficsh_speed_long_term_forecasting:
2025-02-22 00:28:53,109 - masked_mae : 0.6231146454811096
2025-02-22 00:28:53,162 - masked_rmse : 1.0367707014083862
2025-02-22 00:28:53,263 - masked_mape : 0.07659515738487244
2025-02-22 00:28:53,263 - Evaluate on bikenyc_inflow_short_term_forecasting:
2025-02-22 00:29:01,348 - masked_mae : 1.0381550788879395
2025-02-22 00:29:01,357 - masked_rmse : 3.5370981693267822
2025-02-22 00:29:01,373 - masked_mape : 0.3567822277545929
2025-02-22 00:29:01,373 - Evaluate on bikenyc_inflow_long_term_forecasting:
2025-02-22 00:29:12,160 - masked_mae : 1.1061965227127075
2025-02-22 00:29:12,188 - masked_rmse : 3.5110065937042236
2025-02-22 00:29:12,242 - masked_mape : 0.3768305480480194
2025-02-22 00:29:12,243 - Evaluate on taxinyc_inflow_short_term_forecasting:
2025-02-22 00:29:20,353 - masked_mae : 6.410055637359619
2025-02-22 00:29:20,362 - masked_rmse : 19.34593391418457
2025-02-22 00:29:20,377 - masked_mape : 0.33557558059692383
2025-02-22 00:29:20,378 - Evaluate on taxinyc_inflow_long_term_forecasting:
2025-02-22 00:29:31,205 - masked_mae : 6.112403869628906
2025-02-22 00:29:31,234 - masked_rmse : 16.579858779907227
2025-02-22 00:29:31,288 - masked_mape : 0.4372623860836029
2025-02-22 00:29:31,288 - Evaluate on tdrive_inflow_short_term_forecasting:
2025-02-22 00:30:02,659 - masked_mae : 16.981107711791992
2025-02-22 00:30:02,720 - masked_rmse : 36.1788215637207
2025-02-22 00:30:02,836 - masked_mape : 0.19647814333438873
2025-02-22 00:30:02,837 - Evaluate on tdrive_inflow_long_term_forecasting:
2025-02-22 00:30:56,475 - masked_mae : 14.888222694396973
2025-02-22 00:30:56,693 - masked_rmse : 29.208600997924805
2025-02-22 00:30:57,111 - masked_mape : 0.23857919871807098
2025-02-22 00:30:57,112 - ************************************************************   Imputation Task   ************************************************************
2025-02-22 00:30:57,112 - Evaluate on pems03_flow_point_imputation:
2025-02-22 00:31:02,353 - masked_mae : 52.85929870605469
2025-02-22 00:31:02,355 - masked_rmse : 72.47074127197266
2025-02-22 00:31:02,358 - masked_mre : 0.3270055055618286
2025-02-22 00:31:02,358 - Evaluate on pems03_flow_block_imputation:
2025-02-22 00:31:07,564 - masked_mae : 77.57849884033203
2025-02-22 00:31:07,566 - masked_rmse : 100.54151916503906
2025-02-22 00:31:07,569 - masked_mre : 0.480657160282135
2025-02-22 00:31:07,569 - Evaluate on pems04_flow_point_imputation:
2025-02-22 00:31:12,600 - masked_mae : 59.476173400878906
2025-02-22 00:31:12,601 - masked_rmse : 81.0896987915039
2025-02-22 00:31:12,603 - masked_mre : 0.2818162739276886
2025-02-22 00:31:12,604 - Evaluate on pems04_flow_block_imputation:
2025-02-22 00:31:17,647 - masked_mae : 94.34864807128906
2025-02-22 00:31:17,649 - masked_rmse : 119.74906158447266
2025-02-22 00:31:17,650 - masked_mre : 0.4489668309688568
2025-02-22 00:31:17,651 - Evaluate on pems07_flow_point_imputation:
2025-02-22 00:31:23,409 - masked_mae : 84.34908294677734
2025-02-22 00:31:23,425 - masked_rmse : 106.57467651367188
2025-02-22 00:31:23,447 - masked_mre : 0.2746794521808624
2025-02-22 00:31:23,447 - Evaluate on pems07_flow_block_imputation:
2025-02-22 00:31:29,179 - masked_mae : 145.7847900390625
2025-02-22 00:31:29,181 - masked_rmse : 170.06912231445312
2025-02-22 00:31:29,185 - masked_mre : 0.4747294485569
2025-02-22 00:31:29,185 - Evaluate on pems08_flow_point_imputation:
2025-02-22 00:31:34,143 - masked_mae : 60.39414978027344
2025-02-22 00:31:34,145 - masked_rmse : 79.66836547851562
2025-02-22 00:31:34,147 - masked_mre : 0.29498547315597534
2025-02-22 00:31:34,147 - Evaluate on pems08_flow_block_imputation:
2025-02-22 00:31:39,119 - masked_mae : 101.74744415283203
2025-02-22 00:31:39,120 - masked_rmse : 124.09319305419922
2025-02-22 00:31:39,122 - masked_mre : 0.49728283286094666
2025-02-22 00:31:39,122 - Evaluate on pemsbay_speed_point_imputation:
2025-02-22 00:31:44,639 - masked_mae : 10.676985740661621
2025-02-22 00:31:44,649 - masked_rmse : 13.478621482849121
2025-02-22 00:31:44,663 - masked_mre : 0.18504174053668976
2025-02-22 00:31:44,663 - Evaluate on pemsbay_speed_block_imputation:
2025-02-22 00:31:50,196 - masked_mae : 26.84051513671875
2025-02-22 00:31:50,197 - masked_rmse : 28.981821060180664
2025-02-22 00:31:50,201 - masked_mre : 0.46530160307884216
2025-02-22 00:31:50,201 - Evaluate on metrla_speed_point_imputation:
2025-02-22 00:31:55,349 - masked_mae : 12.901771545410156
2025-02-22 00:31:55,350 - masked_rmse : 16.90341567993164
2025-02-22 00:31:55,352 - masked_mre : 0.2577196955680847
2025-02-22 00:31:55,353 - Evaluate on metrla_speed_block_imputation:
2025-02-22 00:32:00,496 - masked_mae : 23.958837509155273
2025-02-22 00:32:00,497 - masked_rmse : 27.877347946166992
2025-02-22 00:32:00,500 - masked_mre : 0.49955734610557556
2025-02-22 00:32:36,886 - [Epoch 9] Pretrain Loss: 22.6622
2025-02-22 00:32:36,886 - ************************************************************   Forecasting Task   ************************************************************
2025-02-22 00:32:36,886 - Evaluate on pems03_flow_short_term_forecasting:
2025-02-22 00:32:50,224 - masked_mae : 17.854318618774414
2025-02-22 00:32:50,244 - masked_rmse : 28.318925857543945
2025-02-22 00:32:50,283 - masked_mape : 0.17537043988704681
2025-02-22 00:32:50,283 - Evaluate on pems03_flow_long_term_forecasting:
2025-02-22 00:33:10,618 - masked_mae : 17.512144088745117
2025-02-22 00:33:10,689 - masked_rmse : 27.595184326171875
2025-02-22 00:33:10,825 - masked_mape : 0.18251873552799225
2025-02-22 00:33:10,825 - Evaluate on pems04_flow_short_term_forecasting:
2025-02-22 00:33:20,292 - masked_mae : 24.89019012451172
2025-02-22 00:33:20,303 - masked_rmse : 39.19796371459961
2025-02-22 00:33:20,325 - masked_mape : 0.16683264076709747
2025-02-22 00:33:20,325 - Evaluate on pems04_flow_long_term_forecasting:
2025-02-22 00:33:33,537 - masked_mae : 25.535120010375977
2025-02-22 00:33:33,577 - masked_rmse : 39.97332763671875
2025-02-22 00:33:33,651 - masked_mape : 0.17953260242938995
2025-02-22 00:33:33,652 - Evaluate on pems07_flow_short_term_forecasting:
2025-02-22 00:33:59,769 - masked_mae : 29.883455276489258
2025-02-22 00:33:59,818 - masked_rmse : 44.84886169433594
2025-02-22 00:33:59,912 - masked_mape : 0.14981411397457123
2025-02-22 00:33:59,913 - Evaluate on pems07_flow_long_term_forecasting:
2025-02-22 00:34:43,821 - masked_mae : 30.777116775512695
2025-02-22 00:34:43,996 - masked_rmse : 45.84703063964844
2025-02-22 00:34:44,332 - masked_mape : 0.1572457104921341
2025-02-22 00:34:44,333 - Evaluate on pems08_flow_short_term_forecasting:
2025-02-22 00:34:52,078 - masked_mae : 19.290258407592773
2025-02-22 00:34:52,086 - masked_rmse : 30.702775955200195
2025-02-22 00:34:52,100 - masked_mape : 0.18207822740077972
2025-02-22 00:34:52,100 - Evaluate on pems08_flow_long_term_forecasting:
2025-02-22 00:35:02,201 - masked_mae : 19.32123374938965
2025-02-22 00:35:02,227 - masked_rmse : 30.772863388061523
2025-02-22 00:35:02,275 - masked_mape : 0.18993724882602692
2025-02-22 00:35:02,275 - Evaluate on occpairs_occupancy_short_term_forecasting:
2025-02-22 00:35:17,623 - masked_mae : 1.021841287612915
2025-02-22 00:35:17,647 - masked_rmse : 2.4340364933013916
2025-02-22 00:35:17,694 - masked_mape : 0.1755610704421997
2025-02-22 00:35:17,694 - Evaluate on occpairs_occupancy_long_term_forecasting:
2025-02-22 00:35:48,158 - masked_mae : 1.1002658605575562
2025-02-22 00:35:48,245 - masked_rmse : 2.4099433422088623
2025-02-22 00:35:48,412 - masked_mape : 0.19416357576847076
2025-02-22 00:35:48,413 - Evaluate on occhamburg_occupancy_short_term_forecasting:
2025-02-22 00:35:59,792 - masked_mae : 5.983335971832275
2025-02-22 00:35:59,808 - masked_rmse : 10.333755493164062
2025-02-22 00:35:59,838 - masked_mape : 0.5556483864784241
2025-02-22 00:35:59,838 - Evaluate on occhamburg_occupancy_long_term_forecasting:
2025-02-22 00:36:16,593 - masked_mae : 5.644114017486572
2025-02-22 00:36:16,648 - masked_rmse : 9.67088794708252
2025-02-22 00:36:16,753 - masked_mape : 0.5164070725440979
2025-02-22 00:36:16,754 - Evaluate on pemsbay_speed_short_term_forecasting:
2025-02-22 00:36:37,108 - masked_mae : 2.0812642574310303
2025-02-22 00:36:37,144 - masked_rmse : 4.491882801055908
2025-02-22 00:36:37,212 - masked_mape : 0.049592941999435425
2025-02-22 00:36:37,213 - Evaluate on pemsbay_speed_long_term_forecasting:
2025-02-22 00:37:10,501 - masked_mae : 2.9162843227386475
2025-02-22 00:37:10,629 - masked_rmse : 5.916561126708984
2025-02-22 00:37:10,875 - masked_mape : 0.07047583907842636
2025-02-22 00:37:10,876 - Evaluate on metrla_speed_short_term_forecasting:
2025-02-22 00:37:22,147 - masked_mae : 5.150585651397705
2025-02-22 00:37:22,162 - masked_rmse : 9.874361038208008
2025-02-22 00:37:22,192 - masked_mape : 0.12057631462812424
2025-02-22 00:37:22,192 - Evaluate on metrla_speed_long_term_forecasting:
2025-02-22 00:37:38,942 - masked_mae : 6.4969329833984375
2025-02-22 00:37:38,997 - masked_rmse : 11.39874267578125
2025-02-22 00:37:39,102 - masked_mape : 0.15497641265392303
2025-02-22 00:37:39,102 - Evaluate on trafficsh_speed_short_term_forecasting:
2025-02-22 00:37:50,224 - masked_mae : 0.5826037526130676
2025-02-22 00:37:50,239 - masked_rmse : 0.990908682346344
2025-02-22 00:37:50,268 - masked_mape : 0.06714773178100586
2025-02-22 00:37:50,268 - Evaluate on trafficsh_speed_long_term_forecasting:
2025-02-22 00:38:06,545 - masked_mae : 0.6680721640586853
2025-02-22 00:38:06,598 - masked_rmse : 1.0841814279556274
2025-02-22 00:38:06,698 - masked_mape : 0.08091176301240921
2025-02-22 00:38:06,699 - Evaluate on bikenyc_inflow_short_term_forecasting:
2025-02-22 00:38:14,811 - masked_mae : 1.104221224784851
2025-02-22 00:38:14,819 - masked_rmse : 3.5380642414093018
2025-02-22 00:38:14,835 - masked_mape : 0.38668346405029297
2025-02-22 00:38:14,836 - Evaluate on bikenyc_inflow_long_term_forecasting:
2025-02-22 00:38:25,652 - masked_mae : 1.140289545059204
2025-02-22 00:38:25,681 - masked_rmse : 3.44226336479187
2025-02-22 00:38:25,735 - masked_mape : 0.39533379673957825
2025-02-22 00:38:25,736 - Evaluate on taxinyc_inflow_short_term_forecasting:
2025-02-22 00:38:33,899 - masked_mae : 7.081731796264648
2025-02-22 00:38:33,907 - masked_rmse : 19.332746505737305
2025-02-22 00:38:33,923 - masked_mape : 0.43715035915374756
2025-02-22 00:38:33,923 - Evaluate on taxinyc_inflow_long_term_forecasting:
2025-02-22 00:38:44,743 - masked_mae : 6.482176303863525
2025-02-22 00:38:44,771 - masked_rmse : 16.19203758239746
2025-02-22 00:38:44,826 - masked_mape : 0.519542396068573
2025-02-22 00:38:44,826 - Evaluate on tdrive_inflow_short_term_forecasting:
2025-02-22 00:39:16,174 - masked_mae : 18.616140365600586
2025-02-22 00:39:16,234 - masked_rmse : 36.31678771972656
2025-02-22 00:39:16,350 - masked_mape : 0.27835848927497864
2025-02-22 00:39:16,351 - Evaluate on tdrive_inflow_long_term_forecasting:
2025-02-22 00:40:09,957 - masked_mae : 15.661556243896484
2025-02-22 00:40:10,175 - masked_rmse : 29.0609130859375
2025-02-22 00:40:10,593 - masked_mape : 0.31235992908477783
2025-02-22 00:40:10,594 - ************************************************************   Imputation Task   ************************************************************
2025-02-22 00:40:10,594 - Evaluate on pems03_flow_point_imputation:
2025-02-22 00:40:15,812 - masked_mae : 54.75177001953125
2025-02-22 00:40:15,814 - masked_rmse : 74.79441833496094
2025-02-22 00:40:15,817 - masked_mre : 0.3387804329395294
2025-02-22 00:40:15,817 - Evaluate on pems03_flow_block_imputation:
2025-02-22 00:40:21,071 - masked_mae : 82.55096435546875
2025-02-22 00:40:21,072 - masked_rmse : 106.48182678222656
2025-02-22 00:40:21,075 - masked_mre : 0.51155686378479
2025-02-22 00:40:21,075 - Evaluate on pems04_flow_point_imputation:
2025-02-22 00:40:26,151 - masked_mae : 61.29050827026367
2025-02-22 00:40:26,152 - masked_rmse : 83.45401763916016
2025-02-22 00:40:26,154 - masked_mre : 0.2905190885066986
2025-02-22 00:40:26,154 - Evaluate on pems04_flow_block_imputation:
2025-02-22 00:40:31,231 - masked_mae : 100.85270690917969
2025-02-22 00:40:31,233 - masked_rmse : 127.2259521484375
2025-02-22 00:40:31,235 - masked_mre : 0.4800296723842621
2025-02-22 00:40:31,235 - Evaluate on pems07_flow_point_imputation:
2025-02-22 00:40:36,999 - masked_mae : 89.12711334228516
2025-02-22 00:40:37,012 - masked_rmse : 111.70612335205078
2025-02-22 00:40:37,028 - masked_mre : 0.29033178091049194
2025-02-22 00:40:37,028 - Evaluate on pems07_flow_block_imputation:
2025-02-22 00:40:42,740 - masked_mae : 156.4738311767578
2025-02-22 00:40:42,746 - masked_rmse : 181.48008728027344
2025-02-22 00:40:42,772 - masked_mre : 0.5096180438995361
2025-02-22 00:40:42,772 - Evaluate on pems08_flow_point_imputation:
2025-02-22 00:40:47,764 - masked_mae : 64.17272186279297
2025-02-22 00:40:47,765 - masked_rmse : 83.906494140625
2025-02-22 00:40:47,767 - masked_mre : 0.3134966194629669
2025-02-22 00:40:47,767 - Evaluate on pems08_flow_block_imputation:
2025-02-22 00:40:52,728 - masked_mae : 108.97171783447266
2025-02-22 00:40:52,729 - masked_rmse : 132.1537322998047
2025-02-22 00:40:52,731 - masked_mre : 0.5326489210128784
2025-02-22 00:40:52,731 - Evaluate on pemsbay_speed_point_imputation:
2025-02-22 00:40:58,296 - masked_mae : 11.887674331665039
2025-02-22 00:40:58,308 - masked_rmse : 14.651620864868164
2025-02-22 00:40:58,327 - masked_mre : 0.20603066682815552
2025-02-22 00:40:58,331 - Evaluate on pemsbay_speed_block_imputation:
2025-02-22 00:41:03,890 - masked_mae : 29.016101837158203
2025-02-22 00:41:03,901 - masked_rmse : 31.187702178955078
2025-02-22 00:41:03,909 - masked_mre : 0.5030204057693481
2025-02-22 00:41:03,909 - Evaluate on metrla_speed_point_imputation:
2025-02-22 00:41:09,054 - masked_mae : 14.097366333007812
2025-02-22 00:41:09,055 - masked_rmse : 18.040346145629883
2025-02-22 00:41:09,058 - masked_mre : 0.2837362289428711
2025-02-22 00:41:09,058 - Evaluate on metrla_speed_block_imputation:
2025-02-22 00:41:14,194 - masked_mae : 25.791358947753906
2025-02-22 00:41:14,195 - masked_rmse : 29.81542205810547
2025-02-22 00:41:14,197 - masked_mre : 0.5391032695770264
2025-02-22 00:41:50,606 - [Epoch 10] Pretrain Loss: 22.4256
2025-02-22 00:41:50,607 - ************************************************************   Forecasting Task   ************************************************************
2025-02-22 00:41:50,607 - Evaluate on pems03_flow_short_term_forecasting:
2025-02-22 00:42:03,944 - masked_mae : 18.04631805419922
2025-02-22 00:42:03,965 - masked_rmse : 28.973440170288086
2025-02-22 00:42:04,003 - masked_mape : 0.17127937078475952
2025-02-22 00:42:04,003 - Evaluate on pems03_flow_long_term_forecasting:
2025-02-22 00:42:24,451 - masked_mae : 17.4548397064209
2025-02-22 00:42:24,522 - masked_rmse : 27.680938720703125
2025-02-22 00:42:24,658 - masked_mape : 0.17949795722961426
2025-02-22 00:42:24,659 - Evaluate on pems04_flow_short_term_forecasting:
2025-02-22 00:42:34,102 - masked_mae : 25.127721786499023
2025-02-22 00:42:34,113 - masked_rmse : 39.90555953979492
2025-02-22 00:42:34,135 - masked_mape : 0.16665036976337433
2025-02-22 00:42:34,135 - Evaluate on pems04_flow_long_term_forecasting:
2025-02-22 00:42:47,328 - masked_mae : 25.72057342529297
2025-02-22 00:42:47,367 - masked_rmse : 40.31364059448242
2025-02-22 00:42:47,442 - masked_mape : 0.18121318519115448
2025-02-22 00:42:47,442 - Evaluate on pems07_flow_short_term_forecasting:
2025-02-22 00:43:13,735 - masked_mae : 30.110984802246094
2025-02-22 00:43:13,784 - masked_rmse : 45.60726547241211
2025-02-22 00:43:13,877 - masked_mape : 0.14808815717697144
2025-02-22 00:43:13,878 - Evaluate on pems07_flow_long_term_forecasting:
2025-02-22 00:43:57,864 - masked_mae : 30.802072525024414
2025-02-22 00:43:58,040 - masked_rmse : 46.2401008605957
2025-02-22 00:43:58,376 - masked_mape : 0.1567448526620865
2025-02-22 00:43:58,376 - Evaluate on pems08_flow_short_term_forecasting:
2025-02-22 00:44:06,107 - masked_mae : 19.64805793762207
2025-02-22 00:44:06,115 - masked_rmse : 31.616994857788086
2025-02-22 00:44:06,129 - masked_mape : 0.18126319348812103
2025-02-22 00:44:06,129 - Evaluate on pems08_flow_long_term_forecasting:
2025-02-22 00:44:16,265 - masked_mae : 19.398935317993164
2025-02-22 00:44:16,291 - masked_rmse : 31.113786697387695
2025-02-22 00:44:16,340 - masked_mape : 0.19134318828582764
2025-02-22 00:44:16,340 - Evaluate on occpairs_occupancy_short_term_forecasting:
2025-02-22 00:44:31,650 - masked_mae : 0.9790862202644348
2025-02-22 00:44:31,674 - masked_rmse : 2.409686326980591
2025-02-22 00:44:31,721 - masked_mape : 0.16235412657260895
2025-02-22 00:44:31,721 - Evaluate on occpairs_occupancy_long_term_forecasting:
2025-02-22 00:44:55,737 - masked_mae : 1.0653444528579712
2025-02-22 00:44:55,824 - masked_rmse : 2.3725926876068115
2025-02-22 00:44:55,991 - masked_mape : 0.1833343356847763
2025-02-22 00:44:55,992 - Evaluate on occhamburg_occupancy_short_term_forecasting:
2025-02-22 00:45:07,312 - masked_mae : 5.952856063842773
2025-02-22 00:45:07,328 - masked_rmse : 10.390519142150879
2025-02-22 00:45:07,358 - masked_mape : 0.543996274471283
2025-02-22 00:45:07,358 - Evaluate on occhamburg_occupancy_long_term_forecasting:
2025-02-22 00:45:24,226 - masked_mae : 5.593003749847412
2025-02-22 00:45:24,281 - masked_rmse : 9.653148651123047
2025-02-22 00:45:24,386 - masked_mape : 0.506083071231842
2025-02-22 00:45:24,387 - Evaluate on pemsbay_speed_short_term_forecasting:
2025-02-22 00:45:44,713 - masked_mae : 2.0727689266204834
2025-02-22 00:45:44,749 - masked_rmse : 4.498374938964844
2025-02-22 00:45:44,818 - masked_mape : 0.04968579113483429
2025-02-22 00:45:44,818 - Evaluate on pemsbay_speed_long_term_forecasting:
2025-02-22 00:46:18,133 - masked_mae : 2.913977861404419
2025-02-22 00:46:18,262 - masked_rmse : 5.909404754638672
2025-02-22 00:46:18,507 - masked_mape : 0.07067861407995224
2025-02-22 00:46:18,508 - Evaluate on metrla_speed_short_term_forecasting:
2025-02-22 00:46:29,831 - masked_mae : 5.034640789031982
2025-02-22 00:46:29,846 - masked_rmse : 9.838371276855469
2025-02-22 00:46:29,876 - masked_mape : 0.1187002956867218
2025-02-22 00:46:29,876 - Evaluate on metrla_speed_long_term_forecasting:
2025-02-22 00:46:46,679 - masked_mae : 6.377962112426758
2025-02-22 00:46:46,734 - masked_rmse : 11.326384544372559
2025-02-22 00:46:46,839 - masked_mape : 0.15363053977489471
2025-02-22 00:46:46,839 - Evaluate on trafficsh_speed_short_term_forecasting:
2025-02-22 00:46:58,006 - masked_mae : 0.5704362988471985
2025-02-22 00:46:58,021 - masked_rmse : 1.0112179517745972
2025-02-22 00:46:58,050 - masked_mape : 0.06471585482358932
2025-02-22 00:46:58,050 - Evaluate on trafficsh_speed_long_term_forecasting:
2025-02-22 00:47:14,361 - masked_mae : 0.6393489241600037
2025-02-22 00:47:14,414 - masked_rmse : 1.0752021074295044
2025-02-22 00:47:14,515 - masked_mape : 0.07714629918336868
2025-02-22 00:47:14,515 - Evaluate on bikenyc_inflow_short_term_forecasting:
2025-02-22 00:47:22,671 - masked_mae : 1.066175937652588
2025-02-22 00:47:22,679 - masked_rmse : 3.505462884902954
2025-02-22 00:47:22,695 - masked_mape : 0.3680018484592438
2025-02-22 00:47:22,695 - Evaluate on bikenyc_inflow_long_term_forecasting:
2025-02-22 00:47:33,509 - masked_mae : 1.0660687685012817
2025-02-22 00:47:33,538 - masked_rmse : 3.2827346324920654
2025-02-22 00:47:33,592 - masked_mape : 0.37539878487586975
2025-02-22 00:47:33,592 - Evaluate on taxinyc_inflow_short_term_forecasting:
2025-02-22 00:47:41,733 - masked_mae : 6.72553825378418
2025-02-22 00:47:41,741 - masked_rmse : 19.368833541870117
2025-02-22 00:47:41,757 - masked_mape : 0.3617003262042999
2025-02-22 00:47:41,757 - Evaluate on taxinyc_inflow_long_term_forecasting:
2025-02-22 00:47:52,562 - masked_mae : 5.755403518676758
2025-02-22 00:47:52,591 - masked_rmse : 15.440994262695312
2025-02-22 00:47:52,645 - masked_mape : 0.423912912607193
2025-02-22 00:47:52,646 - Evaluate on tdrive_inflow_short_term_forecasting:
2025-02-22 00:48:24,012 - masked_mae : 18.025070190429688
2025-02-22 00:48:24,073 - masked_rmse : 36.908355712890625
2025-02-22 00:48:24,189 - masked_mape : 0.22370724380016327
2025-02-22 00:48:24,190 - Evaluate on tdrive_inflow_long_term_forecasting:
2025-02-22 00:49:17,613 - masked_mae : 14.798121452331543
2025-02-22 00:49:17,831 - masked_rmse : 28.31683349609375
2025-02-22 00:49:18,249 - masked_mape : 0.25400587916374207
2025-02-22 00:49:18,250 - ************************************************************   Imputation Task   ************************************************************
2025-02-22 00:49:18,250 - Evaluate on pems03_flow_point_imputation:
2025-02-22 00:49:23,489 - masked_mae : 52.521820068359375
2025-02-22 00:49:23,491 - masked_rmse : 72.39264678955078
2025-02-22 00:49:23,496 - masked_mre : 0.3250662088394165
2025-02-22 00:49:23,496 - Evaluate on pems03_flow_block_imputation:
2025-02-22 00:49:28,725 - masked_mae : 81.5505599975586
2025-02-22 00:49:28,726 - masked_rmse : 105.76151275634766
2025-02-22 00:49:28,730 - masked_mre : 0.5055102705955505
2025-02-22 00:49:28,730 - Evaluate on pems04_flow_point_imputation:
2025-02-22 00:49:33,782 - masked_mae : 59.21712112426758
2025-02-22 00:49:33,783 - masked_rmse : 81.27635955810547
2025-02-22 00:49:33,785 - masked_mre : 0.28073567152023315
2025-02-22 00:49:33,785 - Evaluate on pems04_flow_block_imputation:
2025-02-22 00:49:38,837 - masked_mae : 100.70291137695312
2025-02-22 00:49:38,838 - masked_rmse : 127.4251937866211
2025-02-22 00:49:38,840 - masked_mre : 0.4795288145542145
2025-02-22 00:49:38,840 - Evaluate on pems07_flow_point_imputation:
2025-02-22 00:49:44,653 - masked_mae : 87.4271011352539
2025-02-22 00:49:44,671 - masked_rmse : 110.03880310058594
2025-02-22 00:49:44,693 - masked_mre : 0.28476521372795105
2025-02-22 00:49:44,694 - Evaluate on pems07_flow_block_imputation:
2025-02-22 00:49:50,470 - masked_mae : 156.56976318359375
2025-02-22 00:49:50,473 - masked_rmse : 182.24696350097656
2025-02-22 00:49:50,479 - masked_mre : 0.5100908875465393
2025-02-22 00:49:50,479 - Evaluate on pems08_flow_point_imputation:
2025-02-22 00:49:55,457 - masked_mae : 62.623592376708984
2025-02-22 00:49:55,458 - masked_rmse : 82.33482360839844
2025-02-22 00:49:55,459 - masked_mre : 0.30594196915626526
2025-02-22 00:49:55,460 - Evaluate on pems08_flow_block_imputation:
2025-02-22 00:50:00,438 - masked_mae : 108.45240783691406
2025-02-22 00:50:00,440 - masked_rmse : 132.0504913330078
2025-02-22 00:50:00,441 - masked_mre : 0.53020179271698
2025-02-22 00:50:00,441 - Evaluate on pemsbay_speed_point_imputation:
2025-02-22 00:50:05,978 - masked_mae : 12.160041809082031
2025-02-22 00:50:05,980 - masked_rmse : 14.85527515411377
2025-02-22 00:50:05,983 - masked_mre : 0.21075183153152466
2025-02-22 00:50:05,983 - Evaluate on pemsbay_speed_block_imputation:
2025-02-22 00:50:11,494 - masked_mae : 29.47775650024414
2025-02-22 00:50:11,496 - masked_rmse : 31.63725471496582
2025-02-22 00:50:11,500 - masked_mre : 0.5110232830047607
2025-02-22 00:50:11,501 - Evaluate on metrla_speed_point_imputation:
2025-02-22 00:50:16,656 - masked_mae : 14.234814643859863
2025-02-22 00:50:16,657 - masked_rmse : 18.10020637512207
2025-02-22 00:50:16,660 - masked_mre : 0.2860478162765503
2025-02-22 00:50:16,660 - Evaluate on metrla_speed_block_imputation:
2025-02-22 00:50:21,851 - masked_mae : 25.950407028198242
2025-02-22 00:50:21,852 - masked_rmse : 29.972660064697266
2025-02-22 00:50:21,854 - masked_mre : 0.5429449081420898
2025-02-22 00:50:58,377 - [Epoch 11] Pretrain Loss: 22.3019
2025-02-22 00:50:58,377 - ************************************************************   Forecasting Task   ************************************************************
2025-02-22 00:50:58,377 - Evaluate on pems03_flow_short_term_forecasting:
2025-02-22 00:51:11,761 - masked_mae : 17.737876892089844
2025-02-22 00:51:11,781 - masked_rmse : 28.52211570739746
2025-02-22 00:51:11,820 - masked_mape : 0.16833418607711792
2025-02-22 00:51:11,820 - Evaluate on pems03_flow_long_term_forecasting:
2025-02-22 00:51:32,177 - masked_mae : 16.967012405395508
2025-02-22 00:51:32,248 - masked_rmse : 26.993131637573242
2025-02-22 00:51:32,384 - masked_mape : 0.17439191043376923
2025-02-22 00:51:32,385 - Evaluate on pems04_flow_short_term_forecasting:
2025-02-22 00:51:41,793 - masked_mae : 24.80023956298828
2025-02-22 00:51:41,804 - masked_rmse : 39.37284469604492
2025-02-22 00:51:41,826 - masked_mape : 0.16494755446910858
2025-02-22 00:51:41,826 - Evaluate on pems04_flow_long_term_forecasting:
2025-02-22 00:51:55,046 - masked_mae : 25.030672073364258
2025-02-22 00:51:55,086 - masked_rmse : 39.35274124145508
2025-02-22 00:51:55,160 - masked_mape : 0.17642347514629364
2025-02-22 00:51:55,161 - Evaluate on pems07_flow_short_term_forecasting:
2025-02-22 00:52:21,436 - masked_mae : 29.79304313659668
2025-02-22 00:52:21,485 - masked_rmse : 45.234683990478516
2025-02-22 00:52:21,579 - masked_mape : 0.14617036283016205
2025-02-22 00:52:21,579 - Evaluate on pems07_flow_long_term_forecasting:
2025-02-22 00:53:05,644 - masked_mae : 29.968965530395508
2025-02-22 00:53:05,819 - masked_rmse : 45.04951477050781
2025-02-22 00:53:06,155 - masked_mape : 0.15252649784088135
2025-02-22 00:53:06,156 - Evaluate on pems08_flow_short_term_forecasting:
2025-02-22 00:53:13,889 - masked_mae : 19.390792846679688
2025-02-22 00:53:13,897 - masked_rmse : 31.21928596496582
2025-02-22 00:53:13,911 - masked_mape : 0.17556524276733398
2025-02-22 00:53:13,911 - Evaluate on pems08_flow_long_term_forecasting:
2025-02-22 00:53:24,073 - masked_mae : 18.80809211730957
2025-02-22 00:53:24,098 - masked_rmse : 30.2366886138916
2025-02-22 00:53:24,147 - masked_mape : 0.182636097073555
2025-02-22 00:53:24,147 - Evaluate on occpairs_occupancy_short_term_forecasting:
2025-02-22 00:53:39,451 - masked_mae : 0.9701847434043884
2025-02-22 00:53:39,476 - masked_rmse : 2.403339385986328
2025-02-22 00:53:39,522 - masked_mape : 0.15947817265987396
2025-02-22 00:53:39,523 - Evaluate on occpairs_occupancy_long_term_forecasting:
2025-02-22 00:54:03,530 - masked_mae : 1.049057960510254
2025-02-22 00:54:03,617 - masked_rmse : 2.362684726715088
2025-02-22 00:54:03,784 - masked_mape : 0.179818794131279
2025-02-22 00:54:03,784 - Evaluate on occhamburg_occupancy_short_term_forecasting:
2025-02-22 00:54:15,132 - masked_mae : 5.894351482391357
2025-02-22 00:54:15,148 - masked_rmse : 10.298820495605469
2025-02-22 00:54:15,177 - masked_mape : 0.5366904735565186
2025-02-22 00:54:15,178 - Evaluate on occhamburg_occupancy_long_term_forecasting:
2025-02-22 00:54:31,947 - masked_mae : 5.562196254730225
2025-02-22 00:54:32,002 - masked_rmse : 9.63337230682373
2025-02-22 00:54:32,107 - masked_mape : 0.49642157554626465
2025-02-22 00:54:32,107 - Evaluate on pemsbay_speed_short_term_forecasting:
2025-02-22 00:54:52,413 - masked_mae : 2.063972234725952
2025-02-22 00:54:52,449 - masked_rmse : 4.507717609405518
2025-02-22 00:54:52,518 - masked_mape : 0.049593959003686905
2025-02-22 00:54:52,518 - Evaluate on pemsbay_speed_long_term_forecasting:
2025-02-22 00:55:25,682 - masked_mae : 2.873669385910034
2025-02-22 00:55:25,810 - masked_rmse : 5.875474452972412
2025-02-22 00:55:26,056 - masked_mape : 0.0700874999165535
2025-02-22 00:55:26,056 - Evaluate on metrla_speed_short_term_forecasting:
2025-02-22 00:55:37,403 - masked_mae : 5.039692401885986
2025-02-22 00:55:37,418 - masked_rmse : 9.96445083618164
2025-02-22 00:55:37,448 - masked_mape : 0.1181507483124733
2025-02-22 00:55:37,448 - Evaluate on metrla_speed_long_term_forecasting:
2025-02-22 00:55:54,187 - masked_mae : 6.364987850189209
2025-02-22 00:55:54,242 - masked_rmse : 11.419245719909668
2025-02-22 00:55:54,347 - masked_mape : 0.15258698165416718
2025-02-22 00:55:54,347 - Evaluate on trafficsh_speed_short_term_forecasting:
2025-02-22 00:56:05,544 - masked_mae : 0.5778102278709412
2025-02-22 00:56:05,560 - masked_rmse : 1.0717233419418335
2025-02-22 00:56:05,589 - masked_mape : 0.06425641477108002
2025-02-22 00:56:05,589 - Evaluate on trafficsh_speed_long_term_forecasting:
2025-02-22 00:56:21,854 - masked_mae : 0.6406446099281311
2025-02-22 00:56:21,907 - masked_rmse : 1.1318262815475464
2025-02-22 00:56:22,008 - masked_mape : 0.07590688019990921
2025-02-22 00:56:22,008 - Evaluate on bikenyc_inflow_short_term_forecasting:
2025-02-22 00:56:30,199 - masked_mae : 1.050946831703186
2025-02-22 00:56:30,207 - masked_rmse : 3.444441556930542
2025-02-22 00:56:30,223 - masked_mape : 0.3638729155063629
2025-02-22 00:56:30,223 - Evaluate on bikenyc_inflow_long_term_forecasting:
2025-02-22 00:56:41,030 - masked_mae : 1.0561294555664062
2025-02-22 00:56:41,058 - masked_rmse : 3.257963180541992
2025-02-22 00:56:41,113 - masked_mape : 0.3704369068145752
2025-02-22 00:56:41,113 - Evaluate on taxinyc_inflow_short_term_forecasting:
2025-02-22 00:56:49,269 - masked_mae : 6.502248287200928
2025-02-22 00:56:49,278 - masked_rmse : 18.632795333862305
2025-02-22 00:56:49,294 - masked_mape : 0.3508897125720978
2025-02-22 00:56:49,294 - Evaluate on taxinyc_inflow_long_term_forecasting:
2025-02-22 00:57:00,157 - masked_mae : 5.648632049560547
2025-02-22 00:57:00,185 - masked_rmse : 15.214302062988281
2025-02-22 00:57:00,239 - masked_mape : 0.4095695912837982
2025-02-22 00:57:00,240 - Evaluate on tdrive_inflow_short_term_forecasting:
2025-02-22 00:57:31,668 - masked_mae : 17.371984481811523
2025-02-22 00:57:31,729 - masked_rmse : 35.652286529541016
2025-02-22 00:57:31,845 - masked_mape : 0.2148226946592331
2025-02-22 00:57:31,846 - Evaluate on tdrive_inflow_long_term_forecasting:
2025-02-22 00:58:25,267 - masked_mae : 14.260265350341797
2025-02-22 00:58:25,485 - masked_rmse : 27.53028678894043
2025-02-22 00:58:25,903 - masked_mape : 0.24141013622283936
2025-02-22 00:58:25,904 - ************************************************************   Imputation Task   ************************************************************
2025-02-22 00:58:25,904 - Evaluate on pems03_flow_point_imputation:
2025-02-22 00:58:31,153 - masked_mae : 52.4837646484375
2025-02-22 00:58:31,154 - masked_rmse : 72.25482177734375
2025-02-22 00:58:31,157 - masked_mre : 0.32480987906455994
2025-02-22 00:58:31,163 - Evaluate on pems03_flow_block_imputation:
2025-02-22 00:58:36,422 - masked_mae : 83.08582305908203
2025-02-22 00:58:36,423 - masked_rmse : 107.31912231445312
2025-02-22 00:58:36,427 - masked_mre : 0.5150618553161621
2025-02-22 00:58:36,427 - Evaluate on pems04_flow_point_imputation:
2025-02-22 00:58:41,485 - masked_mae : 59.47466278076172
2025-02-22 00:58:41,487 - masked_rmse : 81.54263305664062
2025-02-22 00:58:41,489 - masked_mre : 0.2819127142429352
2025-02-22 00:58:41,489 - Evaluate on pems04_flow_block_imputation:
2025-02-22 00:58:46,542 - masked_mae : 103.3034439086914
2025-02-22 00:58:46,544 - masked_rmse : 130.0983428955078
2025-02-22 00:58:46,546 - masked_mre : 0.4919707477092743
2025-02-22 00:58:46,546 - Evaluate on pems07_flow_point_imputation:
2025-02-22 00:58:52,338 - masked_mae : 88.56324005126953
2025-02-22 00:58:52,353 - masked_rmse : 111.08607482910156
2025-02-22 00:58:52,372 - masked_mre : 0.28838926553726196
2025-02-22 00:58:52,372 - Evaluate on pems07_flow_block_imputation:
2025-02-22 00:58:58,115 - masked_mae : 160.0525665283203
2025-02-22 00:58:58,117 - masked_rmse : 185.68264770507812
2025-02-22 00:58:58,135 - masked_mre : 0.5214337110519409
2025-02-22 00:58:58,135 - Evaluate on pems08_flow_point_imputation:
2025-02-22 00:59:03,131 - masked_mae : 63.17725372314453
2025-02-22 00:59:03,132 - masked_rmse : 82.85477447509766
2025-02-22 00:59:03,134 - masked_mre : 0.30861490964889526
2025-02-22 00:59:03,134 - Evaluate on pems08_flow_block_imputation:
2025-02-22 00:59:08,074 - masked_mae : 110.53833770751953
2025-02-22 00:59:08,075 - masked_rmse : 134.24757385253906
2025-02-22 00:59:08,077 - masked_mre : 0.5403913855552673
2025-02-22 00:59:08,077 - Evaluate on pemsbay_speed_point_imputation:
2025-02-22 00:59:13,607 - masked_mae : 12.535377502441406
2025-02-22 00:59:13,622 - masked_rmse : 15.1924467086792
2025-02-22 00:59:13,639 - masked_mre : 0.2172582596540451
2025-02-22 00:59:13,644 - Evaluate on pemsbay_speed_block_imputation:
2025-02-22 00:59:19,196 - masked_mae : 30.174041748046875
2025-02-22 00:59:19,209 - masked_rmse : 32.29644012451172
2025-02-22 00:59:19,217 - masked_mre : 0.5230939984321594
2025-02-22 00:59:19,217 - Evaluate on metrla_speed_point_imputation:
2025-02-22 00:59:24,347 - masked_mae : 14.625385284423828
2025-02-22 00:59:24,348 - masked_rmse : 18.45720672607422
2025-02-22 00:59:24,350 - masked_mre : 0.29390618205070496
2025-02-22 00:59:24,350 - Evaluate on metrla_speed_block_imputation:
2025-02-22 00:59:29,525 - masked_mae : 26.53597640991211
2025-02-22 00:59:29,527 - masked_rmse : 30.541383743286133
2025-02-22 00:59:29,529 - masked_mre : 0.5553086400032043
2025-02-22 01:00:05,980 - [Epoch 12] Pretrain Loss: 22.2713
2025-02-22 01:00:05,981 - ************************************************************   Forecasting Task   ************************************************************
2025-02-22 01:00:05,981 - Evaluate on pems03_flow_short_term_forecasting:
2025-02-22 01:00:19,383 - masked_mae : 16.6174259185791
2025-02-22 01:00:19,404 - masked_rmse : 26.68682289123535
2025-02-22 01:00:19,442 - masked_mape : 0.16488032042980194
2025-02-22 01:00:19,442 - Evaluate on pems03_flow_long_term_forecasting:
2025-02-22 01:00:39,789 - masked_mae : 16.83302879333496
2025-02-22 01:00:39,860 - masked_rmse : 26.88140106201172
2025-02-22 01:00:39,996 - masked_mape : 0.17434869706630707
2025-02-22 01:00:39,997 - Evaluate on pems04_flow_short_term_forecasting:
2025-02-22 01:00:49,419 - masked_mae : 23.64729881286621
2025-02-22 01:00:49,431 - masked_rmse : 37.40854263305664
2025-02-22 01:00:49,452 - masked_mape : 0.1638319492340088
2025-02-22 01:00:49,452 - Evaluate on pems04_flow_long_term_forecasting:
2025-02-22 01:01:02,629 - masked_mae : 25.074180603027344
2025-02-22 01:01:02,668 - masked_rmse : 39.275577545166016
2025-02-22 01:01:02,743 - masked_mape : 0.18022418022155762
2025-02-22 01:01:02,743 - Evaluate on pems07_flow_short_term_forecasting:
2025-02-22 01:01:28,902 - masked_mae : 28.344451904296875
2025-02-22 01:01:28,951 - masked_rmse : 42.80402755737305
2025-02-22 01:01:29,045 - masked_mape : 0.14814123511314392
2025-02-22 01:01:29,045 - Evaluate on pems07_flow_long_term_forecasting:
2025-02-22 01:02:12,807 - masked_mae : 30.305471420288086
2025-02-22 01:02:12,982 - masked_rmse : 45.2031364440918
2025-02-22 01:02:13,318 - masked_mape : 0.15880414843559265
2025-02-22 01:02:13,319 - Evaluate on pems08_flow_short_term_forecasting:
2025-02-22 01:02:21,108 - masked_mae : 18.229408264160156
2025-02-22 01:02:21,116 - masked_rmse : 29.299726486206055
2025-02-22 01:02:21,130 - masked_mape : 0.18670107424259186
2025-02-22 01:02:21,130 - Evaluate on pems08_flow_long_term_forecasting:
2025-02-22 01:02:31,281 - masked_mae : 18.905853271484375
2025-02-22 01:02:31,306 - masked_rmse : 30.250518798828125
2025-02-22 01:02:31,355 - masked_mape : 0.19393403828144073
2025-02-22 01:02:31,355 - Evaluate on occpairs_occupancy_short_term_forecasting:
2025-02-22 01:02:46,670 - masked_mae : 0.943713903427124
2025-02-22 01:02:46,694 - masked_rmse : 2.2983055114746094
2025-02-22 01:02:46,741 - masked_mape : 0.15860839188098907
2025-02-22 01:02:46,742 - Evaluate on occpairs_occupancy_long_term_forecasting:
2025-02-22 01:03:10,741 - masked_mae : 1.0437451601028442
2025-02-22 01:03:10,829 - masked_rmse : 2.3578665256500244
2025-02-22 01:03:10,996 - masked_mape : 0.17817457020282745
2025-02-22 01:03:10,996 - Evaluate on occhamburg_occupancy_short_term_forecasting:
2025-02-22 01:03:22,300 - masked_mae : 5.777681827545166
2025-02-22 01:03:22,316 - masked_rmse : 10.0493803024292
2025-02-22 01:03:22,346 - masked_mape : 0.5313168168067932
2025-02-22 01:03:22,346 - Evaluate on occhamburg_occupancy_long_term_forecasting:
2025-02-22 01:03:39,155 - masked_mae : 5.547717571258545
2025-02-22 01:03:39,210 - masked_rmse : 9.626176834106445
2025-02-22 01:03:39,315 - masked_mape : 0.4893482029438019
2025-02-22 01:03:39,316 - Evaluate on pemsbay_speed_short_term_forecasting:
2025-02-22 01:03:59,584 - masked_mae : 2.01153826713562
2025-02-22 01:03:59,620 - masked_rmse : 4.456617832183838
2025-02-22 01:03:59,689 - masked_mape : 0.04941417649388313
2025-02-22 01:03:59,689 - Evaluate on pemsbay_speed_long_term_forecasting:
2025-02-22 01:04:32,924 - masked_mae : 2.823716402053833
2025-02-22 01:04:33,052 - masked_rmse : 5.823495388031006
2025-02-22 01:04:33,298 - masked_mape : 0.06990578770637512
2025-02-22 01:04:33,299 - Evaluate on metrla_speed_short_term_forecasting:
2025-02-22 01:04:44,608 - masked_mae : 5.005697250366211
2025-02-22 01:04:44,624 - masked_rmse : 9.939423561096191
2025-02-22 01:04:44,654 - masked_mape : 0.1182551383972168
2025-02-22 01:04:44,654 - Evaluate on metrla_speed_long_term_forecasting:
2025-02-22 01:05:01,435 - masked_mae : 6.360815525054932
2025-02-22 01:05:01,490 - masked_rmse : 11.40228271484375
2025-02-22 01:05:01,594 - masked_mape : 0.1531042754650116
2025-02-22 01:05:01,595 - Evaluate on trafficsh_speed_short_term_forecasting:
2025-02-22 01:05:12,755 - masked_mae : 0.549435019493103
2025-02-22 01:05:12,771 - masked_rmse : 1.0330629348754883
2025-02-22 01:05:12,800 - masked_mape : 0.060167789459228516
2025-02-22 01:05:12,800 - Evaluate on trafficsh_speed_long_term_forecasting:
2025-02-22 01:05:29,013 - masked_mae : 0.6536608338356018
2025-02-22 01:05:29,066 - masked_rmse : 1.1357531547546387
2025-02-22 01:05:29,166 - masked_mape : 0.07718649506568909
2025-02-22 01:05:29,167 - Evaluate on bikenyc_inflow_short_term_forecasting:
2025-02-22 01:05:37,303 - masked_mae : 1.0008636713027954
2025-02-22 01:05:37,311 - masked_rmse : 3.207125663757324
2025-02-22 01:05:37,327 - masked_mape : 0.34647396206855774
2025-02-22 01:05:37,327 - Evaluate on bikenyc_inflow_long_term_forecasting:
2025-02-22 01:05:48,172 - masked_mae : 1.0170902013778687
2025-02-22 01:05:48,201 - masked_rmse : 3.220360517501831
2025-02-22 01:05:48,255 - masked_mape : 0.3509697914123535
2025-02-22 01:05:48,255 - Evaluate on taxinyc_inflow_short_term_forecasting:
2025-02-22 01:05:56,425 - masked_mae : 5.983788013458252
2025-02-22 01:05:56,434 - masked_rmse : 16.467103958129883
2025-02-22 01:05:56,450 - masked_mape : 0.37807050347328186
2025-02-22 01:05:56,450 - Evaluate on taxinyc_inflow_long_term_forecasting:
2025-02-22 01:06:07,271 - masked_mae : 5.373222827911377
2025-02-22 01:06:07,300 - masked_rmse : 14.957955360412598
2025-02-22 01:06:07,354 - masked_mape : 0.37005379796028137
2025-02-22 01:06:07,355 - Evaluate on tdrive_inflow_short_term_forecasting:
2025-02-22 01:06:38,814 - masked_mae : 15.171844482421875
2025-02-22 01:06:38,875 - masked_rmse : 30.285554885864258
2025-02-22 01:06:38,991 - masked_mape : 0.20243865251541138
2025-02-22 01:06:38,992 - Evaluate on tdrive_inflow_long_term_forecasting:
2025-02-22 01:07:32,546 - masked_mae : 14.090644836425781
2025-02-22 01:07:32,763 - masked_rmse : 27.79395866394043
2025-02-22 01:07:33,181 - masked_mape : 0.21404534578323364
2025-02-22 01:07:33,182 - ************************************************************   Imputation Task   ************************************************************
2025-02-22 01:07:33,182 - Evaluate on pems03_flow_point_imputation:
2025-02-22 01:07:38,481 - masked_mae : 51.86410903930664
2025-02-22 01:07:38,483 - masked_rmse : 72.15595245361328
2025-02-22 01:07:38,486 - masked_mre : 0.32119762897491455
2025-02-22 01:07:38,486 - Evaluate on pems03_flow_block_imputation:
2025-02-22 01:07:43,776 - masked_mae : 84.02318572998047
2025-02-22 01:07:43,778 - masked_rmse : 108.92054748535156
2025-02-22 01:07:43,781 - masked_mre : 0.5211428999900818
2025-02-22 01:07:43,781 - Evaluate on pems04_flow_point_imputation:
2025-02-22 01:07:48,814 - masked_mae : 58.93813705444336
2025-02-22 01:07:48,816 - masked_rmse : 81.40704345703125
2025-02-22 01:07:48,818 - masked_mre : 0.279592901468277
2025-02-22 01:07:48,818 - Evaluate on pems04_flow_block_imputation:
2025-02-22 01:07:53,894 - masked_mae : 104.85360717773438
2025-02-22 01:07:53,895 - masked_rmse : 132.24517822265625
2025-02-22 01:07:53,897 - masked_mre : 0.49973633885383606
2025-02-22 01:07:53,897 - Evaluate on pems07_flow_point_imputation:
2025-02-22 01:07:59,679 - masked_mae : 88.79720306396484
2025-02-22 01:07:59,693 - masked_rmse : 111.63135528564453
2025-02-22 01:07:59,712 - masked_mre : 0.2892254889011383
2025-02-22 01:07:59,712 - Evaluate on pems07_flow_block_imputation:
2025-02-22 01:08:05,492 - masked_mae : 161.66796875
2025-02-22 01:08:05,494 - masked_rmse : 188.14674377441406
2025-02-22 01:08:05,513 - masked_mre : 0.5269448161125183
2025-02-22 01:08:05,513 - Evaluate on pems08_flow_point_imputation:
2025-02-22 01:08:10,487 - masked_mae : 63.42391586303711
2025-02-22 01:08:10,488 - masked_rmse : 83.4090805053711
2025-02-22 01:08:10,490 - masked_mre : 0.30987322330474854
2025-02-22 01:08:10,490 - Evaluate on pems08_flow_block_imputation:
2025-02-22 01:08:15,455 - masked_mae : 111.52297973632812
2025-02-22 01:08:15,456 - masked_rmse : 136.0615692138672
2025-02-22 01:08:15,458 - masked_mre : 0.5453583002090454
2025-02-22 01:08:15,458 - Evaluate on pemsbay_speed_point_imputation:
2025-02-22 01:08:20,995 - masked_mae : 12.743602752685547
2025-02-22 01:08:21,006 - masked_rmse : 15.287162780761719
2025-02-22 01:08:21,021 - masked_mre : 0.2208685576915741
2025-02-22 01:08:21,022 - Evaluate on pemsbay_speed_block_imputation:
2025-02-22 01:08:26,568 - masked_mae : 30.278430938720703
2025-02-22 01:08:26,581 - masked_rmse : 32.39198303222656
2025-02-22 01:08:26,589 - masked_mre : 0.5249045491218567
2025-02-22 01:08:26,589 - Evaluate on metrla_speed_point_imputation:
2025-02-22 01:08:31,752 - masked_mae : 14.755464553833008
2025-02-22 01:08:31,753 - masked_rmse : 18.49546241760254
2025-02-22 01:08:31,754 - masked_mre : 0.2964167892932892
2025-02-22 01:08:31,755 - Evaluate on metrla_speed_block_imputation:
2025-02-22 01:08:36,901 - masked_mae : 26.599090576171875
2025-02-22 01:08:36,902 - masked_rmse : 30.609655380249023
2025-02-22 01:08:36,905 - masked_mre : 0.5572968125343323
2025-02-22 01:09:13,276 - [Epoch 13] Pretrain Loss: 22.2873
2025-02-22 01:09:13,276 - ************************************************************   Forecasting Task   ************************************************************
2025-02-22 01:09:13,276 - Evaluate on pems03_flow_short_term_forecasting:
2025-02-22 01:09:26,585 - masked_mae : 17.345382690429688
2025-02-22 01:09:26,605 - masked_rmse : 27.51447105407715
2025-02-22 01:09:26,644 - masked_mape : 0.17078787088394165
2025-02-22 01:09:26,644 - Evaluate on pems03_flow_long_term_forecasting:
2025-02-22 01:09:47,040 - masked_mae : 17.13243293762207
2025-02-22 01:09:47,111 - masked_rmse : 27.102935791015625
2025-02-22 01:09:47,247 - masked_mape : 0.18079131841659546
2025-02-22 01:09:47,248 - Evaluate on pems04_flow_short_term_forecasting:
2025-02-22 01:09:56,650 - masked_mae : 24.29852294921875
2025-02-22 01:09:56,662 - masked_rmse : 38.197750091552734
2025-02-22 01:09:56,683 - masked_mape : 0.16646893322467804
2025-02-22 01:09:56,683 - Evaluate on pems04_flow_long_term_forecasting:
2025-02-22 01:10:09,926 - masked_mae : 25.13091468811035
2025-02-22 01:10:09,965 - masked_rmse : 39.23940658569336
2025-02-22 01:10:10,040 - masked_mape : 0.18375654518604279
2025-02-22 01:10:10,040 - Evaluate on pems07_flow_short_term_forecasting:
2025-02-22 01:10:39,547 - masked_mae : 29.313074111938477
2025-02-22 01:10:39,596 - masked_rmse : 44.11653518676758
2025-02-22 01:10:39,690 - masked_mape : 0.1505383849143982
2025-02-22 01:10:39,690 - Evaluate on pems07_flow_long_term_forecasting:
2025-02-22 01:11:23,727 - masked_mae : 30.39313316345215
2025-02-22 01:11:23,902 - masked_rmse : 45.4233283996582
2025-02-22 01:11:24,238 - masked_mape : 0.16161949932575226
2025-02-22 01:11:24,239 - Evaluate on pems08_flow_short_term_forecasting:
2025-02-22 01:11:31,977 - masked_mae : 19.031505584716797
2025-02-22 01:11:31,984 - masked_rmse : 30.2646484375
2025-02-22 01:11:31,999 - masked_mape : 0.18475987017154694
2025-02-22 01:11:31,999 - Evaluate on pems08_flow_long_term_forecasting:
2025-02-22 01:11:42,138 - masked_mae : 18.982107162475586
2025-02-22 01:11:42,163 - masked_rmse : 30.408843994140625
2025-02-22 01:11:42,212 - masked_mape : 0.19561858475208282
2025-02-22 01:11:42,212 - Evaluate on occpairs_occupancy_short_term_forecasting:
2025-02-22 01:11:57,569 - masked_mae : 0.9630813002586365
2025-02-22 01:11:57,593 - masked_rmse : 2.313603162765503
2025-02-22 01:11:57,640 - masked_mape : 0.16480357944965363
2025-02-22 01:11:57,640 - Evaluate on occpairs_occupancy_long_term_forecasting:
2025-02-22 01:12:21,651 - masked_mae : 1.0612164735794067
2025-02-22 01:12:21,738 - masked_rmse : 2.3645553588867188
2025-02-22 01:12:21,905 - masked_mape : 0.1866699457168579
2025-02-22 01:12:21,906 - Evaluate on occhamburg_occupancy_short_term_forecasting:
2025-02-22 01:12:33,231 - masked_mae : 5.853646755218506
2025-02-22 01:12:33,247 - masked_rmse : 10.192876815795898
2025-02-22 01:12:33,277 - masked_mape : 0.5414841175079346
2025-02-22 01:12:33,277 - Evaluate on occhamburg_occupancy_long_term_forecasting:
2025-02-22 01:12:50,031 - masked_mae : 5.538207530975342
2025-02-22 01:12:50,086 - masked_rmse : 9.5956392288208
2025-02-22 01:12:50,191 - masked_mape : 0.4996558427810669
2025-02-22 01:12:50,192 - Evaluate on pemsbay_speed_short_term_forecasting:
2025-02-22 01:13:10,553 - masked_mae : 2.0546579360961914
2025-02-22 01:13:10,589 - masked_rmse : 4.561525344848633
2025-02-22 01:13:10,657 - masked_mape : 0.05011260509490967
2025-02-22 01:13:10,658 - Evaluate on pemsbay_speed_long_term_forecasting:
2025-02-22 01:13:44,027 - masked_mae : 2.8434953689575195
2025-02-22 01:13:44,155 - masked_rmse : 5.880420684814453
2025-02-22 01:13:44,400 - masked_mape : 0.07028205692768097
2025-02-22 01:13:44,401 - Evaluate on metrla_speed_short_term_forecasting:
2025-02-22 01:13:55,751 - masked_mae : 5.049468517303467
2025-02-22 01:13:55,767 - masked_rmse : 10.211767196655273
2025-02-22 01:13:55,796 - masked_mape : 0.11767348647117615
2025-02-22 01:13:55,797 - Evaluate on metrla_speed_long_term_forecasting:
2025-02-22 01:14:12,592 - masked_mae : 6.367753505706787
2025-02-22 01:14:12,647 - masked_rmse : 11.62977123260498
2025-02-22 01:14:12,751 - masked_mape : 0.1520870327949524
2025-02-22 01:14:12,752 - Evaluate on trafficsh_speed_short_term_forecasting:
2025-02-22 01:14:23,915 - masked_mae : 0.5836119055747986
2025-02-22 01:14:23,931 - masked_rmse : 1.1815892457962036
2025-02-22 01:14:23,959 - masked_mape : 0.06215295195579529
2025-02-22 01:14:23,960 - Evaluate on trafficsh_speed_long_term_forecasting:
2025-02-22 01:14:40,180 - masked_mae : 0.6606494784355164
2025-02-22 01:14:40,233 - masked_rmse : 1.2618861198425293
2025-02-22 01:14:40,334 - masked_mape : 0.07534557580947876
2025-02-22 01:14:40,334 - Evaluate on bikenyc_inflow_short_term_forecasting:
2025-02-22 01:14:48,468 - masked_mae : 1.0366019010543823
2025-02-22 01:14:48,477 - masked_rmse : 3.2707393169403076
2025-02-22 01:14:48,493 - masked_mape : 0.3671618700027466
2025-02-22 01:14:48,493 - Evaluate on bikenyc_inflow_long_term_forecasting:
2025-02-22 01:14:59,375 - masked_mae : 1.0459812879562378
2025-02-22 01:14:59,403 - masked_rmse : 3.2628962993621826
2025-02-22 01:14:59,457 - masked_mape : 0.3721625804901123
2025-02-22 01:14:59,458 - Evaluate on taxinyc_inflow_short_term_forecasting:
2025-02-22 01:15:07,596 - masked_mae : 6.328166484832764
2025-02-22 01:15:07,604 - masked_rmse : 16.95426368713379
2025-02-22 01:15:07,620 - masked_mape : 0.3843607008457184
2025-02-22 01:15:07,620 - Evaluate on taxinyc_inflow_long_term_forecasting:
2025-02-22 01:15:18,404 - masked_mae : 5.5594801902771
2025-02-22 01:15:18,433 - masked_rmse : 15.185334205627441
2025-02-22 01:15:18,487 - masked_mape : 0.39562317728996277
2025-02-22 01:15:18,487 - Evaluate on tdrive_inflow_short_term_forecasting:
2025-02-22 01:15:49,913 - masked_mae : 16.78485679626465
2025-02-22 01:15:49,973 - masked_rmse : 32.147918701171875
2025-02-22 01:15:50,089 - masked_mape : 0.24026991426944733
2025-02-22 01:15:50,090 - Evaluate on tdrive_inflow_long_term_forecasting:
2025-02-22 01:16:43,625 - masked_mae : 14.527155876159668
2025-02-22 01:16:43,843 - masked_rmse : 27.75196647644043
2025-02-22 01:16:44,261 - masked_mape : 0.24471314251422882
2025-02-22 01:16:44,262 - ************************************************************   Imputation Task   ************************************************************
2025-02-22 01:16:44,262 - Evaluate on pems03_flow_point_imputation:
2025-02-22 01:16:49,594 - masked_mae : 49.461063385009766
2025-02-22 01:16:49,596 - masked_rmse : 69.27592468261719
2025-02-22 01:16:49,599 - masked_mre : 0.30626583099365234
2025-02-22 01:16:49,605 - Evaluate on pems03_flow_block_imputation:
2025-02-22 01:16:54,827 - masked_mae : 80.70352935791016
2025-02-22 01:16:54,828 - masked_rmse : 105.20276641845703
2025-02-22 01:16:54,832 - masked_mre : 0.5005272626876831
2025-02-22 01:16:54,832 - Evaluate on pems04_flow_point_imputation:
2025-02-22 01:16:59,870 - masked_mae : 56.68227005004883
2025-02-22 01:16:59,871 - masked_rmse : 78.810791015625
2025-02-22 01:16:59,874 - masked_mre : 0.26870790123939514
2025-02-22 01:16:59,874 - Evaluate on pems04_flow_block_imputation:
2025-02-22 01:17:04,942 - masked_mae : 101.0157470703125
2025-02-22 01:17:04,943 - masked_rmse : 128.07093811035156
2025-02-22 01:17:04,945 - masked_mre : 0.4813786447048187
2025-02-22 01:17:04,945 - Evaluate on pems07_flow_point_imputation:
2025-02-22 01:17:10,693 - masked_mae : 84.69464874267578
2025-02-22 01:17:10,709 - masked_rmse : 107.64535522460938
2025-02-22 01:17:10,728 - masked_mre : 0.27565085887908936
2025-02-22 01:17:10,728 - Evaluate on pems07_flow_block_imputation:
2025-02-22 01:17:16,485 - masked_mae : 156.37875366210938
2025-02-22 01:17:16,487 - masked_rmse : 182.82289123535156
2025-02-22 01:17:16,504 - masked_mre : 0.5096997022628784
2025-02-22 01:17:16,504 - Evaluate on pems08_flow_point_imputation:
2025-02-22 01:17:21,496 - masked_mae : 60.11228561401367
2025-02-22 01:17:21,497 - masked_rmse : 79.80481719970703
2025-02-22 01:17:21,498 - masked_mre : 0.2936199903488159
2025-02-22 01:17:21,498 - Evaluate on pems08_flow_block_imputation:
2025-02-22 01:17:26,420 - masked_mae : 107.60702514648438
2025-02-22 01:17:26,421 - masked_rmse : 131.69566345214844
2025-02-22 01:17:26,423 - masked_mre : 0.5261915922164917
2025-02-22 01:17:26,423 - Evaluate on pemsbay_speed_point_imputation:
2025-02-22 01:17:31,967 - masked_mae : 12.476322174072266
2025-02-22 01:17:31,981 - masked_rmse : 15.133156776428223
2025-02-22 01:17:31,997 - masked_mre : 0.21623463928699493
2025-02-22 01:17:31,997 - Evaluate on pemsbay_speed_block_imputation:
2025-02-22 01:17:37,499 - masked_mae : 30.171533584594727
2025-02-22 01:17:37,511 - masked_rmse : 32.31700897216797
2025-02-22 01:17:37,518 - masked_mre : 0.5230504274368286
2025-02-22 01:17:37,518 - Evaluate on metrla_speed_point_imputation:
2025-02-22 01:17:42,656 - masked_mae : 14.45751667022705
2025-02-22 01:17:42,657 - masked_rmse : 18.323951721191406
2025-02-22 01:17:42,658 - masked_mre : 0.2886711657047272
2025-02-22 01:17:42,658 - Evaluate on metrla_speed_block_imputation:
2025-02-22 01:17:47,813 - masked_mae : 26.28074073791504
2025-02-22 01:17:47,814 - masked_rmse : 30.29397201538086
2025-02-22 01:17:47,816 - masked_mre : 0.5498881936073303
2025-02-22 01:18:24,261 - [Epoch 14] Pretrain Loss: 22.2354
2025-02-22 01:18:24,262 - ************************************************************   Forecasting Task   ************************************************************
2025-02-22 01:18:24,262 - Evaluate on pems03_flow_short_term_forecasting:
2025-02-22 01:18:37,641 - masked_mae : 17.23212242126465
2025-02-22 01:18:37,661 - masked_rmse : 27.758224487304688
2025-02-22 01:18:37,700 - masked_mape : 0.16580426692962646
2025-02-22 01:18:37,700 - Evaluate on pems03_flow_long_term_forecasting:
2025-02-22 01:18:58,042 - masked_mae : 16.738706588745117
2025-02-22 01:18:58,113 - masked_rmse : 26.750200271606445
2025-02-22 01:18:58,249 - masked_mape : 0.1738371104001999
2025-02-22 01:18:58,249 - Evaluate on pems04_flow_short_term_forecasting:
2025-02-22 01:19:07,674 - masked_mae : 24.34635353088379
2025-02-22 01:19:07,686 - masked_rmse : 38.61188507080078
2025-02-22 01:19:07,707 - masked_mape : 0.1644769310951233
2025-02-22 01:19:07,707 - Evaluate on pems04_flow_long_term_forecasting:
2025-02-22 01:19:20,904 - masked_mae : 24.81792449951172
2025-02-22 01:19:20,944 - masked_rmse : 39.03599548339844
2025-02-22 01:19:21,018 - masked_mape : 0.1789749413728714
2025-02-22 01:19:21,019 - Evaluate on pems07_flow_short_term_forecasting:
2025-02-22 01:19:47,353 - masked_mae : 29.405364990234375
2025-02-22 01:19:47,402 - masked_rmse : 44.59613037109375
2025-02-22 01:19:47,496 - masked_mape : 0.14943508803844452
2025-02-22 01:19:47,497 - Evaluate on pems07_flow_long_term_forecasting:
2025-02-22 01:20:31,551 - masked_mae : 29.966079711914062
2025-02-22 01:20:31,726 - masked_rmse : 44.95024108886719
2025-02-22 01:20:32,062 - masked_mape : 0.15875878930091858
2025-02-22 01:20:32,063 - Evaluate on pems08_flow_short_term_forecasting:
2025-02-22 01:20:39,795 - masked_mae : 18.97981071472168
2025-02-22 01:20:39,803 - masked_rmse : 30.610509872436523
2025-02-22 01:20:39,817 - masked_mape : 0.18841876089572906
2025-02-22 01:20:39,818 - Evaluate on pems08_flow_long_term_forecasting:
2025-02-22 01:20:49,930 - masked_mae : 18.65835952758789
2025-02-22 01:20:49,956 - masked_rmse : 30.11316680908203
2025-02-22 01:20:50,004 - masked_mape : 0.19532383978366852
2025-02-22 01:20:50,004 - Evaluate on occpairs_occupancy_short_term_forecasting:
2025-02-22 01:21:05,332 - masked_mae : 0.9507463574409485
2025-02-22 01:21:05,357 - masked_rmse : 2.3847439289093018
2025-02-22 01:21:05,404 - masked_mape : 0.155552938580513
2025-02-22 01:21:05,404 - Evaluate on occpairs_occupancy_long_term_forecasting:
2025-02-22 01:21:29,495 - masked_mae : 1.0507322549819946
2025-02-22 01:21:29,582 - masked_rmse : 2.38305926322937
2025-02-22 01:21:29,749 - masked_mape : 0.18006503582000732
2025-02-22 01:21:29,749 - Evaluate on occhamburg_occupancy_short_term_forecasting:
2025-02-22 01:21:41,086 - masked_mae : 5.8314528465271
2025-02-22 01:21:41,102 - masked_rmse : 10.199009895324707
2025-02-22 01:21:41,132 - masked_mape : 0.5318930745124817
2025-02-22 01:21:41,132 - Evaluate on occhamburg_occupancy_long_term_forecasting:
2025-02-22 01:21:57,859 - masked_mae : 5.527214050292969
2025-02-22 01:21:57,914 - masked_rmse : 9.624274253845215
2025-02-22 01:21:58,019 - masked_mape : 0.4872833788394928
2025-02-22 01:21:58,019 - Evaluate on pemsbay_speed_short_term_forecasting:
2025-02-22 01:22:18,385 - masked_mae : 2.0492801666259766
2025-02-22 01:22:18,421 - masked_rmse : 4.529771327972412
2025-02-22 01:22:18,490 - masked_mape : 0.05030691623687744
2025-02-22 01:22:18,490 - Evaluate on pemsbay_speed_long_term_forecasting:
2025-02-22 01:22:51,881 - masked_mae : 2.8100736141204834
2025-02-22 01:22:52,010 - masked_rmse : 5.826313018798828
2025-02-22 01:22:52,255 - masked_mape : 0.07001210004091263
2025-02-22 01:22:52,256 - Evaluate on metrla_speed_short_term_forecasting:
2025-02-22 01:23:03,639 - masked_mae : 5.075827121734619
2025-02-22 01:23:03,655 - masked_rmse : 10.224928855895996
2025-02-22 01:23:03,685 - masked_mape : 0.11878729611635208
2025-02-22 01:23:03,685 - Evaluate on metrla_speed_long_term_forecasting:
2025-02-22 01:23:20,419 - masked_mae : 6.375030517578125
2025-02-22 01:23:20,474 - masked_rmse : 11.653491020202637
2025-02-22 01:23:20,579 - masked_mape : 0.15264210104942322
2025-02-22 01:23:20,579 - Evaluate on trafficsh_speed_short_term_forecasting:
2025-02-22 01:23:31,728 - masked_mae : 0.604230523109436
2025-02-22 01:23:31,744 - masked_rmse : 1.1762267351150513
2025-02-22 01:23:31,772 - masked_mape : 0.0640188679099083
2025-02-22 01:23:31,773 - Evaluate on trafficsh_speed_long_term_forecasting:
2025-02-22 01:23:48,034 - masked_mae : 0.67359858751297
2025-02-22 01:23:48,087 - masked_rmse : 1.2540744543075562
2025-02-22 01:23:48,188 - masked_mape : 0.07709169387817383
2025-02-22 01:23:48,188 - Evaluate on bikenyc_inflow_short_term_forecasting:
2025-02-22 01:23:56,345 - masked_mae : 1.0227497816085815
2025-02-22 01:23:56,354 - masked_rmse : 3.3591604232788086
2025-02-22 01:23:56,369 - masked_mape : 0.35868600010871887
2025-02-22 01:23:56,370 - Evaluate on bikenyc_inflow_long_term_forecasting:
2025-02-22 01:24:07,196 - masked_mae : 1.0412784814834595
2025-02-22 01:24:07,225 - masked_rmse : 3.2601163387298584
2025-02-22 01:24:07,279 - masked_mape : 0.3643686771392822
2025-02-22 01:24:07,279 - Evaluate on taxinyc_inflow_short_term_forecasting:
2025-02-22 01:24:15,352 - masked_mae : 6.127248287200928
2025-02-22 01:24:15,361 - masked_rmse : 17.56157112121582
2025-02-22 01:24:15,377 - masked_mape : 0.34478509426116943
2025-02-22 01:24:15,377 - Evaluate on taxinyc_inflow_long_term_forecasting:
2025-02-22 01:24:26,238 - masked_mae : 5.533234119415283
2025-02-22 01:24:26,266 - masked_rmse : 15.413935661315918
2025-02-22 01:24:26,321 - masked_mape : 0.37660273909568787
2025-02-22 01:24:26,321 - Evaluate on tdrive_inflow_short_term_forecasting:
2025-02-22 01:24:57,810 - masked_mae : 16.04535675048828
2025-02-22 01:24:57,870 - masked_rmse : 33.21051025390625
2025-02-22 01:24:57,986 - masked_mape : 0.19502753019332886
2025-02-22 01:24:57,987 - Evaluate on tdrive_inflow_long_term_forecasting:
2025-02-22 01:25:51,401 - masked_mae : 14.122971534729004
2025-02-22 01:25:51,619 - masked_rmse : 27.623186111450195
2025-02-22 01:25:52,037 - masked_mape : 0.21515870094299316
2025-02-22 01:25:52,038 - ************************************************************   Imputation Task   ************************************************************
2025-02-22 01:25:52,038 - Evaluate on pems03_flow_point_imputation:
2025-02-22 01:25:57,262 - masked_mae : 48.11732482910156
2025-02-22 01:25:57,263 - masked_rmse : 67.92578125
2025-02-22 01:25:57,265 - masked_mre : 0.29802411794662476
2025-02-22 01:25:57,265 - Evaluate on pems03_flow_block_imputation:
2025-02-22 01:26:02,528 - masked_mae : 78.66615295410156
2025-02-22 01:26:02,529 - masked_rmse : 103.15027618408203
2025-02-22 01:26:02,532 - masked_mre : 0.48799681663513184
2025-02-22 01:26:02,532 - Evaluate on pems04_flow_point_imputation:
2025-02-22 01:26:07,611 - masked_mae : 55.5085334777832
2025-02-22 01:26:07,612 - masked_rmse : 77.62260437011719
2025-02-22 01:26:07,614 - masked_mre : 0.2630971074104309
2025-02-22 01:26:07,614 - Evaluate on pems04_flow_block_imputation:
2025-02-22 01:26:12,660 - masked_mae : 98.70951843261719
2025-02-22 01:26:12,661 - masked_rmse : 125.59508514404297
2025-02-22 01:26:12,663 - masked_mre : 0.4705244302749634
2025-02-22 01:26:12,664 - Evaluate on pems07_flow_point_imputation:
2025-02-22 01:26:18,440 - masked_mae : 83.08152770996094
2025-02-22 01:26:18,455 - masked_rmse : 106.01171875
2025-02-22 01:26:18,474 - masked_mre : 0.2703162133693695
2025-02-22 01:26:18,474 - Evaluate on pems07_flow_block_imputation:
2025-02-22 01:26:24,230 - masked_mae : 153.09986877441406
2025-02-22 01:26:24,236 - masked_rmse : 179.72531127929688
2025-02-22 01:26:24,254 - masked_mre : 0.4991579055786133
2025-02-22 01:26:24,254 - Evaluate on pems08_flow_point_imputation:
2025-02-22 01:26:29,183 - masked_mae : 58.69014358520508
2025-02-22 01:26:29,184 - masked_rmse : 78.20540618896484
2025-02-22 01:26:29,185 - masked_mre : 0.2866213619709015
2025-02-22 01:26:29,185 - Evaluate on pems08_flow_block_imputation:
2025-02-22 01:26:34,136 - masked_mae : 104.8404541015625
2025-02-22 01:26:34,137 - masked_rmse : 128.80946350097656
2025-02-22 01:26:34,138 - masked_mre : 0.5127492547035217
2025-02-22 01:26:34,139 - Evaluate on pemsbay_speed_point_imputation:
2025-02-22 01:26:39,677 - masked_mae : 12.655664443969727
2025-02-22 01:26:39,680 - masked_rmse : 15.235107421875
2025-02-22 01:26:39,693 - masked_mre : 0.21934352815151215
2025-02-22 01:26:39,693 - Evaluate on pemsbay_speed_block_imputation:
2025-02-22 01:26:45,248 - masked_mae : 30.282896041870117
2025-02-22 01:26:45,261 - masked_rmse : 32.4356803894043
2025-02-22 01:26:45,271 - masked_mre : 0.5249805450439453
2025-02-22 01:26:45,271 - Evaluate on metrla_speed_point_imputation:
2025-02-22 01:26:50,375 - masked_mae : 14.59866714477539
2025-02-22 01:26:50,376 - masked_rmse : 18.449445724487305
2025-02-22 01:26:50,378 - masked_mre : 0.2906213700771332
2025-02-22 01:26:50,379 - Evaluate on metrla_speed_block_imputation:
2025-02-22 01:26:55,495 - masked_mae : 26.20128631591797
2025-02-22 01:26:55,496 - masked_rmse : 30.227754592895508
2025-02-22 01:26:55,498 - masked_mre : 0.5480207204818726
2025-02-22 01:27:31,924 - [Epoch 15] Pretrain Loss: 22.0352
2025-02-22 01:27:31,924 - ************************************************************   Forecasting Task   ************************************************************
2025-02-22 01:27:31,925 - Evaluate on pems03_flow_short_term_forecasting:
2025-02-22 01:27:45,291 - masked_mae : 17.098527908325195
2025-02-22 01:27:45,311 - masked_rmse : 27.20079231262207
2025-02-22 01:27:45,350 - masked_mape : 0.16822506487369537
2025-02-22 01:27:45,350 - Evaluate on pems03_flow_long_term_forecasting:
2025-02-22 01:28:05,825 - masked_mae : 16.867830276489258
2025-02-22 01:28:05,896 - masked_rmse : 26.77815818786621
2025-02-22 01:28:06,032 - masked_mape : 0.1772974729537964
2025-02-22 01:28:06,032 - Evaluate on pems04_flow_short_term_forecasting:
2025-02-22 01:28:15,437 - masked_mae : 24.069122314453125
2025-02-22 01:28:15,449 - masked_rmse : 37.8829231262207
2025-02-22 01:28:15,470 - masked_mape : 0.165705606341362
2025-02-22 01:28:15,470 - Evaluate on pems04_flow_long_term_forecasting:
2025-02-22 01:28:28,681 - masked_mae : 24.888154983520508
2025-02-22 01:28:28,720 - masked_rmse : 38.95091247558594
2025-02-22 01:28:28,795 - masked_mape : 0.18178312480449677
2025-02-22 01:28:28,795 - Evaluate on pems07_flow_short_term_forecasting:
2025-02-22 01:28:55,079 - masked_mae : 29.06910514831543
2025-02-22 01:28:55,128 - masked_rmse : 43.76777648925781
2025-02-22 01:28:55,221 - masked_mape : 0.15017443895339966
2025-02-22 01:28:55,222 - Evaluate on pems07_flow_long_term_forecasting:
2025-02-22 01:29:39,160 - masked_mae : 30.143829345703125
2025-02-22 01:29:39,336 - masked_rmse : 45.25398635864258
2025-02-22 01:29:39,671 - masked_mape : 0.1605072021484375
2025-02-22 01:29:39,672 - Evaluate on pems08_flow_short_term_forecasting:
2025-02-22 01:29:47,432 - masked_mae : 18.8518009185791
2025-02-22 01:29:47,440 - masked_rmse : 30.043838500976562
2025-02-22 01:29:47,454 - masked_mape : 0.18782329559326172
2025-02-22 01:29:47,454 - Evaluate on pems08_flow_long_term_forecasting:
2025-02-22 01:29:57,541 - masked_mae : 18.792612075805664
2025-02-22 01:29:57,566 - masked_rmse : 30.258203506469727
2025-02-22 01:29:57,615 - masked_mape : 0.19522583484649658
2025-02-22 01:29:57,615 - Evaluate on occpairs_occupancy_short_term_forecasting:
2025-02-22 01:30:12,953 - masked_mae : 0.9516964554786682
2025-02-22 01:30:12,978 - masked_rmse : 2.290174961090088
2025-02-22 01:30:13,024 - masked_mape : 0.16355077922344208
2025-02-22 01:30:13,025 - Evaluate on occpairs_occupancy_long_term_forecasting:
2025-02-22 01:30:37,063 - masked_mae : 1.0514663457870483
2025-02-22 01:30:37,150 - masked_rmse : 2.35650634765625
2025-02-22 01:30:37,317 - masked_mape : 0.184051975607872
2025-02-22 01:30:37,318 - Evaluate on occhamburg_occupancy_short_term_forecasting:
2025-02-22 01:30:48,645 - masked_mae : 5.864558696746826
2025-02-22 01:30:48,661 - masked_rmse : 10.202548027038574
2025-02-22 01:30:48,691 - masked_mape : 0.5475185513496399
2025-02-22 01:30:48,691 - Evaluate on occhamburg_occupancy_long_term_forecasting:
2025-02-22 01:31:05,399 - masked_mae : 5.53126335144043
2025-02-22 01:31:05,454 - masked_rmse : 9.57852840423584
2025-02-22 01:31:05,559 - masked_mape : 0.5021381378173828
2025-02-22 01:31:05,560 - Evaluate on pemsbay_speed_short_term_forecasting:
2025-02-22 01:31:25,888 - masked_mae : 2.03411602973938
2025-02-22 01:31:25,924 - masked_rmse : 4.5874199867248535
2025-02-22 01:31:25,992 - masked_mape : 0.050316035747528076
2025-02-22 01:31:25,993 - Evaluate on pemsbay_speed_long_term_forecasting:
2025-02-22 01:31:59,195 - masked_mae : 2.786006212234497
2025-02-22 01:31:59,324 - masked_rmse : 5.838724613189697
2025-02-22 01:31:59,569 - masked_mape : 0.06984066218137741
2025-02-22 01:31:59,570 - Evaluate on metrla_speed_short_term_forecasting:
2025-02-22 01:32:10,922 - masked_mae : 5.021579265594482
2025-02-22 01:32:10,937 - masked_rmse : 10.443706512451172
2025-02-22 01:32:10,967 - masked_mape : 0.11697552353143692
2025-02-22 01:32:10,967 - Evaluate on metrla_speed_long_term_forecasting:
2025-02-22 01:32:27,673 - masked_mae : 6.321188449859619
2025-02-22 01:32:27,728 - masked_rmse : 11.81394100189209
2025-02-22 01:32:27,833 - masked_mape : 0.15099762380123138
2025-02-22 01:32:27,833 - Evaluate on trafficsh_speed_short_term_forecasting:
2025-02-22 01:32:39,037 - masked_mae : 0.5910983681678772
2025-02-22 01:32:39,052 - masked_rmse : 1.2412811517715454
2025-02-22 01:32:39,081 - masked_mape : 0.061279382556676865
2025-02-22 01:32:39,082 - Evaluate on trafficsh_speed_long_term_forecasting:
2025-02-22 01:32:55,450 - masked_mae : 0.6756150126457214
2025-02-22 01:32:55,503 - masked_rmse : 1.3389720916748047
2025-02-22 01:32:55,603 - masked_mape : 0.07555729150772095
2025-02-22 01:32:55,604 - Evaluate on bikenyc_inflow_short_term_forecasting:
2025-02-22 01:33:03,728 - masked_mae : 1.0246737003326416
2025-02-22 01:33:03,737 - masked_rmse : 3.209514856338501
2025-02-22 01:33:03,753 - masked_mape : 0.36309969425201416
2025-02-22 01:33:03,753 - Evaluate on bikenyc_inflow_long_term_forecasting:
2025-02-22 01:33:14,602 - masked_mae : 1.0269695520401
2025-02-22 01:33:14,631 - masked_rmse : 3.203240156173706
2025-02-22 01:33:14,685 - masked_mape : 0.3667290508747101
2025-02-22 01:33:14,685 - Evaluate on taxinyc_inflow_short_term_forecasting:
2025-02-22 01:33:22,819 - masked_mae : 6.1162109375
2025-02-22 01:33:22,828 - masked_rmse : 16.116161346435547
2025-02-22 01:33:22,844 - masked_mape : 0.39790579676628113
2025-02-22 01:33:22,844 - Evaluate on taxinyc_inflow_long_term_forecasting:
2025-02-22 01:33:33,658 - masked_mae : 5.387871265411377
2025-02-22 01:33:33,687 - masked_rmse : 14.793688774108887
2025-02-22 01:33:33,741 - masked_mape : 0.3815881013870239
2025-02-22 01:33:33,741 - Evaluate on tdrive_inflow_short_term_forecasting:
2025-02-22 01:34:05,242 - masked_mae : 15.8488130569458
2025-02-22 01:34:05,302 - masked_rmse : 30.506959915161133
2025-02-22 01:34:05,418 - masked_mape : 0.23074501752853394
2025-02-22 01:34:05,419 - Evaluate on tdrive_inflow_long_term_forecasting:
2025-02-22 01:34:59,044 - masked_mae : 14.108936309814453
2025-02-22 01:34:59,262 - masked_rmse : 27.1160945892334
2025-02-22 01:34:59,680 - masked_mape : 0.2310667186975479
2025-02-22 01:34:59,681 - ************************************************************   Imputation Task   ************************************************************
2025-02-22 01:34:59,681 - Evaluate on pems03_flow_point_imputation:
2025-02-22 01:35:04,969 - masked_mae : 48.97781753540039
2025-02-22 01:35:04,972 - masked_rmse : 69.20967864990234
2025-02-22 01:35:04,983 - masked_mre : 0.3034091293811798
2025-02-22 01:35:04,984 - Evaluate on pems03_flow_block_imputation:
2025-02-22 01:35:10,236 - masked_mae : 80.9335708618164
2025-02-22 01:35:10,238 - masked_rmse : 106.02926635742188
2025-02-22 01:35:10,240 - masked_mre : 0.502116858959198
2025-02-22 01:35:10,241 - Evaluate on pems04_flow_point_imputation:
2025-02-22 01:35:15,280 - masked_mae : 56.391700744628906
2025-02-22 01:35:15,281 - masked_rmse : 78.77970886230469
2025-02-22 01:35:15,283 - masked_mre : 0.2673681378364563
2025-02-22 01:35:15,283 - Evaluate on pems04_flow_block_imputation:
2025-02-22 01:35:20,358 - masked_mae : 101.82198333740234
2025-02-22 01:35:20,359 - masked_rmse : 129.40614318847656
2025-02-22 01:35:20,361 - masked_mre : 0.48542845249176025
2025-02-22 01:35:20,361 - Evaluate on pems07_flow_point_imputation:
2025-02-22 01:35:26,101 - masked_mae : 85.30731964111328
2025-02-22 01:35:26,115 - masked_rmse : 108.57645416259766
2025-02-22 01:35:26,133 - masked_mre : 0.2775906026363373
2025-02-22 01:35:26,134 - Evaluate on pems07_flow_block_imputation:
2025-02-22 01:35:31,900 - masked_mae : 157.8817138671875
2025-02-22 01:35:31,902 - masked_rmse : 185.2998809814453
2025-02-22 01:35:31,916 - masked_mre : 0.5147449970245361
2025-02-22 01:35:31,922 - Evaluate on pems08_flow_point_imputation:
2025-02-22 01:35:36,849 - masked_mae : 60.21957015991211
2025-02-22 01:35:36,850 - masked_rmse : 80.16190338134766
2025-02-22 01:35:36,851 - masked_mre : 0.2941209077835083
2025-02-22 01:35:36,851 - Evaluate on pems08_flow_block_imputation:
2025-02-22 01:35:41,767 - masked_mae : 107.95230865478516
2025-02-22 01:35:41,768 - masked_rmse : 132.7332305908203
2025-02-22 01:35:41,770 - masked_mre : 0.5279636979103088
2025-02-22 01:35:41,770 - Evaluate on pemsbay_speed_point_imputation:
2025-02-22 01:35:47,293 - masked_mae : 13.41860294342041
2025-02-22 01:35:47,304 - masked_rmse : 15.918651580810547
2025-02-22 01:35:47,319 - masked_mre : 0.23257017135620117
2025-02-22 01:35:47,319 - Evaluate on pemsbay_speed_block_imputation:
2025-02-22 01:35:52,845 - masked_mae : 31.251020431518555
2025-02-22 01:35:52,846 - masked_rmse : 33.402976989746094
2025-02-22 01:35:52,858 - masked_mre : 0.5417658090591431
2025-02-22 01:35:52,858 - Evaluate on metrla_speed_point_imputation:
2025-02-22 01:35:57,964 - masked_mae : 15.147612571716309
2025-02-22 01:35:57,965 - masked_rmse : 18.927833557128906
2025-02-22 01:35:57,967 - masked_mre : 0.3020656704902649
2025-02-22 01:35:57,967 - Evaluate on metrla_speed_block_imputation:
2025-02-22 01:36:03,103 - masked_mae : 26.888790130615234
2025-02-22 01:36:03,104 - masked_rmse : 30.928897857666016
2025-02-22 01:36:03,112 - masked_mre : 0.5627022385597229
2025-02-22 01:36:39,597 - [Epoch 16] Pretrain Loss: 21.9640
2025-02-22 01:36:39,597 - ************************************************************   Forecasting Task   ************************************************************
2025-02-22 01:36:39,597 - Evaluate on pems03_flow_short_term_forecasting:
2025-02-22 01:36:52,933 - masked_mae : 16.205726623535156
2025-02-22 01:36:52,953 - masked_rmse : 26.111494064331055
2025-02-22 01:36:52,992 - masked_mape : 0.16209274530410767
2025-02-22 01:36:52,992 - Evaluate on pems03_flow_long_term_forecasting:
2025-02-22 01:37:13,310 - masked_mae : 16.814966201782227
2025-02-22 01:37:13,381 - masked_rmse : 26.89275360107422
2025-02-22 01:37:13,517 - masked_mape : 0.17591328918933868
2025-02-22 01:37:13,517 - Evaluate on pems04_flow_short_term_forecasting:
2025-02-22 01:37:22,951 - masked_mae : 23.11490821838379
2025-02-22 01:37:22,962 - masked_rmse : 36.69111633300781
2025-02-22 01:37:22,984 - masked_mape : 0.1611580103635788
2025-02-22 01:37:22,984 - Evaluate on pems04_flow_long_term_forecasting:
2025-02-22 01:37:36,217 - masked_mae : 24.94971466064453
2025-02-22 01:37:36,256 - masked_rmse : 39.090087890625
2025-02-22 01:37:36,331 - masked_mape : 0.18157710134983063
2025-02-22 01:37:36,331 - Evaluate on pems07_flow_short_term_forecasting:
2025-02-22 01:38:02,631 - masked_mae : 27.8419132232666
2025-02-22 01:38:02,680 - masked_rmse : 42.25197219848633
2025-02-22 01:38:02,774 - masked_mape : 0.14736278355121613
2025-02-22 01:38:02,774 - Evaluate on pems07_flow_long_term_forecasting:
2025-02-22 01:38:46,746 - masked_mae : 30.328638076782227
2025-02-22 01:38:46,921 - masked_rmse : 45.551910400390625
2025-02-22 01:38:47,257 - masked_mape : 0.16164439916610718
2025-02-22 01:38:47,258 - Evaluate on pems08_flow_short_term_forecasting:
2025-02-22 01:38:54,996 - masked_mae : 17.941957473754883
2025-02-22 01:38:55,004 - masked_rmse : 28.965608596801758
2025-02-22 01:38:55,018 - masked_mape : 0.18811041116714478
2025-02-22 01:38:55,019 - Evaluate on pems08_flow_long_term_forecasting:
2025-02-22 01:39:05,170 - masked_mae : 18.932117462158203
2025-02-22 01:39:05,196 - masked_rmse : 30.52361297607422
2025-02-22 01:39:05,244 - masked_mape : 0.19639098644256592
2025-02-22 01:39:05,245 - Evaluate on occpairs_occupancy_short_term_forecasting:
2025-02-22 01:39:20,587 - masked_mae : 0.8902642130851746
2025-02-22 01:39:20,612 - masked_rmse : 2.2054152488708496
2025-02-22 01:39:20,659 - masked_mape : 0.1515844464302063
2025-02-22 01:39:20,659 - Evaluate on occpairs_occupancy_long_term_forecasting:
2025-02-22 01:39:44,803 - masked_mae : 1.0402354001998901
2025-02-22 01:39:44,890 - masked_rmse : 2.3480522632598877
2025-02-22 01:39:45,057 - masked_mape : 0.1794307678937912
2025-02-22 01:39:45,058 - Evaluate on occhamburg_occupancy_short_term_forecasting:
2025-02-22 01:39:56,445 - masked_mae : 5.752224445343018
2025-02-22 01:39:56,461 - masked_rmse : 10.031193733215332
2025-02-22 01:39:56,491 - masked_mape : 0.5317029356956482
2025-02-22 01:39:56,491 - Evaluate on occhamburg_occupancy_long_term_forecasting:
2025-02-22 01:40:13,277 - masked_mae : 5.528158664703369
2025-02-22 01:40:13,332 - masked_rmse : 9.61555004119873
2025-02-22 01:40:13,437 - masked_mape : 0.4897575378417969
2025-02-22 01:40:13,438 - Evaluate on pemsbay_speed_short_term_forecasting:
2025-02-22 01:40:33,761 - masked_mae : 2.0101702213287354
2025-02-22 01:40:33,797 - masked_rmse : 4.555795192718506
2025-02-22 01:40:33,865 - masked_mape : 0.05027681216597557
2025-02-22 01:40:33,866 - Evaluate on pemsbay_speed_long_term_forecasting:
2025-02-22 01:41:07,161 - masked_mae : 2.769854784011841
2025-02-22 01:41:07,289 - masked_rmse : 5.801546573638916
2025-02-22 01:41:07,535 - masked_mape : 0.06978178769350052
2025-02-22 01:41:07,535 - Evaluate on metrla_speed_short_term_forecasting:
2025-02-22 01:41:18,859 - masked_mae : 5.028099060058594
2025-02-22 01:41:18,875 - masked_rmse : 10.445568084716797
2025-02-22 01:41:18,904 - masked_mape : 0.11771485954523087
2025-02-22 01:41:18,905 - Evaluate on metrla_speed_long_term_forecasting:
2025-02-22 01:41:35,636 - masked_mae : 6.3943095207214355
2025-02-22 01:41:35,691 - masked_rmse : 11.897868156433105
2025-02-22 01:41:35,796 - masked_mape : 0.15238924324512482
2025-02-22 01:41:35,796 - Evaluate on trafficsh_speed_short_term_forecasting:
2025-02-22 01:41:46,978 - masked_mae : 0.5917013883590698
2025-02-22 01:41:46,993 - masked_rmse : 1.2263139486312866
2025-02-22 01:41:47,022 - masked_mape : 0.06076671555638313
2025-02-22 01:41:47,023 - Evaluate on trafficsh_speed_long_term_forecasting:
2025-02-22 01:42:03,337 - masked_mae : 0.7005923390388489
2025-02-22 01:42:03,390 - masked_rmse : 1.3609262704849243
2025-02-22 01:42:03,491 - masked_mape : 0.07805892080068588
2025-02-22 01:42:03,491 - Evaluate on bikenyc_inflow_short_term_forecasting:
2025-02-22 01:42:11,568 - masked_mae : 0.9517335891723633
2025-02-22 01:42:11,576 - masked_rmse : 3.016019582748413
2025-02-22 01:42:11,592 - masked_mape : 0.3366517722606659
2025-02-22 01:42:11,592 - Evaluate on bikenyc_inflow_long_term_forecasting:
2025-02-22 01:42:22,416 - masked_mae : 0.9968112111091614
2025-02-22 01:42:22,444 - masked_rmse : 3.180283308029175
2025-02-22 01:42:22,498 - masked_mape : 0.34808066487312317
2025-02-22 01:42:22,499 - Evaluate on taxinyc_inflow_short_term_forecasting:
2025-02-22 01:42:30,609 - masked_mae : 5.273395538330078
2025-02-22 01:42:30,617 - masked_rmse : 14.593681335449219
2025-02-22 01:42:30,633 - masked_mape : 0.34461894631385803
2025-02-22 01:42:30,633 - Evaluate on taxinyc_inflow_long_term_forecasting:
2025-02-22 01:42:41,426 - masked_mae : 5.1738691329956055
2025-02-22 01:42:41,454 - masked_rmse : 14.721672058105469
2025-02-22 01:42:41,509 - masked_mape : 0.3476669490337372
2025-02-22 01:42:41,509 - Evaluate on tdrive_inflow_short_term_forecasting:
2025-02-22 01:43:12,884 - masked_mae : 13.138575553894043
2025-02-22 01:43:12,945 - masked_rmse : 26.40142059326172
2025-02-22 01:43:13,061 - masked_mape : 0.1851104497909546
2025-02-22 01:43:13,062 - Evaluate on tdrive_inflow_long_term_forecasting:
2025-02-22 01:44:06,637 - masked_mae : 13.826268196105957
2025-02-22 01:44:06,855 - masked_rmse : 27.35373878479004
2025-02-22 01:44:07,273 - masked_mape : 0.20111720263957977
2025-02-22 01:44:07,274 - ************************************************************   Imputation Task   ************************************************************
2025-02-22 01:44:07,274 - Evaluate on pems03_flow_point_imputation:
2025-02-22 01:44:12,467 - masked_mae : 49.82494354248047
2025-02-22 01:44:12,469 - masked_rmse : 71.03814697265625
2025-02-22 01:44:12,472 - masked_mre : 0.30880793929100037
2025-02-22 01:44:12,472 - Evaluate on pems03_flow_block_imputation:
2025-02-22 01:44:17,725 - masked_mae : 84.0493392944336
2025-02-22 01:44:17,726 - masked_rmse : 110.4009017944336
2025-02-22 01:44:17,730 - masked_mre : 0.5216661691665649
2025-02-22 01:44:17,730 - Evaluate on pems04_flow_point_imputation:
2025-02-22 01:44:22,774 - masked_mae : 57.51488494873047
2025-02-22 01:44:22,775 - masked_rmse : 80.69963073730469
2025-02-22 01:44:22,777 - masked_mre : 0.2727993428707123
2025-02-22 01:44:22,777 - Evaluate on pems04_flow_block_imputation:
2025-02-22 01:44:27,845 - masked_mae : 106.28453063964844
2025-02-22 01:44:27,846 - masked_rmse : 135.0550537109375
2025-02-22 01:44:27,848 - masked_mre : 0.5069665908813477
2025-02-22 01:44:27,848 - Evaluate on pems07_flow_point_imputation:
2025-02-22 01:44:33,632 - masked_mae : 88.3057861328125
2025-02-22 01:44:33,651 - masked_rmse : 112.31349182128906
2025-02-22 01:44:33,672 - masked_mre : 0.28741681575775146
2025-02-22 01:44:33,672 - Evaluate on pems07_flow_block_imputation:
2025-02-22 01:44:39,430 - masked_mae : 164.41107177734375
2025-02-22 01:44:39,432 - masked_rmse : 193.0214080810547
2025-02-22 01:44:39,446 - masked_mre : 0.5361362099647522
2025-02-22 01:44:39,453 - Evaluate on pems08_flow_point_imputation:
2025-02-22 01:44:44,446 - masked_mae : 62.21844482421875
2025-02-22 01:44:44,448 - masked_rmse : 82.90657043457031
2025-02-22 01:44:44,450 - masked_mre : 0.3038941025733948
2025-02-22 01:44:44,450 - Evaluate on pems08_flow_block_imputation:
2025-02-22 01:44:49,377 - masked_mae : 112.0670394897461
2025-02-22 01:44:49,378 - masked_rmse : 138.06289672851562
2025-02-22 01:44:49,380 - masked_mre : 0.5481687188148499
2025-02-22 01:44:49,380 - Evaluate on pemsbay_speed_point_imputation:
2025-02-22 01:44:54,934 - masked_mae : 14.437211036682129
2025-02-22 01:44:54,944 - masked_rmse : 16.761693954467773
2025-02-22 01:44:54,961 - masked_mre : 0.2502285838127136
2025-02-22 01:44:54,961 - Evaluate on pemsbay_speed_block_imputation:
2025-02-22 01:45:00,469 - masked_mae : 32.72332000732422
2025-02-22 01:45:00,480 - masked_rmse : 34.86375427246094
2025-02-22 01:45:00,488 - masked_mre : 0.5672910213470459
2025-02-22 01:45:00,488 - Evaluate on metrla_speed_point_imputation:
2025-02-22 01:45:05,615 - masked_mae : 15.936200141906738
2025-02-22 01:45:05,616 - masked_rmse : 19.611181259155273
2025-02-22 01:45:05,618 - masked_mre : 0.3186821937561035
2025-02-22 01:45:05,618 - Evaluate on metrla_speed_block_imputation:
2025-02-22 01:45:10,762 - masked_mae : 27.938419342041016
2025-02-22 01:45:10,763 - masked_rmse : 32.025108337402344
2025-02-22 01:45:10,765 - masked_mre : 0.5853702425956726
2025-02-22 01:45:47,203 - [Epoch 17] Pretrain Loss: 21.8755
2025-02-22 01:45:47,204 - ************************************************************   Forecasting Task   ************************************************************
2025-02-22 01:45:47,204 - Evaluate on pems03_flow_short_term_forecasting:
2025-02-22 01:46:00,651 - masked_mae : 16.044296264648438
2025-02-22 01:46:00,671 - masked_rmse : 25.779220581054688
2025-02-22 01:46:00,709 - masked_mape : 0.1636008769273758
2025-02-22 01:46:00,710 - Evaluate on pems03_flow_long_term_forecasting:
2025-02-22 01:46:24,509 - masked_mae : 16.713722229003906
2025-02-22 01:46:24,580 - masked_rmse : 26.682069778442383
2025-02-22 01:46:24,716 - masked_mape : 0.17661774158477783
2025-02-22 01:46:24,716 - Evaluate on pems04_flow_short_term_forecasting:
2025-02-22 01:46:34,198 - masked_mae : 22.78777503967285
2025-02-22 01:46:34,210 - masked_rmse : 36.16314697265625
2025-02-22 01:46:34,231 - masked_mape : 0.1589418202638626
2025-02-22 01:46:34,232 - Evaluate on pems04_flow_long_term_forecasting:
2025-02-22 01:46:47,389 - masked_mae : 24.788827896118164
2025-02-22 01:46:47,428 - masked_rmse : 38.81337356567383
2025-02-22 01:46:47,503 - masked_mape : 0.18061335384845734
2025-02-22 01:46:47,503 - Evaluate on pems07_flow_short_term_forecasting:
2025-02-22 01:47:13,652 - masked_mae : 27.5424747467041
2025-02-22 01:47:13,701 - masked_rmse : 41.46266555786133
2025-02-22 01:47:13,794 - masked_mape : 0.14787481725215912
2025-02-22 01:47:13,795 - Evaluate on pems07_flow_long_term_forecasting:
2025-02-22 01:47:57,787 - masked_mae : 29.87464141845703
2025-02-22 01:47:57,963 - masked_rmse : 44.53104782104492
2025-02-22 01:47:58,298 - masked_mape : 0.1583455353975296
2025-02-22 01:47:58,299 - Evaluate on pems08_flow_short_term_forecasting:
2025-02-22 01:48:06,011 - masked_mae : 17.84811019897461
2025-02-22 01:48:06,019 - masked_rmse : 28.633956909179688
2025-02-22 01:48:06,033 - masked_mape : 0.19264499843120575
2025-02-22 01:48:06,033 - Evaluate on pems08_flow_long_term_forecasting:
2025-02-22 01:48:16,166 - masked_mae : 18.663084030151367
2025-02-22 01:48:16,192 - masked_rmse : 29.98340606689453
2025-02-22 01:48:16,240 - masked_mape : 0.19222496449947357
2025-02-22 01:48:16,240 - Evaluate on occpairs_occupancy_short_term_forecasting:
2025-02-22 01:48:31,543 - masked_mae : 0.8474523425102234
2025-02-22 01:48:31,567 - masked_rmse : 2.1294331550598145
2025-02-22 01:48:31,614 - masked_mape : 0.14405961334705353
2025-02-22 01:48:31,615 - Evaluate on occpairs_occupancy_long_term_forecasting:
2025-02-22 01:48:55,630 - masked_mae : 1.035390853881836
2025-02-22 01:48:55,717 - masked_rmse : 2.3470780849456787
2025-02-22 01:48:55,884 - masked_mape : 0.17499779164791107
2025-02-22 01:48:55,885 - Evaluate on occhamburg_occupancy_short_term_forecasting:
2025-02-22 01:49:07,225 - masked_mae : 5.652564525604248
2025-02-22 01:49:07,241 - masked_rmse : 9.872981071472168
2025-02-22 01:49:07,271 - masked_mape : 0.5170790553092957
2025-02-22 01:49:07,271 - Evaluate on occhamburg_occupancy_long_term_forecasting:
2025-02-22 01:49:24,072 - masked_mae : 5.533067226409912
2025-02-22 01:49:24,127 - masked_rmse : 9.637728691101074
2025-02-22 01:49:24,232 - masked_mape : 0.4829336106777191
2025-02-22 01:49:24,232 - Evaluate on pemsbay_speed_short_term_forecasting:
2025-02-22 01:49:44,617 - masked_mae : 2.004626989364624
2025-02-22 01:49:44,652 - masked_rmse : 4.4681782722473145
2025-02-22 01:49:44,721 - masked_mape : 0.0499371699988842
2025-02-22 01:49:44,722 - Evaluate on pemsbay_speed_long_term_forecasting:
2025-02-22 01:50:18,033 - masked_mae : 2.7537975311279297
2025-02-22 01:50:18,161 - masked_rmse : 5.74078369140625
2025-02-22 01:50:18,407 - masked_mape : 0.06929978728294373
2025-02-22 01:50:18,407 - Evaluate on metrla_speed_short_term_forecasting:
2025-02-22 01:50:29,742 - masked_mae : 5.004146575927734
2025-02-22 01:50:29,758 - masked_rmse : 10.136210441589355
2025-02-22 01:50:29,788 - masked_mape : 0.11788567155599594
2025-02-22 01:50:29,788 - Evaluate on metrla_speed_long_term_forecasting:
2025-02-22 01:50:46,515 - masked_mae : 6.326687335968018
2025-02-22 01:50:46,570 - masked_rmse : 11.645251274108887
2025-02-22 01:50:46,675 - masked_mape : 0.15179231762886047
2025-02-22 01:50:46,675 - Evaluate on trafficsh_speed_short_term_forecasting:
2025-02-22 01:50:57,840 - masked_mae : 0.5950422286987305
2025-02-22 01:50:57,856 - masked_rmse : 1.0910767316818237
2025-02-22 01:50:57,885 - masked_mape : 0.06289786845445633
2025-02-22 01:50:57,885 - Evaluate on trafficsh_speed_long_term_forecasting:
2025-02-22 01:51:14,093 - masked_mae : 0.6783004403114319
2025-02-22 01:51:14,146 - masked_rmse : 1.2207043170928955
2025-02-22 01:51:14,247 - masked_mape : 0.07817532867193222
2025-02-22 01:51:14,247 - Evaluate on bikenyc_inflow_short_term_forecasting:
2025-02-22 01:51:22,394 - masked_mae : 0.9109318852424622
2025-02-22 01:51:22,403 - masked_rmse : 2.89562726020813
2025-02-22 01:51:22,418 - masked_mape : 0.32855331897735596
2025-02-22 01:51:22,419 - Evaluate on bikenyc_inflow_long_term_forecasting:
2025-02-22 01:51:33,233 - masked_mae : 1.0052849054336548
2025-02-22 01:51:33,262 - masked_rmse : 3.1941521167755127
2025-02-22 01:51:33,316 - masked_mape : 0.34601926803588867
2025-02-22 01:51:33,316 - Evaluate on taxinyc_inflow_short_term_forecasting:
2025-02-22 01:51:41,398 - masked_mae : 4.802004814147949
2025-02-22 01:51:41,407 - masked_rmse : 13.463095664978027
2025-02-22 01:51:41,423 - masked_mape : 0.30817484855651855
2025-02-22 01:51:41,423 - Evaluate on taxinyc_inflow_long_term_forecasting:
2025-02-22 01:51:52,249 - masked_mae : 5.245565891265869
2025-02-22 01:51:52,278 - masked_rmse : 14.736564636230469
2025-02-22 01:51:52,332 - masked_mape : 0.35448265075683594
2025-02-22 01:51:52,332 - Evaluate on tdrive_inflow_short_term_forecasting:
2025-02-22 01:52:23,801 - masked_mae : 12.341023445129395
2025-02-22 01:52:23,862 - masked_rmse : 24.863801956176758
2025-02-22 01:52:23,978 - masked_mape : 0.17732994258403778
2025-02-22 01:52:23,979 - Evaluate on tdrive_inflow_long_term_forecasting:
2025-02-22 01:53:17,284 - masked_mae : 13.835956573486328
2025-02-22 01:53:17,502 - masked_rmse : 27.455881118774414
2025-02-22 01:53:17,920 - masked_mape : 0.20051012933254242
2025-02-22 01:53:17,920 - ************************************************************   Imputation Task   ************************************************************
2025-02-22 01:53:17,921 - Evaluate on pems03_flow_point_imputation:
2025-02-22 01:53:23,184 - masked_mae : 47.48994445800781
2025-02-22 01:53:23,185 - masked_rmse : 68.03816223144531
2025-02-22 01:53:23,188 - masked_mre : 0.2943623960018158
2025-02-22 01:53:23,188 - Evaluate on pems03_flow_block_imputation:
2025-02-22 01:53:28,430 - masked_mae : 79.71318054199219
2025-02-22 01:53:28,431 - masked_rmse : 105.57386016845703
2025-02-22 01:53:28,434 - masked_mre : 0.49474775791168213
2025-02-22 01:53:28,434 - Evaluate on pems04_flow_point_imputation:
2025-02-22 01:53:33,515 - masked_mae : 55.28864669799805
2025-02-22 01:53:33,516 - masked_rmse : 77.91155242919922
2025-02-22 01:53:33,518 - masked_mre : 0.2622775435447693
2025-02-22 01:53:33,518 - Evaluate on pems04_flow_block_imputation:
2025-02-22 01:53:38,553 - masked_mae : 100.8936767578125
2025-02-22 01:53:38,554 - masked_rmse : 128.9828643798828
2025-02-22 01:53:38,556 - masked_mre : 0.48121508955955505
2025-02-22 01:53:38,556 - Evaluate on pems07_flow_point_imputation:
2025-02-22 01:53:44,334 - masked_mae : 83.20215606689453
2025-02-22 01:53:44,349 - masked_rmse : 106.63700866699219
2025-02-22 01:53:44,366 - masked_mre : 0.2709607481956482
2025-02-22 01:53:44,366 - Evaluate on pems07_flow_block_imputation:
2025-02-22 01:53:50,129 - masked_mae : 155.4097900390625
2025-02-22 01:53:50,131 - masked_rmse : 183.4299774169922
2025-02-22 01:53:50,145 - masked_mre : 0.5067235827445984
2025-02-22 01:53:50,146 - Evaluate on pems08_flow_point_imputation:
2025-02-22 01:53:55,108 - masked_mae : 58.101383209228516
2025-02-22 01:53:55,109 - masked_rmse : 77.96470642089844
2025-02-22 01:53:55,111 - masked_mre : 0.2837996482849121
2025-02-22 01:53:55,121 - Evaluate on pems08_flow_block_imputation:
2025-02-22 01:54:00,120 - masked_mae : 105.42723083496094
2025-02-22 01:54:00,121 - masked_rmse : 130.51490783691406
2025-02-22 01:54:00,123 - masked_mre : 0.5156636238098145
2025-02-22 01:54:00,123 - Evaluate on pemsbay_speed_point_imputation:
2025-02-22 01:54:05,645 - masked_mae : 13.542230606079102
2025-02-22 01:54:05,655 - masked_rmse : 15.929605484008789
2025-02-22 01:54:05,673 - masked_mre : 0.23471327126026154
2025-02-22 01:54:05,677 - Evaluate on pemsbay_speed_block_imputation:
2025-02-22 01:54:11,222 - masked_mae : 31.035076141357422
2025-02-22 01:54:11,235 - masked_rmse : 33.168636322021484
2025-02-22 01:54:11,243 - masked_mre : 0.5380217432975769
2025-02-22 01:54:11,243 - Evaluate on metrla_speed_point_imputation:
2025-02-22 01:54:16,404 - masked_mae : 15.001147270202637
2025-02-22 01:54:16,405 - masked_rmse : 18.738574981689453
2025-02-22 01:54:16,408 - masked_mre : 0.29886484146118164
2025-02-22 01:54:16,408 - Evaluate on metrla_speed_block_imputation:
2025-02-22 01:54:21,551 - masked_mae : 26.467872619628906
2025-02-22 01:54:21,552 - masked_rmse : 30.468679428100586
2025-02-22 01:54:21,555 - masked_mre : 0.5537954568862915
2025-02-22 01:54:57,955 - [Epoch 18] Pretrain Loss: 21.8803
2025-02-22 01:54:57,955 - ************************************************************   Forecasting Task   ************************************************************
2025-02-22 01:54:57,955 - Evaluate on pems03_flow_short_term_forecasting:
2025-02-22 01:55:11,306 - masked_mae : 15.857279777526855
2025-02-22 01:55:11,326 - masked_rmse : 25.65339469909668
2025-02-22 01:55:11,365 - masked_mape : 0.1566259115934372
2025-02-22 01:55:11,365 - Evaluate on pems03_flow_long_term_forecasting:
2025-02-22 01:55:31,823 - masked_mae : 16.7585391998291
2025-02-22 01:55:31,894 - masked_rmse : 26.72719383239746
2025-02-22 01:55:32,030 - masked_mape : 0.1754283905029297
2025-02-22 01:55:32,031 - Evaluate on pems04_flow_short_term_forecasting:
2025-02-22 01:55:41,458 - masked_mae : 22.695146560668945
2025-02-22 01:55:41,470 - masked_rmse : 36.2122917175293
2025-02-22 01:55:41,491 - masked_mape : 0.15639884769916534
2025-02-22 01:55:41,492 - Evaluate on pems04_flow_long_term_forecasting:
2025-02-22 01:55:54,709 - masked_mae : 24.820276260375977
2025-02-22 01:55:54,749 - masked_rmse : 38.8391227722168
2025-02-22 01:55:54,823 - masked_mape : 0.1809312254190445
2025-02-22 01:55:54,824 - Evaluate on pems07_flow_short_term_forecasting:
2025-02-22 01:56:20,996 - masked_mae : 27.307945251464844
2025-02-22 01:56:21,045 - masked_rmse : 41.58253479003906
2025-02-22 01:56:21,139 - masked_mape : 0.13944660127162933
2025-02-22 01:56:21,140 - Evaluate on pems07_flow_long_term_forecasting:
2025-02-22 01:57:04,910 - masked_mae : 29.98712921142578
2025-02-22 01:57:05,085 - masked_rmse : 45.0877799987793
2025-02-22 01:57:05,421 - masked_mape : 0.1581621915102005
2025-02-22 01:57:05,422 - Evaluate on pems08_flow_short_term_forecasting:
2025-02-22 01:57:13,201 - masked_mae : 17.571487426757812
2025-02-22 01:57:13,208 - masked_rmse : 28.523529052734375
2025-02-22 01:57:13,222 - masked_mape : 0.17550724744796753
2025-02-22 01:57:13,223 - Evaluate on pems08_flow_long_term_forecasting:
2025-02-22 01:57:23,329 - masked_mae : 18.735353469848633
2025-02-22 01:57:23,355 - masked_rmse : 30.190780639648438
2025-02-22 01:57:23,403 - masked_mape : 0.19084568321704865
2025-02-22 01:57:23,403 - Evaluate on occpairs_occupancy_short_term_forecasting:
2025-02-22 01:57:38,724 - masked_mae : 0.8775073885917664
2025-02-22 01:57:38,749 - masked_rmse : 2.2123165130615234
2025-02-22 01:57:38,795 - masked_mape : 0.1471191942691803
2025-02-22 01:57:38,796 - Evaluate on occpairs_occupancy_long_term_forecasting:
2025-02-22 01:58:02,786 - masked_mae : 1.041556715965271
2025-02-22 01:58:02,873 - masked_rmse : 2.3626976013183594
2025-02-22 01:58:03,040 - masked_mape : 0.17747585475444794
2025-02-22 01:58:03,040 - Evaluate on occhamburg_occupancy_short_term_forecasting:
2025-02-22 01:58:14,335 - masked_mae : 5.659572124481201
2025-02-22 01:58:14,350 - masked_rmse : 9.888126373291016
2025-02-22 01:58:14,380 - masked_mape : 0.5168676972389221
2025-02-22 01:58:14,381 - Evaluate on occhamburg_occupancy_long_term_forecasting:
2025-02-22 01:58:31,123 - masked_mae : 5.512447357177734
2025-02-22 01:58:31,178 - masked_rmse : 9.602118492126465
2025-02-22 01:58:31,283 - masked_mape : 0.4859953820705414
2025-02-22 01:58:31,284 - Evaluate on pemsbay_speed_short_term_forecasting:
2025-02-22 01:58:51,593 - masked_mae : 2.0276811122894287
2025-02-22 01:58:51,629 - masked_rmse : 4.587096691131592
2025-02-22 01:58:51,698 - masked_mape : 0.05048955976963043
2025-02-22 01:58:51,698 - Evaluate on pemsbay_speed_long_term_forecasting:
2025-02-22 01:59:24,927 - masked_mae : 2.80507755279541
2025-02-22 01:59:25,055 - masked_rmse : 5.862520694732666
2025-02-22 01:59:25,301 - masked_mape : 0.07055027037858963
2025-02-22 01:59:25,302 - Evaluate on metrla_speed_short_term_forecasting:
2025-02-22 01:59:36,633 - masked_mae : 5.084211349487305
2025-02-22 01:59:36,649 - masked_rmse : 10.595443725585938
2025-02-22 01:59:36,678 - masked_mape : 0.11841421574354172
2025-02-22 01:59:36,679 - Evaluate on metrla_speed_long_term_forecasting:
2025-02-22 01:59:53,419 - masked_mae : 6.475904941558838
2025-02-22 01:59:53,474 - masked_rmse : 12.218174934387207
2025-02-22 01:59:53,579 - masked_mape : 0.15377141535282135
2025-02-22 01:59:53,579 - Evaluate on trafficsh_speed_short_term_forecasting:
2025-02-22 02:00:04,730 - masked_mae : 0.5949748158454895
2025-02-22 02:00:04,746 - masked_rmse : 1.2438580989837646
2025-02-22 02:00:04,775 - masked_mape : 0.061407845467329025
2025-02-22 02:00:04,775 - Evaluate on trafficsh_speed_long_term_forecasting:
2025-02-22 02:00:20,963 - masked_mae : 0.7021269798278809
2025-02-22 02:00:21,016 - masked_rmse : 1.423534870147705
2025-02-22 02:00:21,117 - masked_mape : 0.0768447145819664
2025-02-22 02:00:21,117 - Evaluate on bikenyc_inflow_short_term_forecasting:
2025-02-22 02:00:29,251 - masked_mae : 0.9305167198181152
2025-02-22 02:00:29,259 - masked_rmse : 2.970341444015503
2025-02-22 02:00:29,275 - masked_mape : 0.3352159261703491
2025-02-22 02:00:29,275 - Evaluate on bikenyc_inflow_long_term_forecasting:
2025-02-22 02:00:40,108 - masked_mae : 1.0062525272369385
2025-02-22 02:00:40,136 - masked_rmse : 3.1606638431549072
2025-02-22 02:00:40,191 - masked_mape : 0.35225310921669006
2025-02-22 02:00:40,191 - Evaluate on taxinyc_inflow_short_term_forecasting:
2025-02-22 02:00:48,305 - masked_mae : 5.077532768249512
2025-02-22 02:00:48,314 - masked_rmse : 14.465508460998535
2025-02-22 02:00:48,330 - masked_mape : 0.3182995617389679
2025-02-22 02:00:48,330 - Evaluate on taxinyc_inflow_long_term_forecasting:
2025-02-22 02:00:59,123 - masked_mae : 5.279029846191406
2025-02-22 02:00:59,151 - masked_rmse : 14.91042423248291
2025-02-22 02:00:59,206 - masked_mape : 0.3630651533603668
2025-02-22 02:00:59,206 - Evaluate on tdrive_inflow_short_term_forecasting:
2025-02-22 02:01:30,556 - masked_mae : 12.701638221740723
2025-02-22 02:01:30,616 - masked_rmse : 25.832143783569336
2025-02-22 02:01:30,732 - masked_mape : 0.17572836577892303
2025-02-22 02:01:30,733 - Evaluate on tdrive_inflow_long_term_forecasting:
2025-02-22 02:02:24,180 - masked_mae : 13.776016235351562
2025-02-22 02:02:24,398 - masked_rmse : 27.223981857299805
2025-02-22 02:02:24,816 - masked_mape : 0.20347081124782562
2025-02-22 02:02:24,817 - ************************************************************   Imputation Task   ************************************************************
2025-02-22 02:02:24,817 - Evaluate on pems03_flow_point_imputation:
2025-02-22 02:02:30,090 - masked_mae : 48.46229553222656
2025-02-22 02:02:30,092 - masked_rmse : 69.55657958984375
2025-02-22 02:02:30,095 - masked_mre : 0.3004167675971985
2025-02-22 02:02:30,096 - Evaluate on pems03_flow_block_imputation:
2025-02-22 02:02:35,367 - masked_mae : 82.48066711425781
2025-02-22 02:02:35,368 - masked_rmse : 109.16358184814453
2025-02-22 02:02:35,372 - masked_mre : 0.5119941830635071
2025-02-22 02:02:35,372 - Evaluate on pems04_flow_point_imputation:
2025-02-22 02:02:40,390 - masked_mae : 56.361000061035156
2025-02-22 02:02:40,392 - masked_rmse : 79.43535614013672
2025-02-22 02:02:40,394 - masked_mre : 0.26725533604621887
2025-02-22 02:02:40,394 - Evaluate on pems04_flow_block_imputation:
2025-02-22 02:02:45,481 - masked_mae : 105.07623291015625
2025-02-22 02:02:45,482 - masked_rmse : 133.94219970703125
2025-02-22 02:02:45,484 - masked_mre : 0.5012308955192566
2025-02-22 02:02:45,485 - Evaluate on pems07_flow_point_imputation:
2025-02-22 02:02:51,269 - masked_mae : 86.36927032470703
2025-02-22 02:02:51,288 - masked_rmse : 110.37467193603516
2025-02-22 02:02:51,310 - masked_mre : 0.28110262751579285
2025-02-22 02:02:51,310 - Evaluate on pems07_flow_block_imputation:
2025-02-22 02:02:57,071 - masked_mae : 162.94955444335938
2025-02-22 02:02:57,073 - masked_rmse : 191.86416625976562
2025-02-22 02:02:57,086 - masked_mre : 0.5313863754272461
2025-02-22 02:02:57,086 - Evaluate on pems08_flow_point_imputation:
2025-02-22 02:03:02,065 - masked_mae : 60.48992919921875
2025-02-22 02:03:02,066 - masked_rmse : 80.881591796875
2025-02-22 02:03:02,067 - masked_mre : 0.2954258620738983
2025-02-22 02:03:02,068 - Evaluate on pems08_flow_block_imputation:
2025-02-22 02:03:07,056 - masked_mae : 110.3603515625
2025-02-22 02:03:07,057 - masked_rmse : 136.33609008789062
2025-02-22 02:03:07,058 - masked_mre : 0.5398319363594055
2025-02-22 02:03:07,058 - Evaluate on pemsbay_speed_point_imputation:
2025-02-22 02:03:12,581 - masked_mae : 14.808273315429688
2025-02-22 02:03:12,583 - masked_rmse : 17.109756469726562
2025-02-22 02:03:12,586 - masked_mre : 0.25666093826293945
2025-02-22 02:03:12,587 - Evaluate on pemsbay_speed_block_imputation:
2025-02-22 02:03:18,080 - masked_mae : 33.35866928100586
2025-02-22 02:03:18,082 - masked_rmse : 35.52513122558594
2025-02-22 02:03:18,086 - masked_mre : 0.5783054232597351
2025-02-22 02:03:18,087 - Evaluate on metrla_speed_point_imputation:
2025-02-22 02:03:23,256 - masked_mae : 16.06826400756836
2025-02-22 02:03:23,257 - masked_rmse : 19.837160110473633
2025-02-22 02:03:23,260 - masked_mre : 0.3196239173412323
2025-02-22 02:03:23,260 - Evaluate on metrla_speed_block_imputation:
2025-02-22 02:03:28,413 - masked_mae : 28.059629440307617
2025-02-22 02:03:28,414 - masked_rmse : 32.15309524536133
2025-02-22 02:03:28,417 - masked_mre : 0.587129533290863
2025-02-22 02:04:04,857 - [Epoch 19] Pretrain Loss: 21.8728
2025-02-22 02:04:04,858 - ************************************************************   Forecasting Task   ************************************************************
2025-02-22 02:04:04,858 - Evaluate on pems03_flow_short_term_forecasting:
2025-02-22 02:04:18,278 - masked_mae : 15.924121856689453
2025-02-22 02:04:18,299 - masked_rmse : 25.632062911987305
2025-02-22 02:04:18,337 - masked_mape : 0.15611742436885834
2025-02-22 02:04:18,337 - Evaluate on pems03_flow_long_term_forecasting:
2025-02-22 02:04:38,689 - masked_mae : 16.8837890625
2025-02-22 02:04:38,760 - masked_rmse : 26.858261108398438
2025-02-22 02:04:38,896 - masked_mape : 0.1726616621017456
2025-02-22 02:04:38,896 - Evaluate on pems04_flow_short_term_forecasting:
2025-02-22 02:04:48,317 - masked_mae : 22.64793586730957
2025-02-22 02:04:48,329 - masked_rmse : 36.00131607055664
2025-02-22 02:04:48,350 - masked_mape : 0.1541641801595688
2025-02-22 02:04:48,351 - Evaluate on pems04_flow_long_term_forecasting:
2025-02-22 02:05:01,551 - masked_mae : 24.73162269592285
2025-02-22 02:05:01,591 - masked_rmse : 38.69682312011719
2025-02-22 02:05:01,665 - masked_mape : 0.17614002525806427
2025-02-22 02:05:01,666 - Evaluate on pems07_flow_short_term_forecasting:
2025-02-22 02:05:27,893 - masked_mae : 27.353759765625
2025-02-22 02:05:27,942 - masked_rmse : 41.2946662902832
2025-02-22 02:05:28,036 - masked_mape : 0.13534575700759888
2025-02-22 02:05:28,037 - Evaluate on pems07_flow_long_term_forecasting:
2025-02-22 02:06:11,944 - masked_mae : 29.942502975463867
2025-02-22 02:06:12,119 - masked_rmse : 44.72727584838867
2025-02-22 02:06:12,455 - masked_mape : 0.15242163836956024
2025-02-22 02:06:12,456 - Evaluate on pems08_flow_short_term_forecasting:
2025-02-22 02:06:20,214 - masked_mae : 17.444120407104492
2025-02-22 02:06:20,222 - masked_rmse : 28.242136001586914
2025-02-22 02:06:20,236 - masked_mape : 0.1658027619123459
2025-02-22 02:06:20,237 - Evaluate on pems08_flow_long_term_forecasting:
2025-02-22 02:06:30,390 - masked_mae : 18.793718338012695
2025-02-22 02:06:30,416 - masked_rmse : 30.113794326782227
2025-02-22 02:06:30,465 - masked_mape : 0.18003346025943756
2025-02-22 02:06:30,465 - Evaluate on occpairs_occupancy_short_term_forecasting:
2025-02-22 02:06:45,737 - masked_mae : 0.8687459826469421
2025-02-22 02:06:45,762 - masked_rmse : 2.168687582015991
2025-02-22 02:06:45,808 - masked_mape : 0.1488635241985321
2025-02-22 02:06:45,809 - Evaluate on occpairs_occupancy_long_term_forecasting:
2025-02-22 02:07:09,923 - masked_mae : 1.049509048461914
2025-02-22 02:07:10,010 - masked_rmse : 2.3627262115478516
2025-02-22 02:07:10,177 - masked_mape : 0.17844898998737335
2025-02-22 02:07:10,178 - Evaluate on occhamburg_occupancy_short_term_forecasting:
2025-02-22 02:07:21,534 - masked_mae : 5.6659016609191895
2025-02-22 02:07:21,550 - masked_rmse : 9.874579429626465
2025-02-22 02:07:21,580 - masked_mape : 0.5169446468353271
2025-02-22 02:07:21,580 - Evaluate on occhamburg_occupancy_long_term_forecasting:
2025-02-22 02:07:38,344 - masked_mae : 5.530714511871338
2025-02-22 02:07:38,399 - masked_rmse : 9.632331848144531
2025-02-22 02:07:38,504 - masked_mape : 0.48434457182884216
2025-02-22 02:07:38,504 - Evaluate on pemsbay_speed_short_term_forecasting:
2025-02-22 02:07:58,926 - masked_mae : 2.0227749347686768
2025-02-22 02:07:58,962 - masked_rmse : 4.556555271148682
2025-02-22 02:07:59,030 - masked_mape : 0.049808863550424576
2025-02-22 02:07:59,031 - Evaluate on pemsbay_speed_long_term_forecasting:
2025-02-22 02:08:32,424 - masked_mae : 2.7589662075042725
2025-02-22 02:08:32,552 - masked_rmse : 5.816883087158203
2025-02-22 02:08:32,797 - masked_mape : 0.0691327229142189
2025-02-22 02:08:32,798 - Evaluate on metrla_speed_short_term_forecasting:
2025-02-22 02:08:44,168 - masked_mae : 5.141790390014648
2025-02-22 02:08:44,184 - masked_rmse : 10.541613578796387
2025-02-22 02:08:44,213 - masked_mape : 0.11853914707899094
2025-02-22 02:08:44,214 - Evaluate on metrla_speed_long_term_forecasting:
2025-02-22 02:09:01,041 - masked_mae : 6.484208583831787
2025-02-22 02:09:01,096 - masked_rmse : 12.216659545898438
2025-02-22 02:09:01,201 - masked_mape : 0.1524590402841568
2025-02-22 02:09:01,202 - Evaluate on trafficsh_speed_short_term_forecasting:
2025-02-22 02:09:12,441 - masked_mae : 0.6154717206954956
2025-02-22 02:09:12,456 - masked_rmse : 1.1934858560562134
2025-02-22 02:09:12,485 - masked_mape : 0.0664401724934578
2025-02-22 02:09:12,486 - Evaluate on trafficsh_speed_long_term_forecasting:
2025-02-22 02:09:28,809 - masked_mae : 0.7385237216949463
2025-02-22 02:09:28,862 - masked_rmse : 1.4071308374404907
2025-02-22 02:09:28,963 - masked_mape : 0.08197306841611862
2025-02-22 02:09:28,963 - Evaluate on bikenyc_inflow_short_term_forecasting:
2025-02-22 02:09:37,066 - masked_mae : 0.9349456429481506
2025-02-22 02:09:37,074 - masked_rmse : 2.9505202770233154
2025-02-22 02:09:37,090 - masked_mape : 0.3407977819442749
2025-02-22 02:09:37,090 - Evaluate on bikenyc_inflow_long_term_forecasting:
2025-02-22 02:09:47,916 - masked_mae : 1.023931860923767
2025-02-22 02:09:47,944 - masked_rmse : 3.2016210556030273
2025-02-22 02:09:47,998 - masked_mape : 0.35551488399505615
2025-02-22 02:09:47,999 - Evaluate on taxinyc_inflow_short_term_forecasting:
2025-02-22 02:09:56,166 - masked_mae : 5.026382923126221
2025-02-22 02:09:56,174 - masked_rmse : 13.884597778320312
2025-02-22 02:09:56,190 - masked_mape : 0.33845826983451843
2025-02-22 02:09:56,190 - Evaluate on taxinyc_inflow_long_term_forecasting:
2025-02-22 02:10:07,061 - masked_mae : 5.564803600311279
2025-02-22 02:10:07,089 - masked_rmse : 15.066398620605469
2025-02-22 02:10:07,144 - masked_mape : 0.39293864369392395
2025-02-22 02:10:07,144 - Evaluate on tdrive_inflow_short_term_forecasting:
2025-02-22 02:10:38,596 - masked_mae : 12.755925178527832
2025-02-22 02:10:38,656 - masked_rmse : 25.387205123901367
2025-02-22 02:10:38,772 - masked_mape : 0.1962345689535141
2025-02-22 02:10:38,773 - Evaluate on tdrive_inflow_long_term_forecasting:
2025-02-22 02:11:32,397 - masked_mae : 14.289067268371582
2025-02-22 02:11:32,615 - masked_rmse : 27.725669860839844
2025-02-22 02:11:33,033 - masked_mape : 0.22542768716812134
2025-02-22 02:11:33,034 - ************************************************************   Imputation Task   ************************************************************
2025-02-22 02:11:33,034 - Evaluate on pems03_flow_point_imputation:
2025-02-22 02:11:38,296 - masked_mae : 46.87059020996094
2025-02-22 02:11:38,298 - masked_rmse : 67.46326446533203
2025-02-22 02:11:38,302 - masked_mre : 0.29053419828414917
2025-02-22 02:11:38,302 - Evaluate on pems03_flow_block_imputation:
2025-02-22 02:11:43,557 - masked_mae : 78.24565887451172
2025-02-22 02:11:43,561 - masked_rmse : 104.40116119384766
2025-02-22 02:11:43,565 - masked_mre : 0.4856446385383606
2025-02-22 02:11:43,566 - Evaluate on pems04_flow_point_imputation:
2025-02-22 02:11:48,601 - masked_mae : 54.69988250732422
2025-02-22 02:11:48,602 - masked_rmse : 77.42658996582031
2025-02-22 02:11:48,604 - masked_mre : 0.25937384366989136
2025-02-22 02:11:48,604 - Evaluate on pems04_flow_block_imputation:
2025-02-22 02:11:53,660 - masked_mae : 99.4666976928711
2025-02-22 02:11:53,661 - masked_rmse : 127.70828247070312
2025-02-22 02:11:53,663 - masked_mre : 0.47437047958374023
2025-02-22 02:11:53,663 - Evaluate on pems07_flow_point_imputation:
2025-02-22 02:11:59,469 - masked_mae : 82.26034545898438
2025-02-22 02:11:59,483 - masked_rmse : 106.05707550048828
2025-02-22 02:11:59,501 - masked_mre : 0.26780012249946594
2025-02-22 02:11:59,501 - Evaluate on pems07_flow_block_imputation:
2025-02-22 02:12:05,275 - masked_mae : 154.633544921875
2025-02-22 02:12:05,278 - masked_rmse : 183.2351531982422
2025-02-22 02:12:05,296 - masked_mre : 0.5041924715042114
2025-02-22 02:12:05,296 - Evaluate on pems08_flow_point_imputation:
2025-02-22 02:12:10,263 - masked_mae : 57.33791732788086
2025-02-22 02:12:10,264 - masked_rmse : 77.20734405517578
2025-02-22 02:12:10,266 - masked_mre : 0.2800370156764984
2025-02-22 02:12:10,266 - Evaluate on pems08_flow_block_imputation:
2025-02-22 02:12:15,280 - masked_mae : 104.28071594238281
2025-02-22 02:12:15,281 - masked_rmse : 129.4219970703125
2025-02-22 02:12:15,282 - masked_mre : 0.5100305676460266
2025-02-22 02:12:15,282 - Evaluate on pemsbay_speed_point_imputation:
2025-02-22 02:12:20,836 - masked_mae : 14.251749992370605
2025-02-22 02:12:20,853 - masked_rmse : 16.616107940673828
2025-02-22 02:12:20,871 - masked_mre : 0.24701333045959473
2025-02-22 02:12:20,871 - Evaluate on pemsbay_speed_block_imputation:
2025-02-22 02:12:26,409 - masked_mae : 32.25257110595703
2025-02-22 02:12:26,421 - masked_rmse : 34.46113586425781
2025-02-22 02:12:26,429 - masked_mre : 0.559128999710083
2025-02-22 02:12:26,429 - Evaluate on metrla_speed_point_imputation:
2025-02-22 02:12:31,542 - masked_mae : 15.437512397766113
2025-02-22 02:12:31,543 - masked_rmse : 19.328962326049805
2025-02-22 02:12:31,545 - masked_mre : 0.30592066049575806
2025-02-22 02:12:31,545 - Evaluate on metrla_speed_block_imputation:
2025-02-22 02:12:36,656 - masked_mae : 26.948871612548828
2025-02-22 02:12:36,657 - masked_rmse : 31.021760940551758
2025-02-22 02:12:36,659 - masked_mre : 0.5629937648773193
2025-02-22 02:13:13,074 - [Epoch 20] Pretrain Loss: 21.8088
2025-02-22 02:13:13,074 - ************************************************************   Forecasting Task   ************************************************************
2025-02-22 02:13:13,075 - Evaluate on pems03_flow_short_term_forecasting:
2025-02-22 02:13:26,443 - masked_mae : 16.165624618530273
2025-02-22 02:13:26,463 - masked_rmse : 25.87828254699707
2025-02-22 02:13:26,502 - masked_mape : 0.15917827188968658
2025-02-22 02:13:26,502 - Evaluate on pems03_flow_long_term_forecasting:
2025-02-22 02:13:46,906 - masked_mae : 16.933149337768555
2025-02-22 02:13:46,977 - masked_rmse : 26.921234130859375
2025-02-22 02:13:47,113 - masked_mape : 0.17441117763519287
2025-02-22 02:13:47,113 - Evaluate on pems04_flow_short_term_forecasting:
2025-02-22 02:13:56,575 - masked_mae : 23.080551147460938
2025-02-22 02:13:56,587 - masked_rmse : 36.56072998046875
2025-02-22 02:13:56,608 - masked_mape : 0.1587039977312088
2025-02-22 02:13:56,608 - Evaluate on pems04_flow_long_term_forecasting:
2025-02-22 02:14:09,802 - masked_mae : 24.973968505859375
2025-02-22 02:14:09,842 - masked_rmse : 39.24592971801758
2025-02-22 02:14:09,916 - masked_mape : 0.17827244102954865
2025-02-22 02:14:09,917 - Evaluate on pems07_flow_short_term_forecasting:
2025-02-22 02:14:36,107 - masked_mae : 27.716379165649414
2025-02-22 02:14:36,156 - masked_rmse : 41.944087982177734
2025-02-22 02:14:36,249 - masked_mape : 0.13930654525756836
2025-02-22 02:14:36,250 - Evaluate on pems07_flow_long_term_forecasting:
2025-02-22 02:15:20,373 - masked_mae : 30.30529022216797
2025-02-22 02:15:20,548 - masked_rmse : 46.020809173583984
2025-02-22 02:15:20,884 - masked_mape : 0.15923716127872467
2025-02-22 02:15:20,885 - Evaluate on pems08_flow_short_term_forecasting:
2025-02-22 02:15:28,673 - masked_mae : 17.814353942871094
2025-02-22 02:15:28,681 - masked_rmse : 28.679609298706055
2025-02-22 02:15:28,695 - masked_mape : 0.16895656287670135
2025-02-22 02:15:28,695 - Evaluate on pems08_flow_long_term_forecasting:
2025-02-22 02:15:38,846 - masked_mae : 19.0362491607666
2025-02-22 02:15:38,872 - masked_rmse : 30.677248001098633
2025-02-22 02:15:38,920 - masked_mape : 0.18929581344127655
2025-02-22 02:15:38,920 - Evaluate on occpairs_occupancy_short_term_forecasting:
2025-02-22 02:15:54,212 - masked_mae : 0.8950841426849365
2025-02-22 02:15:54,237 - masked_rmse : 2.1708498001098633
2025-02-22 02:15:54,283 - masked_mape : 0.15591727197170258
2025-02-22 02:15:54,284 - Evaluate on occpairs_occupancy_long_term_forecasting:
2025-02-22 02:16:18,324 - masked_mae : 1.0477126836776733
2025-02-22 02:16:18,412 - masked_rmse : 2.361184597015381
2025-02-22 02:16:18,578 - masked_mape : 0.1807692050933838
2025-02-22 02:16:18,579 - Evaluate on occhamburg_occupancy_short_term_forecasting:
2025-02-22 02:16:29,904 - masked_mae : 5.759737014770508
2025-02-22 02:16:29,920 - masked_rmse : 10.017302513122559
2025-02-22 02:16:29,949 - masked_mape : 0.5370710492134094
2025-02-22 02:16:29,950 - Evaluate on occhamburg_occupancy_long_term_forecasting:
2025-02-22 02:16:46,767 - masked_mae : 5.525350093841553
2025-02-22 02:16:46,822 - masked_rmse : 9.602152824401855
2025-02-22 02:16:46,927 - masked_mape : 0.4987305700778961
2025-02-22 02:16:46,927 - Evaluate on pemsbay_speed_short_term_forecasting:
2025-02-22 02:17:07,259 - masked_mae : 2.0345113277435303
2025-02-22 02:17:07,295 - masked_rmse : 4.717545032501221
2025-02-22 02:17:07,363 - masked_mape : 0.051026601344347
2025-02-22 02:17:07,364 - Evaluate on pemsbay_speed_long_term_forecasting:
2025-02-22 02:17:40,702 - masked_mae : 2.816603422164917
2025-02-22 02:17:40,830 - masked_rmse : 5.98593282699585
2025-02-22 02:17:41,076 - masked_mape : 0.07125437259674072
2025-02-22 02:17:41,076 - Evaluate on metrla_speed_short_term_forecasting:
2025-02-22 02:17:52,401 - masked_mae : 5.127521991729736
2025-02-22 02:17:52,417 - masked_rmse : 11.11991024017334
2025-02-22 02:17:52,447 - masked_mape : 0.11834397912025452
2025-02-22 02:17:52,447 - Evaluate on metrla_speed_long_term_forecasting:
2025-02-22 02:18:09,190 - masked_mae : 6.593679904937744
2025-02-22 02:18:09,245 - masked_rmse : 12.871941566467285
2025-02-22 02:18:09,350 - masked_mape : 0.15473787486553192
2025-02-22 02:18:09,350 - Evaluate on trafficsh_speed_short_term_forecasting:
2025-02-22 02:18:20,514 - masked_mae : 0.6063225269317627
2025-02-22 02:18:20,529 - masked_rmse : 1.3504115343093872
2025-02-22 02:18:20,558 - masked_mape : 0.061137426644563675
2025-02-22 02:18:20,558 - Evaluate on trafficsh_speed_long_term_forecasting:
2025-02-22 02:18:36,846 - masked_mae : 0.7652361989021301
2025-02-22 02:18:36,898 - masked_rmse : 1.639185905456543
2025-02-22 02:18:36,999 - masked_mape : 0.07911201566457748
2025-02-22 02:18:37,000 - Evaluate on bikenyc_inflow_short_term_forecasting:
2025-02-22 02:18:45,132 - masked_mae : 0.9671284556388855
2025-02-22 02:18:45,140 - masked_rmse : 2.9722073078155518
2025-02-22 02:18:45,156 - masked_mape : 0.35115334391593933
2025-02-22 02:18:45,156 - Evaluate on bikenyc_inflow_long_term_forecasting:
2025-02-22 02:18:56,056 - masked_mae : 1.0133265256881714
2025-02-22 02:18:56,084 - masked_rmse : 3.1728522777557373
2025-02-22 02:18:56,139 - masked_mape : 0.3603360652923584
2025-02-22 02:18:56,139 - Evaluate on taxinyc_inflow_short_term_forecasting:
2025-02-22 02:19:04,246 - masked_mae : 5.4542717933654785
2025-02-22 02:19:04,254 - masked_rmse : 14.248461723327637
2025-02-22 02:19:04,270 - masked_mape : 0.37887755036354065
2025-02-22 02:19:04,270 - Evaluate on taxinyc_inflow_long_term_forecasting:
2025-02-22 02:19:15,128 - masked_mae : 5.41283655166626
2025-02-22 02:19:15,156 - masked_rmse : 15.10878849029541
2025-02-22 02:19:15,211 - masked_mape : 0.3731967508792877
2025-02-22 02:19:15,211 - Evaluate on tdrive_inflow_short_term_forecasting:
2025-02-22 02:19:46,512 - masked_mae : 13.575627326965332
2025-02-22 02:19:46,573 - masked_rmse : 26.072723388671875
2025-02-22 02:19:46,689 - masked_mape : 0.21254713833332062
2025-02-22 02:19:46,689 - Evaluate on tdrive_inflow_long_term_forecasting:
2025-02-22 02:20:43,605 - masked_mae : 14.284544944763184
2025-02-22 02:20:43,823 - masked_rmse : 27.56251335144043
2025-02-22 02:20:44,241 - masked_mape : 0.22013042867183685
2025-02-22 02:20:44,242 - ************************************************************   Imputation Task   ************************************************************
2025-02-22 02:20:44,242 - Evaluate on pems03_flow_point_imputation:
2025-02-22 02:20:49,500 - masked_mae : 47.55878448486328
2025-02-22 02:20:49,502 - masked_rmse : 68.51224517822266
2025-02-22 02:20:49,506 - masked_mre : 0.2948196232318878
2025-02-22 02:20:49,506 - Evaluate on pems03_flow_block_imputation:
2025-02-22 02:20:54,728 - masked_mae : 79.7133560180664
2025-02-22 02:20:54,733 - masked_rmse : 106.14775848388672
2025-02-22 02:20:54,736 - masked_mre : 0.4948074221611023
2025-02-22 02:20:54,737 - Evaluate on pems04_flow_point_imputation:
2025-02-22 02:20:59,838 - masked_mae : 55.705360412597656
2025-02-22 02:20:59,839 - masked_rmse : 78.8531723022461
2025-02-22 02:20:59,840 - masked_mre : 0.2640972137451172
2025-02-22 02:20:59,841 - Evaluate on pems04_flow_block_imputation:
2025-02-22 02:21:04,863 - masked_mae : 102.0864028930664
2025-02-22 02:21:04,865 - masked_rmse : 130.90859985351562
2025-02-22 02:21:04,867 - masked_mre : 0.48693031072616577
2025-02-22 02:21:04,867 - Evaluate on pems07_flow_point_imputation:
2025-02-22 02:21:10,635 - masked_mae : 84.6426010131836
2025-02-22 02:21:10,651 - masked_rmse : 109.06935119628906
2025-02-22 02:21:10,670 - masked_mre : 0.2754534184932709
2025-02-22 02:21:10,671 - Evaluate on pems07_flow_block_imputation:
2025-02-22 02:21:16,437 - masked_mae : 158.19094848632812
2025-02-22 02:21:16,439 - masked_rmse : 187.50209045410156
2025-02-22 02:21:16,442 - masked_mre : 0.5158424377441406
2025-02-22 02:21:16,442 - Evaluate on pems08_flow_point_imputation:
2025-02-22 02:21:21,395 - masked_mae : 59.0786018371582
2025-02-22 02:21:21,396 - masked_rmse : 79.4455795288086
2025-02-22 02:21:21,398 - masked_mre : 0.2885192036628723
2025-02-22 02:21:21,398 - Evaluate on pems08_flow_block_imputation:
2025-02-22 02:21:26,379 - masked_mae : 106.6453628540039
2025-02-22 02:21:26,380 - masked_rmse : 132.52330017089844
2025-02-22 02:21:26,382 - masked_mre : 0.5216180086135864
2025-02-22 02:21:26,382 - Evaluate on pemsbay_speed_point_imputation:
2025-02-22 02:21:31,924 - masked_mae : 14.871490478515625
2025-02-22 02:21:31,939 - masked_rmse : 17.179410934448242
2025-02-22 02:21:31,956 - masked_mre : 0.25775769352912903
2025-02-22 02:21:31,962 - Evaluate on pemsbay_speed_block_imputation:
2025-02-22 02:21:37,528 - masked_mae : 32.939659118652344
2025-02-22 02:21:37,540 - masked_rmse : 35.167564392089844
2025-02-22 02:21:37,547 - masked_mre : 0.5710417032241821
2025-02-22 02:21:37,547 - Evaluate on metrla_speed_point_imputation:
2025-02-22 02:21:42,671 - masked_mae : 15.995831489562988
2025-02-22 02:21:42,672 - masked_rmse : 19.85942840576172
2025-02-22 02:21:42,674 - masked_mre : 0.3172297179698944
2025-02-22 02:21:42,674 - Evaluate on metrla_speed_block_imputation:
2025-02-22 02:21:47,804 - masked_mae : 27.470287322998047
2025-02-22 02:21:47,805 - masked_rmse : 31.593074798583984
2025-02-22 02:21:47,807 - masked_mre : 0.5744245052337646
