2025-02-20 22:12:11,349 - logger name:log/foundation/urbanfm_downstream/dataset_ratio_100.0%/model_layer_4_4/128/record.log
2025-02-20 22:13:26,761 - logger name:log/foundation/urbanfm_downstream/dataset_ratio_100.0%/model_layer_4_4/128/record.log
2025-02-20 22:15:21,481 - logger name:log/foundation/urbanfm_downstream/dataset_ratio_100.0%/model_layer_4_4/128/record.log
2025-02-20 22:25:34,470 - 
============================== Model Parameters ==============================
2025-02-20 22:25:34,470 - Total Parameters: 400,193 (≈ 0.40 M or ≈ 0.00 B)
2025-02-20 22:25:34,470 - Trainable Parameters: 400,193 (≈ 0.40 M or ≈ 0.00 B)
2025-02-20 22:25:34,470 - ========================================================================

2025-02-21 00:22:59,200 - logger name:log/foundation/urbanfm_downstream/dataset_ratio_100.0%/model_layer_4_4/128/record.log
2025-02-21 00:26:32,443 - 
============================== Model Parameters ==============================
2025-02-21 00:26:32,443 - Total Parameters: 400,193 (≈ 0.40 M or ≈ 0.00 B)
2025-02-21 00:26:32,443 - Trainable Parameters: 400,193 (≈ 0.40 M or ≈ 0.00 B)
2025-02-21 00:26:32,443 - ========================================================================

2025-02-21 00:34:39,066 - logger name:log/foundation/urbanfm_downstream/dataset_ratio_100.0%/model_layer_4_4/128/record.log
2025-02-21 00:51:44,470 - 
============================== Model Parameters ==============================
2025-02-21 00:51:44,470 - Total Parameters: 400,193 (≈ 0.40 M or ≈ 0.00 B)
2025-02-21 00:51:44,470 - Trainable Parameters: 400,193 (≈ 0.40 M or ≈ 0.00 B)
2025-02-21 00:51:44,470 - ========================================================================

2025-02-21 00:52:34,703 - logger name:log/foundation/urbanfm_downstream/dataset_ratio_100.0%/model_layer_4_4/128/record.log
2025-02-21 00:56:13,209 - 
============================== Model Parameters ==============================
2025-02-21 00:56:13,209 - Total Parameters: 400,193 (≈ 0.40 M or ≈ 0.00 B)
2025-02-21 00:56:13,209 - Trainable Parameters: 400,193 (≈ 0.40 M or ≈ 0.00 B)
2025-02-21 00:56:13,209 - ========================================================================

2025-02-21 00:57:03,378 - [Epoch 1] Pretrain Loss: 50.2090
2025-02-21 00:57:51,236 - [Epoch 2] Pretrain Loss: 29.7434
2025-02-21 00:58:38,997 - [Epoch 3] Pretrain Loss: 27.2068
2025-02-21 00:59:28,504 - [Epoch 4] Pretrain Loss: 26.4280
2025-02-21 01:00:16,387 - [Epoch 5] Pretrain Loss: 25.6694
2025-02-21 01:00:16,388 - ************************************************************   Forecasting Task   ************************************************************
2025-02-21 01:00:16,388 - Evaluate on pems03_flow_short_term_forecasting:
2025-02-21 01:00:29,893 - masked_mae : 17.737197875976562
2025-02-21 01:00:29,914 - masked_rmse : 29.549654006958008
2025-02-21 01:00:29,974 - masked_mape : 0.17687739431858063
2025-02-21 01:00:29,974 - Evaluate on pems03_flow_long_term_forecasting:
2025-02-21 01:00:50,809 - masked_mae : 21.368324279785156
2025-02-21 01:00:50,880 - masked_rmse : 35.473716735839844
2025-02-21 01:00:51,016 - masked_mape : 0.2226014882326126
2025-02-21 01:00:51,016 - Evaluate on pems04_flow_short_term_forecasting:
2025-02-21 01:01:01,604 - masked_mae : 20.380531311035156
2025-02-21 01:01:01,617 - masked_rmse : 35.96464920043945
2025-02-21 01:01:01,643 - masked_mape : 0.1664619892835617
2025-02-21 01:01:01,643 - Evaluate on pems04_flow_long_term_forecasting:
2025-02-21 01:01:16,968 - masked_mae : 25.39813995361328
2025-02-21 01:01:17,015 - masked_rmse : 43.7291259765625
2025-02-21 01:01:17,104 - masked_mape : 0.22632263600826263
2025-02-21 01:01:17,104 - Evaluate on pems07_flow_short_term_forecasting:
2025-02-21 01:01:42,948 - masked_mae : 29.1773681640625
2025-02-21 01:01:42,997 - masked_rmse : 44.15275955200195
2025-02-21 01:01:43,091 - masked_mape : 0.15250952541828156
2025-02-21 01:01:43,091 - Evaluate on pems07_flow_long_term_forecasting:
2025-02-21 01:02:27,372 - masked_mae : 37.9184684753418
2025-02-21 01:02:27,547 - masked_rmse : 56.74600601196289
2025-02-21 01:02:27,883 - masked_mape : 0.19748204946517944
2025-02-21 01:02:27,884 - Evaluate on pems08_flow_short_term_forecasting:
2025-02-21 01:02:36,889 - masked_mae : 13.827973365783691
2025-02-21 01:02:36,898 - masked_rmse : 25.534433364868164
2025-02-21 01:02:36,918 - masked_mape : 0.1810242384672165
2025-02-21 01:02:36,918 - Evaluate on pems08_flow_long_term_forecasting:
2025-02-21 01:02:49,301 - masked_mae : 16.704702377319336
2025-02-21 01:02:49,334 - masked_rmse : 30.992734909057617
2025-02-21 01:02:49,398 - masked_mape : 0.20050394535064697
2025-02-21 01:02:49,398 - Evaluate on occpairs_occupancy_short_term_forecasting:
2025-02-21 01:03:04,794 - masked_mae : 1.0121692419052124
2025-02-21 01:03:04,819 - masked_rmse : 2.362659215927124
2025-02-21 01:03:04,866 - masked_mape : 0.16959357261657715
2025-02-21 01:03:04,866 - Evaluate on occpairs_occupancy_long_term_forecasting:
2025-02-21 01:03:29,378 - masked_mae : 1.2484830617904663
2025-02-21 01:03:29,466 - masked_rmse : 2.7293834686279297
2025-02-21 01:03:29,633 - masked_mape : 0.21535873413085938
2025-02-21 01:03:29,633 - Evaluate on occhamburg_occupancy_short_term_forecasting:
2025-02-21 01:03:41,175 - masked_mae : 5.70136022567749
2025-02-21 01:03:41,191 - masked_rmse : 9.908087730407715
2025-02-21 01:03:41,221 - masked_mape : 0.5095281004905701
2025-02-21 01:03:41,221 - Evaluate on occhamburg_occupancy_long_term_forecasting:
2025-02-21 01:03:58,487 - masked_mae : 5.861155033111572
2025-02-21 01:03:58,542 - masked_rmse : 10.039916038513184
2025-02-21 01:03:58,647 - masked_mape : 0.5270796418190002
2025-02-21 01:03:58,647 - Evaluate on pemsbay_speed_short_term_forecasting:
2025-02-21 01:04:20,236 - masked_mae : 2.128352403640747
2025-02-21 01:04:20,275 - masked_rmse : 4.548693656921387
2025-02-21 01:04:20,349 - masked_mape : 0.05679859593510628
2025-02-21 01:04:20,350 - Evaluate on pemsbay_speed_long_term_forecasting:
2025-02-21 01:04:56,714 - masked_mae : 3.2148170471191406
2025-02-21 01:04:56,854 - masked_rmse : 6.300785064697266
2025-02-21 01:04:57,121 - masked_mape : 0.08350181579589844
2025-02-21 01:04:57,122 - Evaluate on metrla_speed_short_term_forecasting:
2025-02-21 01:05:09,594 - masked_mae : 4.768720626831055
2025-02-21 01:05:09,612 - masked_rmse : 9.4807767868042
2025-02-21 01:05:09,646 - masked_mape : 0.1285809874534607
2025-02-21 01:05:09,646 - Evaluate on metrla_speed_long_term_forecasting:
2025-02-21 01:05:28,542 - masked_mae : 6.475165843963623
2025-02-21 01:05:28,604 - masked_rmse : 11.640355110168457
2025-02-21 01:05:28,724 - masked_mape : 0.1733277291059494
2025-02-21 01:05:28,724 - Evaluate on trafficsh_speed_short_term_forecasting:
2025-02-21 01:05:40,098 - masked_mae : 0.5593462586402893
2025-02-21 01:05:40,113 - masked_rmse : 0.8450140953063965
2025-02-21 01:05:40,142 - masked_mape : 0.0629311129450798
2025-02-21 01:05:40,142 - Evaluate on trafficsh_speed_long_term_forecasting:
2025-02-21 01:05:56,882 - masked_mae : 0.6315270066261292
2025-02-21 01:05:56,935 - masked_rmse : 0.981314480304718
2025-02-21 01:05:57,036 - masked_mape : 0.08006373792886734
2025-02-21 01:05:57,036 - Evaluate on bikenyc_inflow_short_term_forecasting:
2025-02-21 01:06:05,997 - masked_mae : 1.2579691410064697
2025-02-21 01:06:06,007 - masked_rmse : 3.800006628036499
2025-02-21 01:06:06,024 - masked_mape : 0.39047083258628845
2025-02-21 01:06:06,025 - Evaluate on bikenyc_inflow_long_term_forecasting:
2025-02-21 01:06:18,167 - masked_mae : 1.577332854270935
2025-02-21 01:06:18,199 - masked_rmse : 5.00386381149292
2025-02-21 01:06:18,261 - masked_mape : 0.4381174147129059
2025-02-21 01:06:18,261 - Evaluate on taxinyc_inflow_short_term_forecasting:
2025-02-21 01:06:27,221 - masked_mae : 7.999344348907471
2025-02-21 01:06:27,231 - masked_rmse : 19.7893009185791
2025-02-21 01:06:27,248 - masked_mape : 0.8890860676765442
2025-02-21 01:06:27,249 - Evaluate on taxinyc_inflow_long_term_forecasting:
2025-02-21 01:06:39,378 - masked_mae : 9.083209991455078
2025-02-21 01:06:39,410 - masked_rmse : 24.63362693786621
2025-02-21 01:06:39,471 - masked_mape : 0.9487085938453674
2025-02-21 01:06:39,472 - Evaluate on tdrive_inflow_short_term_forecasting:
2025-02-21 01:07:10,344 - masked_mae : 19.740842819213867
2025-02-21 01:07:10,405 - masked_rmse : 40.27858352661133
2025-02-21 01:07:10,521 - masked_mape : 0.3974606990814209
2025-02-21 01:07:10,521 - Evaluate on tdrive_inflow_long_term_forecasting:
2025-02-21 01:08:04,444 - masked_mae : 22.156326293945312
2025-02-21 01:08:04,662 - masked_rmse : 42.97627639770508
2025-02-21 01:08:05,080 - masked_mape : 0.4739844799041748
2025-02-21 01:08:05,081 - ************************************************************   Imputation Task   ************************************************************
2025-02-21 01:08:05,081 - Evaluate on pems03_flow_point_imputation:
2025-02-21 01:08:10,781 - masked_mae : 75.59329986572266
2025-02-21 01:08:10,790 - masked_rmse : 101.15596771240234
2025-02-21 01:08:10,794 - masked_mre : 0.46698054671287537
2025-02-21 01:08:10,794 - Evaluate on pems03_flow_block_imputation:
2025-02-21 01:08:16,491 - masked_mae : 82.3036117553711
2025-02-21 01:08:16,492 - masked_rmse : 106.41828918457031
2025-02-21 01:08:16,494 - masked_mre : 0.5082960724830627
2025-02-21 01:08:16,500 - Evaluate on pems04_flow_point_imputation:
2025-02-21 01:08:22,063 - masked_mae : 77.56500244140625
2025-02-21 01:08:22,064 - masked_rmse : 110.24818420410156
2025-02-21 01:08:22,066 - masked_mre : 0.4406880736351013
2025-02-21 01:08:22,066 - Evaluate on pems04_flow_block_imputation:
2025-02-21 01:08:27,588 - masked_mae : 84.57154083251953
2025-02-21 01:08:27,589 - masked_rmse : 115.93965148925781
2025-02-21 01:08:27,590 - masked_mre : 0.48204293847084045
2025-02-21 01:08:27,591 - Evaluate on pems07_flow_point_imputation:
2025-02-21 01:08:33,870 - masked_mae : 107.13886260986328
2025-02-21 01:08:33,887 - masked_rmse : 137.58837890625
2025-02-21 01:08:33,907 - masked_mre : 0.34864163398742676
2025-02-21 01:08:33,908 - Evaluate on pems07_flow_block_imputation:
2025-02-21 01:08:40,119 - masked_mae : 137.38563537597656
2025-02-21 01:08:40,121 - masked_rmse : 161.84205627441406
2025-02-21 01:08:40,126 - masked_mre : 0.4463072121143341
2025-02-21 01:08:40,131 - Evaluate on pems08_flow_point_imputation:
2025-02-21 01:08:45,595 - masked_mae : 55.813289642333984
2025-02-21 01:08:45,596 - masked_rmse : 88.10247039794922
2025-02-21 01:08:45,599 - masked_mre : 0.36331790685653687
2025-02-21 01:08:45,599 - Evaluate on pems08_flow_block_imputation:
2025-02-21 01:08:51,046 - masked_mae : 70.19271087646484
2025-02-21 01:08:51,047 - masked_rmse : 101.36597442626953
2025-02-21 01:08:51,048 - masked_mre : 0.4567773938179016
2025-02-21 01:08:51,048 - Evaluate on pemsbay_speed_point_imputation:
2025-02-21 01:08:57,118 - masked_mae : 6.925727367401123
2025-02-21 01:08:57,128 - masked_rmse : 11.834930419921875
2025-02-21 01:08:57,150 - masked_mre : 0.13089652359485626
2025-02-21 01:08:57,154 - Evaluate on pemsbay_speed_block_imputation:
2025-02-21 01:09:03,205 - masked_mae : 22.027374267578125
2025-02-21 01:09:03,217 - masked_rmse : 25.50686264038086
2025-02-21 01:09:03,227 - masked_mre : 0.4166123569011688
2025-02-21 01:09:03,227 - Evaluate on metrla_speed_point_imputation:
2025-02-21 01:09:08,844 - masked_mae : 8.633499145507812
2025-02-21 01:09:08,845 - masked_rmse : 14.481001853942871
2025-02-21 01:09:08,847 - masked_mre : 0.19575507938861847
2025-02-21 01:09:08,847 - Evaluate on metrla_speed_block_imputation:
2025-02-21 01:09:14,484 - masked_mae : 18.496702194213867
2025-02-21 01:09:14,486 - masked_rmse : 23.607587814331055
2025-02-21 01:09:14,487 - masked_mre : 0.43200355768203735
2025-02-21 01:10:02,398 - [Epoch 6] Pretrain Loss: 25.2558
2025-02-21 01:10:02,398 - ************************************************************   Forecasting Task   ************************************************************
2025-02-21 01:10:02,398 - Evaluate on pems03_flow_short_term_forecasting:
2025-02-21 01:10:15,863 - masked_mae : 18.132888793945312
2025-02-21 01:10:15,883 - masked_rmse : 29.273496627807617
2025-02-21 01:10:15,922 - masked_mape : 0.2207656055688858
2025-02-21 01:10:15,922 - Evaluate on pems03_flow_long_term_forecasting:
2025-02-21 01:10:36,772 - masked_mae : 20.2269344329834
2025-02-21 01:10:36,843 - masked_rmse : 33.071197509765625
2025-02-21 01:10:36,979 - masked_mape : 0.2306530475616455
2025-02-21 01:10:36,979 - Evaluate on pems04_flow_short_term_forecasting:
2025-02-21 01:10:47,605 - masked_mae : 20.347187042236328
2025-02-21 01:10:47,619 - masked_rmse : 35.241336822509766
2025-02-21 01:10:47,644 - masked_mape : 0.18113458156585693
2025-02-21 01:10:47,644 - Evaluate on pems04_flow_long_term_forecasting:
2025-02-21 01:11:03,043 - masked_mae : 24.04730796813965
2025-02-21 01:11:03,089 - masked_rmse : 40.89067077636719
2025-02-21 01:11:03,178 - masked_mape : 0.22203321754932404
2025-02-21 01:11:03,178 - Evaluate on pems07_flow_short_term_forecasting:
2025-02-21 01:11:29,148 - masked_mae : 29.519697189331055
2025-02-21 01:11:29,197 - masked_rmse : 43.9948844909668
2025-02-21 01:11:29,290 - masked_mape : 0.185404971241951
2025-02-21 01:11:29,291 - Evaluate on pems07_flow_long_term_forecasting:
2025-02-21 01:12:13,543 - masked_mae : 35.778873443603516
2025-02-21 01:12:13,718 - masked_rmse : 52.42744064331055
2025-02-21 01:12:14,054 - masked_mape : 0.20183181762695312
2025-02-21 01:12:14,055 - Evaluate on pems08_flow_short_term_forecasting:
2025-02-21 01:12:23,071 - masked_mae : 14.374245643615723
2025-02-21 01:12:23,080 - masked_rmse : 25.9146671295166
2025-02-21 01:12:23,099 - masked_mape : 0.24422021210193634
2025-02-21 01:12:23,099 - Evaluate on pems08_flow_long_term_forecasting:
2025-02-21 01:12:35,483 - masked_mae : 16.200998306274414
2025-02-21 01:12:35,516 - masked_rmse : 29.336008071899414
2025-02-21 01:12:35,580 - masked_mape : 0.22652757167816162
2025-02-21 01:12:35,580 - Evaluate on occpairs_occupancy_short_term_forecasting:
2025-02-21 01:12:51,001 - masked_mae : 0.9617037773132324
2025-02-21 01:12:51,025 - masked_rmse : 2.344470739364624
2025-02-21 01:12:51,072 - masked_mape : 0.15511102974414825
2025-02-21 01:12:51,072 - Evaluate on occpairs_occupancy_long_term_forecasting:
2025-02-21 01:13:15,669 - masked_mae : 1.1923531293869019
2025-02-21 01:13:15,756 - masked_rmse : 2.684796094894409
2025-02-21 01:13:15,923 - masked_mape : 0.19545693695545197
2025-02-21 01:13:15,923 - Evaluate on occhamburg_occupancy_short_term_forecasting:
2025-02-21 01:13:27,528 - masked_mae : 5.749279499053955
2025-02-21 01:13:27,544 - masked_rmse : 9.943669319152832
2025-02-21 01:13:27,573 - masked_mape : 0.525907576084137
2025-02-21 01:13:27,574 - Evaluate on occhamburg_occupancy_long_term_forecasting:
2025-02-21 01:13:44,876 - masked_mae : 5.887244701385498
2025-02-21 01:13:44,931 - masked_rmse : 10.11135482788086
2025-02-21 01:13:45,036 - masked_mape : 0.5203512907028198
2025-02-21 01:13:45,037 - Evaluate on pemsbay_speed_short_term_forecasting:
2025-02-21 01:14:06,651 - masked_mae : 2.038991689682007
2025-02-21 01:14:06,690 - masked_rmse : 4.411862850189209
2025-02-21 01:14:06,765 - masked_mape : 0.057061273604631424
2025-02-21 01:14:06,765 - Evaluate on pemsbay_speed_long_term_forecasting:
2025-02-21 01:14:43,249 - masked_mae : 3.007519483566284
2025-02-21 01:14:43,388 - masked_rmse : 6.012489318847656
2025-02-21 01:14:43,656 - masked_mape : 0.08105606585741043
2025-02-21 01:14:43,657 - Evaluate on metrla_speed_short_term_forecasting:
2025-02-21 01:14:56,174 - masked_mae : 4.6869425773620605
2025-02-21 01:14:56,191 - masked_rmse : 9.28388500213623
2025-02-21 01:14:56,225 - masked_mape : 0.12955595552921295
2025-02-21 01:14:56,225 - Evaluate on metrla_speed_long_term_forecasting:
2025-02-21 01:15:15,149 - masked_mae : 6.215482234954834
2025-02-21 01:15:15,211 - masked_rmse : 11.238736152648926
2025-02-21 01:15:15,331 - masked_mape : 0.17000745236873627
2025-02-21 01:15:15,331 - Evaluate on trafficsh_speed_short_term_forecasting:
2025-02-21 01:15:26,757 - masked_mae : 0.625130295753479
2025-02-21 01:15:26,772 - masked_rmse : 0.9395483136177063
2025-02-21 01:15:26,801 - masked_mape : 0.06215554475784302
2025-02-21 01:15:26,802 - Evaluate on trafficsh_speed_long_term_forecasting:
2025-02-21 01:15:43,597 - masked_mae : 0.6709087491035461
2025-02-21 01:15:43,650 - masked_rmse : 1.0133928060531616
2025-02-21 01:15:43,751 - masked_mape : 0.0778738334774971
2025-02-21 01:15:43,751 - Evaluate on bikenyc_inflow_short_term_forecasting:
2025-02-21 01:15:52,665 - masked_mae : 1.1769872903823853
2025-02-21 01:15:52,675 - masked_rmse : 3.7846221923828125
2025-02-21 01:15:52,693 - masked_mape : 0.370984822511673
2025-02-21 01:15:52,693 - Evaluate on bikenyc_inflow_long_term_forecasting:
2025-02-21 01:16:04,871 - masked_mae : 1.4906482696533203
2025-02-21 01:16:04,904 - masked_rmse : 4.857472896575928
2025-02-21 01:16:04,965 - masked_mape : 0.4060429632663727
2025-02-21 01:16:04,965 - Evaluate on taxinyc_inflow_short_term_forecasting:
2025-02-21 01:16:13,903 - masked_mae : 7.293014049530029
2025-02-21 01:16:13,913 - masked_rmse : 19.665056228637695
2025-02-21 01:16:13,931 - masked_mape : 0.7016584277153015
2025-02-21 01:16:13,931 - Evaluate on taxinyc_inflow_long_term_forecasting:
2025-02-21 01:16:26,107 - masked_mae : 8.663636207580566
2025-02-21 01:16:26,139 - masked_rmse : 24.28914451599121
2025-02-21 01:16:26,201 - masked_mape : 0.8432478904724121
2025-02-21 01:16:26,201 - Evaluate on tdrive_inflow_short_term_forecasting:
2025-02-21 01:16:57,123 - masked_mae : 18.68828773498535
2025-02-21 01:16:57,183 - masked_rmse : 39.21151351928711
2025-02-21 01:16:57,299 - masked_mape : 0.32879507541656494
2025-02-21 01:16:57,300 - Evaluate on tdrive_inflow_long_term_forecasting:
2025-02-21 01:17:51,468 - masked_mae : 21.595693588256836
2025-02-21 01:17:51,686 - masked_rmse : 42.17695617675781
2025-02-21 01:17:52,104 - masked_mape : 0.4581850469112396
2025-02-21 01:17:52,104 - ************************************************************   Imputation Task   ************************************************************
2025-02-21 01:17:52,104 - Evaluate on pems03_flow_point_imputation:
2025-02-21 01:17:57,790 - masked_mae : 64.0501480102539
2025-02-21 01:17:57,799 - masked_rmse : 86.21299743652344
2025-02-21 01:17:57,804 - masked_mre : 0.3956184685230255
2025-02-21 01:17:57,804 - Evaluate on pems03_flow_block_imputation:
2025-02-21 01:18:03,481 - masked_mae : 76.2148666381836
2025-02-21 01:18:03,482 - masked_rmse : 97.79364013671875
2025-02-21 01:18:03,488 - masked_mre : 0.4709216356277466
2025-02-21 01:18:03,489 - Evaluate on pems04_flow_point_imputation:
2025-02-21 01:18:09,045 - masked_mae : 66.22557067871094
2025-02-21 01:18:09,046 - masked_rmse : 94.55825805664062
2025-02-21 01:18:09,047 - masked_mre : 0.3754969835281372
2025-02-21 01:18:09,047 - Evaluate on pems04_flow_block_imputation:
2025-02-21 01:18:14,589 - masked_mae : 80.13263702392578
2025-02-21 01:18:14,590 - masked_rmse : 108.8482666015625
2025-02-21 01:18:14,592 - masked_mre : 0.4569411873817444
2025-02-21 01:18:14,592 - Evaluate on pems07_flow_point_imputation:
2025-02-21 01:18:20,841 - masked_mae : 92.22229766845703
2025-02-21 01:18:20,858 - masked_rmse : 118.85928344726562
2025-02-21 01:18:20,885 - masked_mre : 0.2993520498275757
2025-02-21 01:18:20,892 - Evaluate on pems07_flow_block_imputation:
2025-02-21 01:18:27,171 - masked_mae : 133.09474182128906
2025-02-21 01:18:27,173 - masked_rmse : 155.89801025390625
2025-02-21 01:18:27,193 - masked_mre : 0.432693749666214
2025-02-21 01:18:27,193 - Evaluate on pems08_flow_point_imputation:
2025-02-21 01:18:32,650 - masked_mae : 47.77100372314453
2025-02-21 01:18:32,651 - masked_rmse : 75.32080078125
2025-02-21 01:18:32,652 - masked_mre : 0.31082916259765625
2025-02-21 01:18:32,652 - Evaluate on pems08_flow_block_imputation:
2025-02-21 01:18:38,145 - masked_mae : 66.46173858642578
2025-02-21 01:18:38,146 - masked_rmse : 95.34226989746094
2025-02-21 01:18:38,148 - masked_mre : 0.4325883686542511
2025-02-21 01:18:38,148 - Evaluate on pemsbay_speed_point_imputation:
2025-02-21 01:18:44,230 - masked_mae : 6.695547580718994
2025-02-21 01:18:44,244 - masked_rmse : 11.39923095703125
2025-02-21 01:18:44,264 - masked_mre : 0.12654560804367065
2025-02-21 01:18:44,268 - Evaluate on pemsbay_speed_block_imputation:
2025-02-21 01:18:50,367 - masked_mae : 23.915687561035156
2025-02-21 01:18:50,380 - masked_rmse : 27.18458366394043
2025-02-21 01:18:50,391 - masked_mre : 0.4523301422595978
2025-02-21 01:18:50,391 - Evaluate on metrla_speed_point_imputation:
2025-02-21 01:18:56,016 - masked_mae : 8.226667404174805
2025-02-21 01:18:56,017 - masked_rmse : 13.882124900817871
2025-02-21 01:18:56,019 - masked_mre : 0.18670594692230225
2025-02-21 01:18:56,019 - Evaluate on metrla_speed_block_imputation:
2025-02-21 01:19:01,637 - masked_mae : 19.450153350830078
2025-02-21 01:19:01,639 - masked_rmse : 24.417884826660156
2025-02-21 01:19:01,641 - masked_mre : 0.45853927731513977
2025-02-21 01:19:49,720 - [Epoch 7] Pretrain Loss: 24.7254
2025-02-21 01:19:49,720 - ************************************************************   Forecasting Task   ************************************************************
2025-02-21 01:19:49,720 - Evaluate on pems03_flow_short_term_forecasting:
2025-02-21 01:20:03,319 - masked_mae : 17.550155639648438
2025-02-21 01:20:03,340 - masked_rmse : 29.416772842407227
2025-02-21 01:20:03,378 - masked_mape : 0.1745978146791458
2025-02-21 01:20:03,378 - Evaluate on pems03_flow_long_term_forecasting:
2025-02-21 01:20:24,306 - masked_mae : 19.984085083007812
2025-02-21 01:20:24,377 - masked_rmse : 32.872188568115234
2025-02-21 01:20:24,513 - masked_mape : 0.19788096845149994
2025-02-21 01:20:24,513 - Evaluate on pems04_flow_short_term_forecasting:
2025-02-21 01:20:35,105 - masked_mae : 20.385530471801758
2025-02-21 01:20:35,119 - masked_rmse : 35.99266815185547
2025-02-21 01:20:35,144 - masked_mape : 0.16194462776184082
2025-02-21 01:20:35,144 - Evaluate on pems04_flow_long_term_forecasting:
2025-02-21 01:20:50,554 - masked_mae : 23.892499923706055
2025-02-21 01:20:50,601 - masked_rmse : 40.93893814086914
2025-02-21 01:20:50,690 - masked_mape : 0.19568119943141937
2025-02-21 01:20:50,690 - Evaluate on pems07_flow_short_term_forecasting:
2025-02-21 01:21:18,197 - masked_mae : 29.08735466003418
2025-02-21 01:21:18,246 - masked_rmse : 43.97296142578125
2025-02-21 01:21:18,340 - masked_mape : 0.15314701199531555
2025-02-21 01:21:18,340 - Evaluate on pems07_flow_long_term_forecasting:
2025-02-21 01:22:02,680 - masked_mae : 35.12648010253906
2025-02-21 01:22:02,855 - masked_rmse : 51.856719970703125
2025-02-21 01:22:03,191 - masked_mape : 0.17198820412158966
2025-02-21 01:22:03,191 - Evaluate on pems08_flow_short_term_forecasting:
2025-02-21 01:22:12,246 - masked_mae : 13.861824989318848
2025-02-21 01:22:12,255 - masked_rmse : 25.64063835144043
2025-02-21 01:22:12,274 - masked_mape : 0.1844300627708435
2025-02-21 01:22:12,274 - Evaluate on pems08_flow_long_term_forecasting:
2025-02-21 01:22:24,666 - masked_mae : 15.95598316192627
2025-02-21 01:22:24,699 - masked_rmse : 29.151947021484375
2025-02-21 01:22:24,763 - masked_mape : 0.1768282651901245
2025-02-21 01:22:24,763 - Evaluate on occpairs_occupancy_short_term_forecasting:
2025-02-21 01:22:40,147 - masked_mae : 1.0521146059036255
2025-02-21 01:22:40,171 - masked_rmse : 2.4385523796081543
2025-02-21 01:22:40,218 - masked_mape : 0.17524172365665436
2025-02-21 01:22:40,218 - Evaluate on occpairs_occupancy_long_term_forecasting:
2025-02-21 01:23:04,714 - masked_mae : 1.220154881477356
2025-02-21 01:23:04,801 - masked_rmse : 2.6579999923706055
2025-02-21 01:23:04,968 - masked_mape : 0.20361356437206268
2025-02-21 01:23:04,969 - Evaluate on occhamburg_occupancy_short_term_forecasting:
2025-02-21 01:23:16,559 - masked_mae : 5.9254021644592285
2025-02-21 01:23:16,575 - masked_rmse : 10.170233726501465
2025-02-21 01:23:16,605 - masked_mape : 0.538889467716217
2025-02-21 01:23:16,605 - Evaluate on occhamburg_occupancy_long_term_forecasting:
2025-02-21 01:23:33,954 - masked_mae : 5.934995174407959
2025-02-21 01:23:34,009 - masked_rmse : 10.193272590637207
2025-02-21 01:23:34,114 - masked_mape : 0.505293071269989
2025-02-21 01:23:34,114 - Evaluate on pemsbay_speed_short_term_forecasting:
2025-02-21 01:23:55,719 - masked_mae : 2.028834342956543
2025-02-21 01:23:55,758 - masked_rmse : 4.393395900726318
2025-02-21 01:23:55,832 - masked_mape : 0.05508317053318024
2025-02-21 01:23:55,833 - Evaluate on pemsbay_speed_long_term_forecasting:
2025-02-21 01:24:32,285 - masked_mae : 2.9755947589874268
2025-02-21 01:24:32,424 - masked_rmse : 6.016323089599609
2025-02-21 01:24:32,692 - masked_mape : 0.0785873606801033
2025-02-21 01:24:32,693 - Evaluate on metrla_speed_short_term_forecasting:
2025-02-21 01:24:45,132 - masked_mae : 4.770066738128662
2025-02-21 01:24:45,150 - masked_rmse : 9.280789375305176
2025-02-21 01:24:45,184 - masked_mape : 0.1283653825521469
2025-02-21 01:24:45,184 - Evaluate on metrla_speed_long_term_forecasting:
2025-02-21 01:25:04,091 - masked_mae : 6.29180383682251
2025-02-21 01:25:04,154 - masked_rmse : 11.248324394226074
2025-02-21 01:25:04,273 - masked_mape : 0.1686989665031433
2025-02-21 01:25:04,273 - Evaluate on trafficsh_speed_short_term_forecasting:
2025-02-21 01:25:15,669 - masked_mae : 0.6310214400291443
2025-02-21 01:25:15,684 - masked_rmse : 0.8885445594787598
2025-02-21 01:25:15,713 - masked_mape : 0.07085047662258148
2025-02-21 01:25:15,714 - Evaluate on trafficsh_speed_long_term_forecasting:
2025-02-21 01:25:32,510 - masked_mae : 0.7162032127380371
2025-02-21 01:25:32,563 - masked_rmse : 1.0300143957138062
2025-02-21 01:25:32,664 - masked_mape : 0.08860114961862564
2025-02-21 01:25:32,664 - Evaluate on bikenyc_inflow_short_term_forecasting:
2025-02-21 01:25:41,606 - masked_mae : 1.3945622444152832
2025-02-21 01:25:41,616 - masked_rmse : 3.970188856124878
2025-02-21 01:25:41,634 - masked_mape : 0.42126044631004333
2025-02-21 01:25:41,634 - Evaluate on bikenyc_inflow_long_term_forecasting:
2025-02-21 01:25:53,824 - masked_mae : 1.5454034805297852
2025-02-21 01:25:53,857 - masked_rmse : 4.746164798736572
2025-02-21 01:25:53,918 - masked_mape : 0.42877838015556335
2025-02-21 01:25:53,919 - Evaluate on taxinyc_inflow_short_term_forecasting:
2025-02-21 01:26:02,818 - masked_mae : 9.761377334594727
2025-02-21 01:26:02,828 - masked_rmse : 21.95209312438965
2025-02-21 01:26:02,846 - masked_mape : 1.149772047996521
2025-02-21 01:26:02,846 - Evaluate on taxinyc_inflow_long_term_forecasting:
2025-02-21 01:26:15,028 - masked_mae : 9.686165809631348
2025-02-21 01:26:15,061 - masked_rmse : 23.676939010620117
2025-02-21 01:26:15,122 - masked_mape : 1.1057928800582886
2025-02-21 01:26:15,122 - Evaluate on tdrive_inflow_short_term_forecasting:
2025-02-21 01:26:46,016 - masked_mae : 22.66681480407715
2025-02-21 01:26:46,077 - masked_rmse : 45.14726257324219
2025-02-21 01:26:46,193 - masked_mape : 0.5168314576148987
2025-02-21 01:26:46,194 - Evaluate on tdrive_inflow_long_term_forecasting:
2025-02-21 01:27:40,127 - masked_mae : 22.26702880859375
2025-02-21 01:27:40,345 - masked_rmse : 41.459205627441406
2025-02-21 01:27:40,763 - masked_mape : 0.5265950560569763
2025-02-21 01:27:40,764 - ************************************************************   Imputation Task   ************************************************************
2025-02-21 01:27:40,764 - Evaluate on pems03_flow_point_imputation:
2025-02-21 01:27:46,462 - masked_mae : 61.11259460449219
2025-02-21 01:27:46,472 - masked_rmse : 83.13401794433594
2025-02-21 01:27:46,478 - masked_mre : 0.37710753083229065
2025-02-21 01:27:46,478 - Evaluate on pems03_flow_block_imputation:
2025-02-21 01:27:52,158 - masked_mae : 77.91778564453125
2025-02-21 01:27:52,159 - masked_rmse : 99.88996887207031
2025-02-21 01:27:52,167 - masked_mre : 0.4813118875026703
2025-02-21 01:27:52,167 - Evaluate on pems04_flow_point_imputation:
2025-02-21 01:27:57,753 - masked_mae : 62.957786560058594
2025-02-21 01:27:57,754 - masked_rmse : 90.49824523925781
2025-02-21 01:27:57,756 - masked_mre : 0.3562839925289154
2025-02-21 01:27:57,756 - Evaluate on pems04_flow_block_imputation:
2025-02-21 01:28:03,312 - masked_mae : 82.07339477539062
2025-02-21 01:28:03,313 - masked_rmse : 110.99549865722656
2025-02-21 01:28:03,314 - masked_mre : 0.46781623363494873
2025-02-21 01:28:03,315 - Evaluate on pems07_flow_point_imputation:
2025-02-21 01:28:09,534 - masked_mae : 89.2162094116211
2025-02-21 01:28:09,552 - masked_rmse : 115.78559875488281
2025-02-21 01:28:09,577 - masked_mre : 0.289215624332428
2025-02-21 01:28:09,577 - Evaluate on pems07_flow_block_imputation:
2025-02-21 01:28:15,822 - masked_mae : 140.05580139160156
2025-02-21 01:28:15,825 - masked_rmse : 162.9957733154297
2025-02-21 01:28:15,842 - masked_mre : 0.4553557336330414
2025-02-21 01:28:15,843 - Evaluate on pems08_flow_point_imputation:
2025-02-21 01:28:21,282 - masked_mae : 45.48905944824219
2025-02-21 01:28:21,283 - masked_rmse : 72.59539794921875
2025-02-21 01:28:21,285 - masked_mre : 0.295879989862442
2025-02-21 01:28:21,285 - Evaluate on pems08_flow_block_imputation:
2025-02-21 01:28:26,755 - masked_mae : 68.85846710205078
2025-02-21 01:28:26,756 - masked_rmse : 98.55424499511719
2025-02-21 01:28:26,758 - masked_mre : 0.44814780354499817
2025-02-21 01:28:26,758 - Evaluate on pemsbay_speed_point_imputation:
2025-02-21 01:28:32,845 - masked_mae : 7.929959774017334
2025-02-21 01:28:32,854 - masked_rmse : 12.36050033569336
2025-02-21 01:28:32,874 - masked_mre : 0.14988380670547485
2025-02-21 01:28:32,879 - Evaluate on pemsbay_speed_block_imputation:
2025-02-21 01:28:38,933 - masked_mae : 27.11791229248047
2025-02-21 01:28:38,944 - masked_rmse : 30.38982391357422
2025-02-21 01:28:38,954 - masked_mre : 0.512896716594696
2025-02-21 01:28:38,954 - Evaluate on metrla_speed_point_imputation:
2025-02-21 01:28:44,577 - masked_mae : 9.240724563598633
2025-02-21 01:28:44,578 - masked_rmse : 14.85644245147705
2025-02-21 01:28:44,580 - masked_mre : 0.2113288938999176
2025-02-21 01:28:44,580 - Evaluate on metrla_speed_block_imputation:
2025-02-21 01:28:50,206 - masked_mae : 21.842815399169922
2025-02-21 01:28:50,207 - masked_rmse : 26.971832275390625
2025-02-21 01:28:50,209 - masked_mre : 0.5183272957801819
2025-02-21 01:29:38,196 - [Epoch 8] Pretrain Loss: 24.3215
2025-02-21 01:29:38,197 - ************************************************************   Forecasting Task   ************************************************************
2025-02-21 01:29:38,197 - Evaluate on pems03_flow_short_term_forecasting:
2025-02-21 01:29:51,765 - masked_mae : 19.039831161499023
2025-02-21 01:29:51,786 - masked_rmse : 31.52037811279297
2025-02-21 01:29:51,824 - masked_mape : 0.1900804042816162
2025-02-21 01:29:51,824 - Evaluate on pems03_flow_long_term_forecasting:
2025-02-21 01:30:12,761 - masked_mae : 19.176897048950195
2025-02-21 01:30:12,832 - masked_rmse : 31.416793823242188
2025-02-21 01:30:12,968 - masked_mape : 0.20065195858478546
2025-02-21 01:30:12,968 - Evaluate on pems04_flow_short_term_forecasting:
2025-02-21 01:30:23,562 - masked_mae : 21.22083854675293
2025-02-21 01:30:23,575 - masked_rmse : 37.548038482666016
2025-02-21 01:30:23,601 - masked_mape : 0.17157459259033203
2025-02-21 01:30:23,601 - Evaluate on pems04_flow_long_term_forecasting:
2025-02-21 01:30:38,982 - masked_mae : 22.9115047454834
2025-02-21 01:30:39,028 - masked_rmse : 39.44057846069336
2025-02-21 01:30:39,117 - masked_mape : 0.19195659458637238
2025-02-21 01:30:39,118 - Evaluate on pems07_flow_short_term_forecasting:
2025-02-21 01:31:04,968 - masked_mae : 30.1997127532959
2025-02-21 01:31:05,017 - masked_rmse : 45.601192474365234
2025-02-21 01:31:05,110 - masked_mape : 0.15925084054470062
2025-02-21 01:31:05,111 - Evaluate on pems07_flow_long_term_forecasting:
2025-02-21 01:31:49,453 - masked_mae : 33.263919830322266
2025-02-21 01:31:49,629 - masked_rmse : 49.76914596557617
2025-02-21 01:31:49,965 - masked_mape : 0.16852645576000214
2025-02-21 01:31:49,965 - Evaluate on pems08_flow_short_term_forecasting:
2025-02-21 01:31:58,985 - masked_mae : 14.801334381103516
2025-02-21 01:31:58,994 - masked_rmse : 27.171470642089844
2025-02-21 01:31:59,013 - masked_mape : 0.18837840855121613
2025-02-21 01:31:59,013 - Evaluate on pems08_flow_long_term_forecasting:
2025-02-21 01:32:11,458 - masked_mae : 15.034588813781738
2025-02-21 01:32:11,492 - masked_rmse : 27.785667419433594
2025-02-21 01:32:11,555 - masked_mape : 0.17428241670131683
2025-02-21 01:32:11,555 - Evaluate on occpairs_occupancy_short_term_forecasting:
2025-02-21 01:32:27,001 - masked_mae : 1.019208312034607
2025-02-21 01:32:27,026 - masked_rmse : 2.4553585052490234
2025-02-21 01:32:27,073 - masked_mape : 0.16727574169635773
2025-02-21 01:32:27,073 - Evaluate on occpairs_occupancy_long_term_forecasting:
2025-02-21 01:32:51,607 - masked_mae : 1.1620466709136963
2025-02-21 01:32:51,694 - masked_rmse : 2.5669069290161133
2025-02-21 01:32:51,861 - masked_mape : 0.19742925465106964
2025-02-21 01:32:51,861 - Evaluate on occhamburg_occupancy_short_term_forecasting:
2025-02-21 01:33:03,463 - masked_mae : 6.024087429046631
2025-02-21 01:33:03,479 - masked_rmse : 10.405486106872559
2025-02-21 01:33:03,509 - masked_mape : 0.5523707270622253
2025-02-21 01:33:03,509 - Evaluate on occhamburg_occupancy_long_term_forecasting:
2025-02-21 01:33:20,780 - masked_mae : 5.852029323577881
2025-02-21 01:33:20,836 - masked_rmse : 10.028092384338379
2025-02-21 01:33:20,941 - masked_mape : 0.51522296667099
2025-02-21 01:33:20,941 - Evaluate on pemsbay_speed_short_term_forecasting:
2025-02-21 01:33:42,574 - masked_mae : 1.9951486587524414
2025-02-21 01:33:42,614 - masked_rmse : 4.408099174499512
2025-02-21 01:33:42,688 - masked_mape : 0.05458579957485199
2025-02-21 01:33:42,689 - Evaluate on pemsbay_speed_long_term_forecasting:
2025-02-21 01:34:19,182 - masked_mae : 2.9367618560791016
2025-02-21 01:34:19,322 - masked_rmse : 6.00390625
2025-02-21 01:34:19,589 - masked_mape : 0.07795564085245132
2025-02-21 01:34:19,590 - Evaluate on metrla_speed_short_term_forecasting:
2025-02-21 01:34:32,080 - masked_mae : 4.544088840484619
2025-02-21 01:34:32,098 - masked_rmse : 9.155655860900879
2025-02-21 01:34:32,132 - masked_mape : 0.1241985335946083
2025-02-21 01:34:32,132 - Evaluate on metrla_speed_long_term_forecasting:
2025-02-21 01:34:51,132 - masked_mae : 6.046255111694336
2025-02-21 01:34:51,194 - masked_rmse : 11.108711242675781
2025-02-21 01:34:51,314 - masked_mape : 0.1646227091550827
2025-02-21 01:34:51,314 - Evaluate on trafficsh_speed_short_term_forecasting:
2025-02-21 01:35:02,688 - masked_mae : 0.572399377822876
2025-02-21 01:35:02,703 - masked_rmse : 0.8634588718414307
2025-02-21 01:35:02,732 - masked_mape : 0.06283240020275116
2025-02-21 01:35:02,732 - Evaluate on trafficsh_speed_long_term_forecasting:
2025-02-21 01:35:19,610 - masked_mae : 0.6463426947593689
2025-02-21 01:35:19,663 - masked_rmse : 0.9813430309295654
2025-02-21 01:35:19,764 - masked_mape : 0.08024536818265915
2025-02-21 01:35:19,764 - Evaluate on bikenyc_inflow_short_term_forecasting:
2025-02-21 01:35:28,676 - masked_mae : 1.2624092102050781
2025-02-21 01:35:28,685 - masked_rmse : 3.941640853881836
2025-02-21 01:35:28,703 - masked_mape : 0.3967767655849457
2025-02-21 01:35:28,703 - Evaluate on bikenyc_inflow_long_term_forecasting:
2025-02-21 01:35:40,890 - masked_mae : 1.3939727544784546
2025-02-21 01:35:40,922 - masked_rmse : 4.440352916717529
2025-02-21 01:35:40,984 - masked_mape : 0.40425243973731995
2025-02-21 01:35:40,984 - Evaluate on taxinyc_inflow_short_term_forecasting:
2025-02-21 01:35:49,949 - masked_mae : 8.553037643432617
2025-02-21 01:35:49,958 - masked_rmse : 21.990615844726562
2025-02-21 01:35:49,976 - masked_mape : 0.8388479351997375
2025-02-21 01:35:49,976 - Evaluate on taxinyc_inflow_long_term_forecasting:
2025-02-21 01:36:02,161 - masked_mae : 8.142576217651367
2025-02-21 01:36:02,193 - masked_rmse : 21.727548599243164
2025-02-21 01:36:02,255 - masked_mape : 0.8844890594482422
2025-02-21 01:36:02,255 - Evaluate on tdrive_inflow_short_term_forecasting:
2025-02-21 01:36:33,192 - masked_mae : 22.8981876373291
2025-02-21 01:36:33,253 - masked_rmse : 47.933345794677734
2025-02-21 01:36:33,369 - masked_mape : 0.4215404689311981
2025-02-21 01:36:33,369 - Evaluate on tdrive_inflow_long_term_forecasting:
2025-02-21 01:37:27,554 - masked_mae : 19.913177490234375
2025-02-21 01:37:27,772 - masked_rmse : 37.749053955078125
2025-02-21 01:37:28,190 - masked_mape : 0.48200368881225586
2025-02-21 01:37:28,190 - ************************************************************   Imputation Task   ************************************************************
2025-02-21 01:37:28,190 - Evaluate on pems03_flow_point_imputation:
2025-02-21 01:37:33,905 - masked_mae : 59.08810043334961
2025-02-21 01:37:33,916 - masked_rmse : 80.46548461914062
2025-02-21 01:37:33,921 - masked_mre : 0.3645428419113159
2025-02-21 01:37:33,921 - Evaluate on pems03_flow_block_imputation:
2025-02-21 01:37:39,606 - masked_mae : 77.6611328125
2025-02-21 01:37:39,607 - masked_rmse : 98.91323852539062
2025-02-21 01:37:39,610 - masked_mre : 0.47992008924484253
2025-02-21 01:37:39,610 - Evaluate on pems04_flow_point_imputation:
2025-02-21 01:37:45,148 - masked_mae : 60.253841400146484
2025-02-21 01:37:45,150 - masked_rmse : 87.25159454345703
2025-02-21 01:37:45,152 - masked_mre : 0.34042876958847046
2025-02-21 01:37:45,152 - Evaluate on pems04_flow_block_imputation:
2025-02-21 01:37:50,709 - masked_mae : 82.74565887451172
2025-02-21 01:37:50,710 - masked_rmse : 111.43863677978516
2025-02-21 01:37:50,712 - masked_mre : 0.4717184901237488
2025-02-21 01:37:50,712 - Evaluate on pems07_flow_point_imputation:
2025-02-21 01:37:56,998 - masked_mae : 86.67864990234375
2025-02-21 01:37:57,016 - masked_rmse : 113.29473114013672
2025-02-21 01:37:57,038 - masked_mre : 0.28053992986679077
2025-02-21 01:37:57,039 - Evaluate on pems07_flow_block_imputation:
2025-02-21 01:38:03,275 - masked_mae : 144.77963256835938
2025-02-21 01:38:03,278 - masked_rmse : 167.37892150878906
2025-02-21 01:38:03,289 - masked_mre : 0.47076475620269775
2025-02-21 01:38:03,297 - Evaluate on pems08_flow_point_imputation:
2025-02-21 01:38:08,777 - masked_mae : 44.59754180908203
2025-02-21 01:38:08,778 - masked_rmse : 71.70301055908203
2025-02-21 01:38:08,779 - masked_mre : 0.2899573743343353
2025-02-21 01:38:08,779 - Evaluate on pems08_flow_block_imputation:
2025-02-21 01:38:14,262 - masked_mae : 70.52810668945312
2025-02-21 01:38:14,263 - masked_rmse : 100.25434875488281
2025-02-21 01:38:14,264 - masked_mre : 0.45901551842689514
2025-02-21 01:38:14,264 - Evaluate on pemsbay_speed_point_imputation:
2025-02-21 01:38:20,357 - masked_mae : 8.093317985534668
2025-02-21 01:38:20,367 - masked_rmse : 12.443642616271973
2025-02-21 01:38:20,389 - masked_mre : 0.15297207236289978
2025-02-21 01:38:20,395 - Evaluate on pemsbay_speed_block_imputation:
2025-02-21 01:38:26,517 - masked_mae : 28.771076202392578
2025-02-21 01:38:26,529 - masked_rmse : 32.0928955078125
2025-02-21 01:38:26,539 - masked_mre : 0.5441634654998779
2025-02-21 01:38:26,539 - Evaluate on metrla_speed_point_imputation:
2025-02-21 01:38:32,190 - masked_mae : 9.417412757873535
2025-02-21 01:38:32,191 - masked_rmse : 15.066579818725586
2025-02-21 01:38:32,193 - masked_mre : 0.21452857553958893
2025-02-21 01:38:32,193 - Evaluate on metrla_speed_block_imputation:
2025-02-21 01:38:37,824 - masked_mae : 22.973491668701172
2025-02-21 01:38:37,826 - masked_rmse : 28.197481155395508
2025-02-21 01:38:37,828 - masked_mre : 0.5459139347076416
2025-02-21 01:39:25,807 - [Epoch 9] Pretrain Loss: 24.1320
2025-02-21 01:39:25,808 - ************************************************************   Forecasting Task   ************************************************************
2025-02-21 01:39:25,808 - Evaluate on pems03_flow_short_term_forecasting:
2025-02-21 01:39:39,306 - masked_mae : 20.684574127197266
2025-02-21 01:39:39,326 - masked_rmse : 33.75436019897461
2025-02-21 01:39:39,365 - masked_mape : 0.20028333365917206
2025-02-21 01:39:39,365 - Evaluate on pems03_flow_long_term_forecasting:
2025-02-21 01:40:00,246 - masked_mae : 19.090513229370117
2025-02-21 01:40:00,317 - masked_rmse : 31.170997619628906
2025-02-21 01:40:00,453 - masked_mape : 0.20597697794437408
2025-02-21 01:40:00,453 - Evaluate on pems04_flow_short_term_forecasting:
2025-02-21 01:40:11,093 - masked_mae : 22.67150115966797
2025-02-21 01:40:11,106 - masked_rmse : 39.56314468383789
2025-02-21 01:40:11,132 - masked_mape : 0.18811754882335663
2025-02-21 01:40:11,132 - Evaluate on pems04_flow_long_term_forecasting:
2025-02-21 01:40:26,566 - masked_mae : 22.746591567993164
2025-02-21 01:40:26,613 - masked_rmse : 38.96347427368164
2025-02-21 01:40:26,702 - masked_mape : 0.2055327445268631
2025-02-21 01:40:26,702 - Evaluate on pems07_flow_short_term_forecasting:
2025-02-21 01:40:52,512 - masked_mae : 32.208656311035156
2025-02-21 01:40:52,561 - masked_rmse : 47.99908447265625
2025-02-21 01:40:52,654 - masked_mape : 0.16762888431549072
2025-02-21 01:40:52,655 - Evaluate on pems07_flow_long_term_forecasting:
2025-02-21 01:41:37,005 - masked_mae : 33.24476623535156
2025-02-21 01:41:37,180 - masked_rmse : 49.2584114074707
2025-02-21 01:41:37,516 - masked_mape : 0.18195538222789764
2025-02-21 01:41:37,517 - Evaluate on pems08_flow_short_term_forecasting:
2025-02-21 01:41:46,578 - masked_mae : 16.09650993347168
2025-02-21 01:41:46,588 - masked_rmse : 29.094213485717773
2025-02-21 01:41:46,607 - masked_mape : 0.1946033090353012
2025-02-21 01:41:46,607 - Evaluate on pems08_flow_long_term_forecasting:
2025-02-21 01:42:00,727 - masked_mae : 15.035016059875488
2025-02-21 01:42:00,761 - masked_rmse : 27.585607528686523
2025-02-21 01:42:00,824 - masked_mape : 0.19318999350070953
2025-02-21 01:42:00,825 - Evaluate on occpairs_occupancy_short_term_forecasting:
2025-02-21 01:42:16,244 - masked_mae : 1.0362521409988403
2025-02-21 01:42:16,269 - masked_rmse : 2.5225062370300293
2025-02-21 01:42:16,315 - masked_mape : 0.17010919749736786
2025-02-21 01:42:16,316 - Evaluate on occpairs_occupancy_long_term_forecasting:
2025-02-21 01:42:40,886 - masked_mae : 1.13628351688385
2025-02-21 01:42:40,973 - masked_rmse : 2.5417916774749756
2025-02-21 01:42:41,140 - masked_mape : 0.19948148727416992
2025-02-21 01:42:41,140 - Evaluate on occhamburg_occupancy_short_term_forecasting:
2025-02-21 01:42:52,765 - masked_mae : 6.084021091461182
2025-02-21 01:42:52,781 - masked_rmse : 10.605984687805176
2025-02-21 01:42:52,811 - masked_mape : 0.5586549639701843
2025-02-21 01:42:52,811 - Evaluate on occhamburg_occupancy_long_term_forecasting:
2025-02-21 01:43:10,078 - masked_mae : 5.73577356338501
2025-02-21 01:43:10,133 - masked_rmse : 9.872284889221191
2025-02-21 01:43:10,238 - masked_mape : 0.5182390213012695
2025-02-21 01:43:10,239 - Evaluate on pemsbay_speed_short_term_forecasting:
2025-02-21 01:43:31,821 - masked_mae : 1.9872870445251465
2025-02-21 01:43:31,860 - masked_rmse : 4.469615459442139
2025-02-21 01:43:31,935 - masked_mape : 0.05492490902543068
2025-02-21 01:43:31,935 - Evaluate on pemsbay_speed_long_term_forecasting:
2025-02-21 01:44:08,390 - masked_mae : 2.8340442180633545
2025-02-21 01:44:08,530 - masked_rmse : 5.9867682456970215
2025-02-21 01:44:08,798 - masked_mape : 0.07713986933231354
2025-02-21 01:44:08,798 - Evaluate on metrla_speed_short_term_forecasting:
2025-02-21 01:44:21,253 - masked_mae : 4.454589366912842
2025-02-21 01:44:21,271 - masked_rmse : 9.19119930267334
2025-02-21 01:44:21,305 - masked_mape : 0.1223275288939476
2025-02-21 01:44:21,305 - Evaluate on metrla_speed_long_term_forecasting:
2025-02-21 01:44:40,264 - masked_mae : 5.850532531738281
2025-02-21 01:44:40,326 - masked_rmse : 11.080364227294922
2025-02-21 01:44:40,445 - masked_mape : 0.16181708872318268
2025-02-21 01:44:40,446 - Evaluate on trafficsh_speed_short_term_forecasting:
2025-02-21 01:44:51,837 - masked_mae : 0.5680173635482788
2025-02-21 01:44:51,853 - masked_rmse : 0.8831445574760437
2025-02-21 01:44:51,882 - masked_mape : 0.06188974902033806
2025-02-21 01:44:51,882 - Evaluate on trafficsh_speed_long_term_forecasting:
2025-02-21 01:45:08,683 - masked_mae : 0.6087374687194824
2025-02-21 01:45:08,735 - masked_rmse : 0.9602336287498474
2025-02-21 01:45:08,836 - masked_mape : 0.07521694153547287
2025-02-21 01:45:08,837 - Evaluate on bikenyc_inflow_short_term_forecasting:
2025-02-21 01:45:17,787 - masked_mae : 1.17133367061615
2025-02-21 01:45:17,797 - masked_rmse : 4.022493362426758
2025-02-21 01:45:17,815 - masked_mape : 0.370780348777771
2025-02-21 01:45:17,815 - Evaluate on bikenyc_inflow_long_term_forecasting:
2025-02-21 01:45:30,003 - masked_mae : 1.2843090295791626
2025-02-21 01:45:30,036 - masked_rmse : 4.328028202056885
2025-02-21 01:45:30,097 - masked_mape : 0.39476966857910156
2025-02-21 01:45:30,097 - Evaluate on taxinyc_inflow_short_term_forecasting:
2025-02-21 01:45:39,036 - masked_mae : 7.383970260620117
2025-02-21 01:45:39,046 - masked_rmse : 22.912019729614258
2025-02-21 01:45:39,063 - masked_mape : 0.45465123653411865
2025-02-21 01:45:39,064 - Evaluate on taxinyc_inflow_long_term_forecasting:
2025-02-21 01:45:51,297 - masked_mae : 6.695610046386719
2025-02-21 01:45:51,330 - masked_rmse : 20.63227081298828
2025-02-21 01:45:51,391 - masked_mape : 0.5933122634887695
2025-02-21 01:45:51,391 - Evaluate on tdrive_inflow_short_term_forecasting:
2025-02-21 01:46:22,313 - masked_mae : 24.944406509399414
2025-02-21 01:46:22,374 - masked_rmse : 52.819026947021484
2025-02-21 01:46:22,490 - masked_mape : 0.3403519093990326
2025-02-21 01:46:22,491 - Evaluate on tdrive_inflow_long_term_forecasting:
2025-02-21 01:47:16,537 - masked_mae : 19.1627140045166
2025-02-21 01:47:16,755 - masked_rmse : 37.12986755371094
2025-02-21 01:47:17,173 - masked_mape : 0.36930933594703674
2025-02-21 01:47:17,173 - ************************************************************   Imputation Task   ************************************************************
2025-02-21 01:47:17,173 - Evaluate on pems03_flow_point_imputation:
2025-02-21 01:47:22,887 - masked_mae : 56.69776916503906
2025-02-21 01:47:22,897 - masked_rmse : 77.45442962646484
2025-02-21 01:47:22,901 - masked_mre : 0.3497651219367981
2025-02-21 01:47:22,902 - Evaluate on pems03_flow_block_imputation:
2025-02-21 01:47:28,578 - masked_mae : 70.29312133789062
2025-02-21 01:47:28,579 - masked_rmse : 90.66434478759766
2025-02-21 01:47:28,582 - masked_mre : 0.43431752920150757
2025-02-21 01:47:28,588 - Evaluate on pems04_flow_point_imputation:
2025-02-21 01:47:34,158 - masked_mae : 57.960670471191406
2025-02-21 01:47:34,159 - masked_rmse : 84.72657775878906
2025-02-21 01:47:34,161 - masked_mre : 0.32706692814826965
2025-02-21 01:47:34,162 - Evaluate on pems04_flow_block_imputation:
2025-02-21 01:47:39,701 - masked_mae : 74.84176635742188
2025-02-21 01:47:39,702 - masked_rmse : 102.18172454833984
2025-02-21 01:47:39,704 - masked_mre : 0.42644986510276794
2025-02-21 01:47:39,704 - Evaluate on pems07_flow_point_imputation:
2025-02-21 01:47:45,957 - masked_mae : 82.29939270019531
2025-02-21 01:47:45,975 - masked_rmse : 108.7690658569336
2025-02-21 01:47:46,001 - masked_mre : 0.2659854590892792
2025-02-21 01:47:46,002 - Evaluate on pems07_flow_block_imputation:
2025-02-21 01:47:52,245 - masked_mae : 131.4469451904297
2025-02-21 01:47:52,249 - masked_rmse : 153.15451049804688
2025-02-21 01:47:52,257 - masked_mre : 0.4272829294204712
2025-02-21 01:47:52,257 - Evaluate on pems08_flow_point_imputation:
2025-02-21 01:47:57,757 - masked_mae : 42.384254455566406
2025-02-21 01:47:57,758 - masked_rmse : 69.18016052246094
2025-02-21 01:47:57,760 - masked_mre : 0.27546000480651855
2025-02-21 01:47:57,760 - Evaluate on pems08_flow_block_imputation:
2025-02-21 01:48:03,253 - masked_mae : 63.22052764892578
2025-02-21 01:48:03,254 - masked_rmse : 90.8221435546875
2025-02-21 01:48:03,255 - masked_mre : 0.4113446772098541
2025-02-21 01:48:03,255 - Evaluate on pemsbay_speed_point_imputation:
2025-02-21 01:48:09,351 - masked_mae : 7.102625370025635
2025-02-21 01:48:09,360 - masked_rmse : 11.493026733398438
2025-02-21 01:48:09,381 - masked_mre : 0.13423943519592285
2025-02-21 01:48:09,385 - Evaluate on pemsbay_speed_block_imputation:
2025-02-21 01:48:15,498 - masked_mae : 27.02392578125
2025-02-21 01:48:15,511 - masked_rmse : 30.225561141967773
2025-02-21 01:48:15,522 - masked_mre : 0.5111152529716492
2025-02-21 01:48:15,523 - Evaluate on metrla_speed_point_imputation:
2025-02-21 01:48:21,173 - masked_mae : 8.666860580444336
2025-02-21 01:48:21,174 - masked_rmse : 14.411654472351074
2025-02-21 01:48:21,176 - masked_mre : 0.19464914500713348
2025-02-21 01:48:21,176 - Evaluate on metrla_speed_block_imputation:
2025-02-21 01:48:26,831 - masked_mae : 21.44092559814453
2025-02-21 01:48:26,832 - masked_rmse : 26.493000030517578
2025-02-21 01:48:26,834 - masked_mre : 0.5086842775344849
2025-02-21 01:49:14,904 - [Epoch 10] Pretrain Loss: 23.8795
2025-02-21 01:49:14,905 - ************************************************************   Forecasting Task   ************************************************************
2025-02-21 01:49:14,905 - Evaluate on pems03_flow_short_term_forecasting:
2025-02-21 01:49:28,407 - masked_mae : 19.940183639526367
2025-02-21 01:49:28,427 - masked_rmse : 33.02360153198242
2025-02-21 01:49:28,466 - masked_mape : 0.1923440545797348
2025-02-21 01:49:28,466 - Evaluate on pems03_flow_long_term_forecasting:
2025-02-21 01:49:49,435 - masked_mae : 18.308740615844727
2025-02-21 01:49:49,506 - masked_rmse : 30.15618896484375
2025-02-21 01:49:49,642 - masked_mape : 0.19081364572048187
2025-02-21 01:49:49,642 - Evaluate on pems04_flow_short_term_forecasting:
2025-02-21 01:50:00,244 - masked_mae : 21.84514045715332
2025-02-21 01:50:00,258 - masked_rmse : 38.7297477722168
2025-02-21 01:50:00,283 - masked_mape : 0.17692823708057404
2025-02-21 01:50:00,283 - Evaluate on pems04_flow_long_term_forecasting:
2025-02-21 01:50:15,680 - masked_mae : 22.099075317382812
2025-02-21 01:50:15,726 - masked_rmse : 38.15683364868164
2025-02-21 01:50:15,815 - masked_mape : 0.18932251632213593
2025-02-21 01:50:15,816 - Evaluate on pems07_flow_short_term_forecasting:
2025-02-21 01:50:41,651 - masked_mae : 30.9341983795166
2025-02-21 01:50:41,700 - masked_rmse : 46.7738037109375
2025-02-21 01:50:41,793 - masked_mape : 0.16136051714420319
2025-02-21 01:50:41,794 - Evaluate on pems07_flow_long_term_forecasting:
2025-02-21 01:51:26,367 - masked_mae : 31.98517417907715
2025-02-21 01:51:26,542 - masked_rmse : 47.75996017456055
2025-02-21 01:51:26,878 - masked_mape : 0.1654171198606491
2025-02-21 01:51:26,879 - Evaluate on pems08_flow_short_term_forecasting:
2025-02-21 01:51:35,916 - masked_mae : 15.535592079162598
2025-02-21 01:51:35,926 - masked_rmse : 28.486574172973633
2025-02-21 01:51:35,944 - masked_mape : 0.19673015177249908
2025-02-21 01:51:35,944 - Evaluate on pems08_flow_long_term_forecasting:
2025-02-21 01:51:48,402 - masked_mae : 14.5833740234375
2025-02-21 01:51:48,436 - masked_rmse : 26.969858169555664
2025-02-21 01:51:48,499 - masked_mape : 0.18073801696300507
2025-02-21 01:51:48,499 - Evaluate on occpairs_occupancy_short_term_forecasting:
2025-02-21 01:52:03,898 - masked_mae : 0.9964597821235657
2025-02-21 01:52:03,923 - masked_rmse : 2.4910311698913574
2025-02-21 01:52:03,969 - masked_mape : 0.15845796465873718
2025-02-21 01:52:03,970 - Evaluate on occpairs_occupancy_long_term_forecasting:
2025-02-21 01:52:28,605 - masked_mae : 1.1145952939987183
2025-02-21 01:52:28,692 - masked_rmse : 2.528055191040039
2025-02-21 01:52:28,859 - masked_mape : 0.18629062175750732
2025-02-21 01:52:28,859 - Evaluate on occhamburg_occupancy_short_term_forecasting:
2025-02-21 01:52:40,425 - masked_mae : 6.1017913818359375
2025-02-21 01:52:40,441 - masked_rmse : 10.615805625915527
2025-02-21 01:52:40,470 - masked_mape : 0.5574383735656738
2025-02-21 01:52:40,471 - Evaluate on occhamburg_occupancy_long_term_forecasting:
2025-02-21 01:52:57,778 - masked_mae : 5.767786026000977
2025-02-21 01:52:57,833 - masked_rmse : 9.93929386138916
2025-02-21 01:52:57,938 - masked_mape : 0.5062848329544067
2025-02-21 01:52:57,938 - Evaluate on pemsbay_speed_short_term_forecasting:
2025-02-21 01:53:19,524 - masked_mae : 1.98031747341156
2025-02-21 01:53:19,563 - masked_rmse : 4.4171271324157715
2025-02-21 01:53:19,638 - masked_mape : 0.05487828329205513
2025-02-21 01:53:19,639 - Evaluate on pemsbay_speed_long_term_forecasting:
2025-02-21 01:53:56,121 - masked_mae : 2.843944549560547
2025-02-21 01:53:56,261 - masked_rmse : 5.963372707366943
2025-02-21 01:53:56,528 - masked_mape : 0.07678020745515823
2025-02-21 01:53:56,529 - Evaluate on metrla_speed_short_term_forecasting:
2025-02-21 01:54:09,029 - masked_mae : 4.506280422210693
2025-02-21 01:54:09,046 - masked_rmse : 9.142878532409668
2025-02-21 01:54:09,080 - masked_mape : 0.1241140067577362
2025-02-21 01:54:09,080 - Evaluate on metrla_speed_long_term_forecasting:
2025-02-21 01:54:28,107 - masked_mae : 5.863019943237305
2025-02-21 01:54:28,169 - masked_rmse : 10.95212459564209
2025-02-21 01:54:28,288 - masked_mape : 0.16171006858348846
2025-02-21 01:54:28,289 - Evaluate on trafficsh_speed_short_term_forecasting:
2025-02-21 01:54:39,704 - masked_mae : 0.5950075387954712
2025-02-21 01:54:39,720 - masked_rmse : 0.9033396244049072
2025-02-21 01:54:39,749 - masked_mape : 0.06300429999828339
2025-02-21 01:54:39,749 - Evaluate on trafficsh_speed_long_term_forecasting:
2025-02-21 01:54:56,584 - masked_mae : 0.667558491230011
2025-02-21 01:54:56,637 - masked_rmse : 0.9903215765953064
2025-02-21 01:54:56,738 - masked_mape : 0.07952827215194702
2025-02-21 01:54:56,739 - Evaluate on bikenyc_inflow_short_term_forecasting:
2025-02-21 01:55:05,717 - masked_mae : 1.1784820556640625
2025-02-21 01:55:05,727 - masked_rmse : 3.9990437030792236
2025-02-21 01:55:05,745 - masked_mape : 0.37545955181121826
2025-02-21 01:55:05,745 - Evaluate on bikenyc_inflow_long_term_forecasting:
2025-02-21 01:55:17,945 - masked_mae : 1.3072036504745483
2025-02-21 01:55:17,977 - masked_rmse : 4.311691761016846
2025-02-21 01:55:18,038 - masked_mape : 0.38902831077575684
2025-02-21 01:55:18,039 - Evaluate on taxinyc_inflow_short_term_forecasting:
2025-02-21 01:55:26,971 - masked_mae : 7.572580814361572
2025-02-21 01:55:26,980 - masked_rmse : 22.6827449798584
2025-02-21 01:55:26,998 - masked_mape : 0.5219378471374512
2025-02-21 01:55:26,998 - Evaluate on taxinyc_inflow_long_term_forecasting:
2025-02-21 01:55:39,191 - masked_mae : 7.130105495452881
2025-02-21 01:55:39,224 - masked_rmse : 20.7374267578125
2025-02-21 01:55:39,285 - masked_mape : 0.685923159122467
2025-02-21 01:55:39,286 - Evaluate on tdrive_inflow_short_term_forecasting:
2025-02-21 01:56:10,222 - masked_mae : 22.95709228515625
2025-02-21 01:56:10,283 - masked_rmse : 50.48981857299805
2025-02-21 01:56:10,399 - masked_mape : 0.31961673498153687
2025-02-21 01:56:10,399 - Evaluate on tdrive_inflow_long_term_forecasting:
2025-02-21 01:57:04,367 - masked_mae : 18.419984817504883
2025-02-21 01:57:04,585 - masked_rmse : 36.14786148071289
2025-02-21 01:57:05,003 - masked_mape : 0.3787531852722168
2025-02-21 01:57:05,003 - ************************************************************   Imputation Task   ************************************************************
2025-02-21 01:57:05,004 - Evaluate on pems03_flow_point_imputation:
2025-02-21 01:57:10,722 - masked_mae : 53.449092864990234
2025-02-21 01:57:10,732 - masked_rmse : 72.8809814453125
2025-02-21 01:57:10,736 - masked_mre : 0.32989129424095154
2025-02-21 01:57:10,736 - Evaluate on pems03_flow_block_imputation:
2025-02-21 01:57:16,440 - masked_mae : 73.5464859008789
2025-02-21 01:57:16,441 - masked_rmse : 92.95626068115234
2025-02-21 01:57:16,448 - masked_mre : 0.4548513889312744
2025-02-21 01:57:16,448 - Evaluate on pems04_flow_point_imputation:
2025-02-21 01:57:22,033 - masked_mae : 54.08564758300781
2025-02-21 01:57:22,034 - masked_rmse : 79.16307067871094
2025-02-21 01:57:22,036 - masked_mre : 0.305951863527298
2025-02-21 01:57:22,036 - Evaluate on pems04_flow_block_imputation:
2025-02-21 01:57:27,605 - masked_mae : 79.74995422363281
2025-02-21 01:57:27,606 - masked_rmse : 107.11976623535156
2025-02-21 01:57:27,608 - masked_mre : 0.4547601044178009
2025-02-21 01:57:27,608 - Evaluate on pems07_flow_point_imputation:
2025-02-21 01:57:33,891 - masked_mae : 77.76222229003906
2025-02-21 01:57:33,910 - masked_rmse : 102.56208801269531
2025-02-21 01:57:33,934 - masked_mre : 0.2521122694015503
2025-02-21 01:57:33,934 - Evaluate on pems07_flow_block_imputation:
2025-02-21 01:57:40,193 - masked_mae : 143.39105224609375
2025-02-21 01:57:40,196 - masked_rmse : 164.776123046875
2025-02-21 01:57:40,201 - masked_mre : 0.4661753177642822
2025-02-21 01:57:40,207 - Evaluate on pems08_flow_point_imputation:
2025-02-21 01:57:45,671 - masked_mae : 39.7318115234375
2025-02-21 01:57:45,672 - masked_rmse : 63.62619400024414
2025-02-21 01:57:45,674 - masked_mre : 0.2583487033843994
2025-02-21 01:57:45,674 - Evaluate on pems08_flow_block_imputation:
2025-02-21 01:57:51,144 - masked_mae : 69.43270874023438
2025-02-21 01:57:51,145 - masked_rmse : 97.66580963134766
2025-02-21 01:57:51,147 - masked_mre : 0.4518895745277405
2025-02-21 01:57:51,147 - Evaluate on pemsbay_speed_point_imputation:
2025-02-21 01:57:57,222 - masked_mae : 7.988728046417236
2025-02-21 01:57:57,232 - masked_rmse : 11.91775894165039
2025-02-21 01:57:57,253 - masked_mre : 0.15099263191223145
2025-02-21 01:57:57,258 - Evaluate on pemsbay_speed_block_imputation:
2025-02-21 01:58:03,346 - masked_mae : 28.864347457885742
2025-02-21 01:58:03,357 - masked_rmse : 32.09199142456055
2025-02-21 01:58:03,366 - masked_mre : 0.5459250807762146
2025-02-21 01:58:03,367 - Evaluate on metrla_speed_point_imputation:
2025-02-21 01:58:09,007 - masked_mae : 9.190680503845215
2025-02-21 01:58:09,009 - masked_rmse : 14.531777381896973
2025-02-21 01:58:09,010 - masked_mre : 0.20863261818885803
2025-02-21 01:58:09,011 - Evaluate on metrla_speed_block_imputation:
2025-02-21 01:58:14,673 - masked_mae : 22.954050064086914
2025-02-21 01:58:14,674 - masked_rmse : 28.091812133789062
2025-02-21 01:58:14,676 - masked_mre : 0.54646235704422
2025-02-21 01:59:02,686 - [Epoch 11] Pretrain Loss: 23.8020
2025-02-21 01:59:02,686 - ************************************************************   Forecasting Task   ************************************************************
2025-02-21 01:59:02,686 - Evaluate on pems03_flow_short_term_forecasting:
2025-02-21 01:59:16,265 - masked_mae : 20.995012283325195
2025-02-21 01:59:16,286 - masked_rmse : 34.68928909301758
2025-02-21 01:59:16,324 - masked_mape : 0.19946908950805664
2025-02-21 01:59:16,324 - Evaluate on pems03_flow_long_term_forecasting:
2025-02-21 01:59:37,238 - masked_mae : 17.9661922454834
2025-02-21 01:59:37,310 - masked_rmse : 29.676198959350586
2025-02-21 01:59:37,446 - masked_mape : 0.18664126098155975
2025-02-21 01:59:37,446 - Evaluate on pems04_flow_short_term_forecasting:
2025-02-21 01:59:48,113 - masked_mae : 22.48836326599121
2025-02-21 01:59:48,126 - masked_rmse : 39.810909271240234
2025-02-21 01:59:48,152 - masked_mape : 0.18137536942958832
2025-02-21 01:59:48,152 - Evaluate on pems04_flow_long_term_forecasting:
2025-02-21 02:00:03,549 - masked_mae : 21.90826416015625
2025-02-21 02:00:03,595 - masked_rmse : 37.9940185546875
2025-02-21 02:00:03,684 - masked_mape : 0.18770496547222137
2025-02-21 02:00:03,685 - Evaluate on pems07_flow_short_term_forecasting:
2025-02-21 02:00:29,522 - masked_mae : 31.918272018432617
2025-02-21 02:00:29,571 - masked_rmse : 48.17580795288086
2025-02-21 02:00:29,665 - masked_mape : 0.16546867787837982
2025-02-21 02:00:29,665 - Evaluate on pems07_flow_long_term_forecasting:
2025-02-21 02:01:14,092 - masked_mae : 31.643829345703125
2025-02-21 02:01:14,267 - masked_rmse : 47.39885330200195
2025-02-21 02:01:14,603 - masked_mape : 0.1661941558122635
2025-02-21 02:01:14,603 - Evaluate on pems08_flow_short_term_forecasting:
2025-02-21 02:01:23,659 - masked_mae : 16.366796493530273
2025-02-21 02:01:23,669 - masked_rmse : 29.95929718017578
2025-02-21 02:01:23,687 - masked_mape : 0.20119400322437286
2025-02-21 02:01:23,688 - Evaluate on pems08_flow_long_term_forecasting:
2025-02-21 02:01:36,091 - masked_mae : 14.4159517288208
2025-02-21 02:01:36,124 - masked_rmse : 26.75983238220215
2025-02-21 02:01:36,188 - masked_mape : 0.18163739144802094
2025-02-21 02:01:36,188 - Evaluate on occpairs_occupancy_short_term_forecasting:
2025-02-21 02:01:53,310 - masked_mae : 0.9859626889228821
2025-02-21 02:01:53,334 - masked_rmse : 2.460817575454712
2025-02-21 02:01:53,381 - masked_mape : 0.15684781968593597
2025-02-21 02:01:53,381 - Evaluate on occpairs_occupancy_long_term_forecasting:
2025-02-21 02:02:17,955 - masked_mae : 1.1003338098526
2025-02-21 02:02:18,043 - masked_rmse : 2.5210695266723633
2025-02-21 02:02:18,210 - masked_mape : 0.18095116317272186
2025-02-21 02:02:18,210 - Evaluate on occhamburg_occupancy_short_term_forecasting:
2025-02-21 02:02:29,846 - masked_mae : 6.13095235824585
2025-02-21 02:02:29,862 - masked_rmse : 10.693694114685059
2025-02-21 02:02:29,892 - masked_mape : 0.5575509071350098
2025-02-21 02:02:29,892 - Evaluate on occhamburg_occupancy_long_term_forecasting:
2025-02-21 02:02:47,213 - masked_mae : 5.735426425933838
2025-02-21 02:02:47,268 - masked_rmse : 9.945963859558105
2025-02-21 02:02:47,373 - masked_mape : 0.49399566650390625
2025-02-21 02:02:47,373 - Evaluate on pemsbay_speed_short_term_forecasting:
2025-02-21 02:03:09,002 - masked_mae : 2.0196001529693604
2025-02-21 02:03:09,041 - masked_rmse : 4.4631829261779785
2025-02-21 02:03:09,116 - masked_mape : 0.055635005235672
2025-02-21 02:03:09,116 - Evaluate on pemsbay_speed_long_term_forecasting:
2025-02-21 02:03:45,556 - masked_mae : 2.842655897140503
2025-02-21 02:03:45,696 - masked_rmse : 5.966406345367432
2025-02-21 02:03:45,963 - masked_mape : 0.0768873319029808
2025-02-21 02:03:45,964 - Evaluate on metrla_speed_short_term_forecasting:
2025-02-21 02:03:58,411 - masked_mae : 4.558884143829346
2025-02-21 02:03:58,429 - masked_rmse : 9.246676445007324
2025-02-21 02:03:58,462 - masked_mape : 0.12594272196292877
2025-02-21 02:03:58,463 - Evaluate on metrla_speed_long_term_forecasting:
2025-02-21 02:04:17,419 - masked_mae : 5.845933437347412
2025-02-21 02:04:17,482 - masked_rmse : 11.003212928771973
2025-02-21 02:04:17,601 - masked_mape : 0.16186589002609253
2025-02-21 02:04:17,601 - Evaluate on trafficsh_speed_short_term_forecasting:
2025-02-21 02:04:29,040 - masked_mae : 0.6203469038009644
2025-02-21 02:04:29,056 - masked_rmse : 0.9313373565673828
2025-02-21 02:04:29,085 - masked_mape : 0.06609907746315002
2025-02-21 02:04:29,085 - Evaluate on trafficsh_speed_long_term_forecasting:
2025-02-21 02:04:45,895 - masked_mae : 0.6617446541786194
2025-02-21 02:04:45,948 - masked_rmse : 0.9900595545768738
2025-02-21 02:04:46,049 - masked_mape : 0.07940605282783508
2025-02-21 02:04:46,050 - Evaluate on bikenyc_inflow_short_term_forecasting:
2025-02-21 02:04:54,975 - masked_mae : 1.132085919380188
2025-02-21 02:04:54,984 - masked_rmse : 3.8851308822631836
2025-02-21 02:04:55,002 - masked_mape : 0.36278006434440613
2025-02-21 02:04:55,002 - Evaluate on bikenyc_inflow_long_term_forecasting:
2025-02-21 02:05:07,168 - masked_mae : 1.2497687339782715
2025-02-21 02:05:07,201 - masked_rmse : 4.245265960693359
2025-02-21 02:05:07,262 - masked_mape : 0.37635061144828796
2025-02-21 02:05:07,263 - Evaluate on taxinyc_inflow_short_term_forecasting:
2025-02-21 02:05:16,269 - masked_mae : 7.021541595458984
2025-02-21 02:05:16,279 - masked_rmse : 21.92133140563965
2025-02-21 02:05:16,297 - masked_mape : 0.4101155698299408
2025-02-21 02:05:16,297 - Evaluate on taxinyc_inflow_long_term_forecasting:
2025-02-21 02:05:28,534 - masked_mae : 6.573974609375
2025-02-21 02:05:28,567 - masked_rmse : 20.640161514282227
2025-02-21 02:05:28,628 - masked_mape : 0.546999990940094
2025-02-21 02:05:28,628 - Evaluate on tdrive_inflow_short_term_forecasting:
2025-02-21 02:05:59,672 - masked_mae : 23.14568328857422
2025-02-21 02:05:59,732 - masked_rmse : 50.12470626831055
2025-02-21 02:05:59,848 - masked_mape : 0.33272281289100647
2025-02-21 02:05:59,849 - Evaluate on tdrive_inflow_long_term_forecasting:
2025-02-21 02:06:54,034 - masked_mae : 17.872167587280273
2025-02-21 02:06:54,252 - masked_rmse : 35.68962097167969
2025-02-21 02:06:54,670 - masked_mape : 0.33020827174186707
2025-02-21 02:06:54,671 - ************************************************************   Imputation Task   ************************************************************
2025-02-21 02:06:54,671 - Evaluate on pems03_flow_point_imputation:
2025-02-21 02:07:00,379 - masked_mae : 51.103668212890625
2025-02-21 02:07:00,390 - masked_rmse : 69.88169860839844
2025-02-21 02:07:00,396 - masked_mre : 0.31552571058273315
2025-02-21 02:07:00,396 - Evaluate on pems03_flow_block_imputation:
2025-02-21 02:07:06,134 - masked_mae : 72.84315490722656
2025-02-21 02:07:06,135 - masked_rmse : 91.95649719238281
2025-02-21 02:07:06,144 - masked_mre : 0.45075008273124695
2025-02-21 02:07:06,144 - Evaluate on pems04_flow_point_imputation:
2025-02-21 02:07:11,706 - masked_mae : 51.67148971557617
2025-02-21 02:07:11,708 - masked_rmse : 76.23516082763672
2025-02-21 02:07:11,710 - masked_mre : 0.2921518087387085
2025-02-21 02:07:11,710 - Evaluate on pems04_flow_block_imputation:
2025-02-21 02:07:17,249 - masked_mae : 79.5906753540039
2025-02-21 02:07:17,250 - masked_rmse : 106.94551086425781
2025-02-21 02:07:17,252 - masked_mre : 0.4541071951389313
2025-02-21 02:07:17,252 - Evaluate on pems07_flow_point_imputation:
2025-02-21 02:07:23,525 - masked_mae : 75.8389663696289
2025-02-21 02:07:23,544 - masked_rmse : 100.0
2025-02-21 02:07:23,573 - masked_mre : 0.2456248700618744
2025-02-21 02:07:23,580 - Evaluate on pems07_flow_block_imputation:
2025-02-21 02:07:29,865 - masked_mae : 144.201171875
2025-02-21 02:07:29,869 - masked_rmse : 165.8684539794922
2025-02-21 02:07:29,887 - masked_mre : 0.4690203070640564
2025-02-21 02:07:29,887 - Evaluate on pems08_flow_point_imputation:
2025-02-21 02:07:35,370 - masked_mae : 38.90386962890625
2025-02-21 02:07:35,371 - masked_rmse : 62.277095794677734
2025-02-21 02:07:35,372 - masked_mre : 0.2529611885547638
2025-02-21 02:07:35,373 - Evaluate on pems08_flow_block_imputation:
2025-02-21 02:07:40,869 - masked_mae : 69.99507904052734
2025-02-21 02:07:40,870 - masked_rmse : 98.27151489257812
2025-02-21 02:07:40,871 - masked_mre : 0.45566946268081665
2025-02-21 02:07:40,872 - Evaluate on pemsbay_speed_point_imputation:
2025-02-21 02:07:46,983 - masked_mae : 8.355751037597656
2025-02-21 02:07:46,993 - masked_rmse : 12.085783958435059
2025-02-21 02:07:47,014 - masked_mre : 0.15793074667453766
2025-02-21 02:07:47,018 - Evaluate on pemsbay_speed_block_imputation:
2025-02-21 02:07:53,104 - masked_mae : 28.96586036682129
2025-02-21 02:07:53,116 - masked_rmse : 32.18598556518555
2025-02-21 02:07:53,126 - masked_mre : 0.5478434562683105
2025-02-21 02:07:53,126 - Evaluate on metrla_speed_point_imputation:
2025-02-21 02:07:58,760 - masked_mae : 9.483803749084473
2025-02-21 02:07:58,761 - masked_rmse : 14.709761619567871
2025-02-21 02:07:58,762 - masked_mre : 0.21502865850925446
2025-02-21 02:07:58,763 - Evaluate on metrla_speed_block_imputation:
2025-02-21 02:08:04,418 - masked_mae : 23.01479148864746
2025-02-21 02:08:04,419 - masked_rmse : 28.172576904296875
2025-02-21 02:08:04,421 - masked_mre : 0.5487139821052551
2025-02-21 02:08:52,448 - [Epoch 12] Pretrain Loss: 23.7191
2025-02-21 02:08:52,449 - ************************************************************   Forecasting Task   ************************************************************
2025-02-21 02:08:52,449 - Evaluate on pems03_flow_short_term_forecasting:
2025-02-21 02:09:05,957 - masked_mae : 22.651174545288086
2025-02-21 02:09:05,977 - masked_rmse : 37.8937873840332
2025-02-21 02:09:06,016 - masked_mape : 0.20109660923480988
2025-02-21 02:09:06,016 - Evaluate on pems03_flow_long_term_forecasting:
2025-02-21 02:09:26,988 - masked_mae : 18.240135192871094
2025-02-21 02:09:27,059 - masked_rmse : 29.979293823242188
2025-02-21 02:09:27,195 - masked_mape : 0.19137054681777954
2025-02-21 02:09:27,195 - Evaluate on pems04_flow_short_term_forecasting:
2025-02-21 02:09:37,848 - masked_mae : 24.040937423706055
2025-02-21 02:09:37,862 - masked_rmse : 43.072505950927734
2025-02-21 02:09:37,887 - masked_mape : 0.18527305126190186
2025-02-21 02:09:37,887 - Evaluate on pems04_flow_long_term_forecasting:
2025-02-21 02:09:53,321 - masked_mae : 22.002958297729492
2025-02-21 02:09:53,368 - masked_rmse : 38.25135803222656
2025-02-21 02:09:53,457 - masked_mape : 0.1896161288022995
2025-02-21 02:09:53,457 - Evaluate on pems07_flow_short_term_forecasting:
2025-02-21 02:10:19,299 - masked_mae : 34.07217788696289
2025-02-21 02:10:19,348 - masked_rmse : 51.9097785949707
2025-02-21 02:10:19,442 - masked_mape : 0.16714636981487274
2025-02-21 02:10:19,442 - Evaluate on pems07_flow_long_term_forecasting:
2025-02-21 02:11:03,951 - masked_mae : 31.67401123046875
2025-02-21 02:11:04,126 - masked_rmse : 47.509151458740234
2025-02-21 02:11:04,462 - masked_mape : 0.16872435808181763
2025-02-21 02:11:04,463 - Evaluate on pems08_flow_short_term_forecasting:
2025-02-21 02:11:13,506 - masked_mae : 17.57045555114746
2025-02-21 02:11:13,516 - masked_rmse : 32.5809440612793
2025-02-21 02:11:13,534 - masked_mape : 0.20173698663711548
2025-02-21 02:11:13,534 - Evaluate on pems08_flow_long_term_forecasting:
2025-02-21 02:11:25,961 - masked_mae : 14.501452445983887
2025-02-21 02:11:25,995 - masked_rmse : 26.980684280395508
2025-02-21 02:11:26,058 - masked_mape : 0.18623995780944824
2025-02-21 02:11:26,058 - Evaluate on occpairs_occupancy_short_term_forecasting:
2025-02-21 02:11:41,460 - masked_mae : 1.0587538480758667
2025-02-21 02:11:41,484 - masked_rmse : 2.6578891277313232
2025-02-21 02:11:41,531 - masked_mape : 0.1646600216627121
2025-02-21 02:11:41,531 - Evaluate on occpairs_occupancy_long_term_forecasting:
2025-02-21 02:12:06,138 - masked_mae : 1.1121158599853516
2025-02-21 02:12:06,225 - masked_rmse : 2.5095937252044678
2025-02-21 02:12:06,392 - masked_mape : 0.19057679176330566
2025-02-21 02:12:06,393 - Evaluate on occhamburg_occupancy_short_term_forecasting:
2025-02-21 02:12:18,029 - masked_mae : 6.410539627075195
2025-02-21 02:12:18,045 - masked_rmse : 11.208996772766113
2025-02-21 02:12:18,075 - masked_mape : 0.5793368816375732
2025-02-21 02:12:18,075 - Evaluate on occhamburg_occupancy_long_term_forecasting:
2025-02-21 02:12:35,360 - masked_mae : 5.744312286376953
2025-02-21 02:12:35,416 - masked_rmse : 9.892603874206543
2025-02-21 02:12:35,521 - masked_mape : 0.5127806663513184
2025-02-21 02:12:35,521 - Evaluate on pemsbay_speed_short_term_forecasting:
2025-02-21 02:12:57,141 - masked_mae : 2.050668716430664
2025-02-21 02:12:57,180 - masked_rmse : 4.504441738128662
2025-02-21 02:12:57,254 - masked_mape : 0.05615374818444252
2025-02-21 02:12:57,255 - Evaluate on pemsbay_speed_long_term_forecasting:
2025-02-21 02:13:33,583 - masked_mae : 2.8140170574188232
2025-02-21 02:13:33,723 - masked_rmse : 5.9705047607421875
2025-02-21 02:13:33,991 - masked_mape : 0.0764274075627327
2025-02-21 02:13:33,991 - Evaluate on metrla_speed_short_term_forecasting:
2025-02-21 02:13:46,452 - masked_mae : 4.5772576332092285
2025-02-21 02:13:46,469 - masked_rmse : 9.329588890075684
2025-02-21 02:13:46,503 - masked_mape : 0.12582595646381378
2025-02-21 02:13:46,503 - Evaluate on metrla_speed_long_term_forecasting:
2025-02-21 02:14:05,484 - masked_mae : 5.782058238983154
2025-02-21 02:14:05,547 - masked_rmse : 11.002739906311035
2025-02-21 02:14:05,666 - masked_mape : 0.16025951504707336
2025-02-21 02:14:05,666 - Evaluate on trafficsh_speed_short_term_forecasting:
2025-02-21 02:14:17,125 - masked_mae : 0.6562159657478333
2025-02-21 02:14:17,141 - masked_rmse : 0.9814567565917969
2025-02-21 02:14:17,170 - masked_mape : 0.06954672187566757
2025-02-21 02:14:17,170 - Evaluate on trafficsh_speed_long_term_forecasting:
2025-02-21 02:14:33,963 - masked_mae : 0.6606753468513489
2025-02-21 02:14:34,016 - masked_rmse : 0.9909784197807312
2025-02-21 02:14:34,117 - masked_mape : 0.07851311564445496
2025-02-21 02:14:34,117 - Evaluate on bikenyc_inflow_short_term_forecasting:
2025-02-21 02:14:43,061 - masked_mae : 1.2266249656677246
2025-02-21 02:14:43,071 - masked_rmse : 4.276411533355713
2025-02-21 02:14:43,088 - masked_mape : 0.38613805174827576
2025-02-21 02:14:43,089 - Evaluate on bikenyc_inflow_long_term_forecasting:
2025-02-21 02:14:55,252 - masked_mae : 1.267790675163269
2025-02-21 02:14:55,284 - masked_rmse : 4.1684041023254395
2025-02-21 02:14:55,345 - masked_mape : 0.39919641613960266
2025-02-21 02:14:55,346 - Evaluate on taxinyc_inflow_short_term_forecasting:
2025-02-21 02:15:04,300 - masked_mae : 8.099668502807617
2025-02-21 02:15:04,309 - masked_rmse : 25.681196212768555
2025-02-21 02:15:04,327 - masked_mape : 0.43874800205230713
2025-02-21 02:15:04,327 - Evaluate on taxinyc_inflow_long_term_forecasting:
2025-02-21 02:15:16,546 - masked_mae : 6.7029900550842285
2025-02-21 02:15:16,578 - masked_rmse : 19.921316146850586
2025-02-21 02:15:16,639 - masked_mape : 0.6059936881065369
2025-02-21 02:15:16,640 - Evaluate on tdrive_inflow_short_term_forecasting:
2025-02-21 02:15:47,530 - masked_mae : 26.759450912475586
2025-02-21 02:15:47,590 - masked_rmse : 60.22102737426758
2025-02-21 02:15:47,706 - masked_mape : 0.3291306793689728
2025-02-21 02:15:47,707 - Evaluate on tdrive_inflow_long_term_forecasting:
2025-02-21 02:16:41,808 - masked_mae : 18.232254028320312
2025-02-21 02:16:42,026 - masked_rmse : 35.25571823120117
2025-02-21 02:16:42,443 - masked_mape : 0.36813780665397644
2025-02-21 02:16:42,444 - ************************************************************   Imputation Task   ************************************************************
2025-02-21 02:16:42,444 - Evaluate on pems03_flow_point_imputation:
2025-02-21 02:16:48,171 - masked_mae : 48.90940475463867
2025-02-21 02:16:48,181 - masked_rmse : 67.45184326171875
2025-02-21 02:16:48,186 - masked_mre : 0.3021228313446045
2025-02-21 02:16:48,186 - Evaluate on pems03_flow_block_imputation:
2025-02-21 02:16:53,859 - masked_mae : 70.9527816772461
2025-02-21 02:16:53,860 - masked_rmse : 89.90018463134766
2025-02-21 02:16:53,862 - masked_mre : 0.4392017722129822
2025-02-21 02:16:53,869 - Evaluate on pems04_flow_point_imputation:
2025-02-21 02:16:59,438 - masked_mae : 50.301856994628906
2025-02-21 02:16:59,439 - masked_rmse : 74.87833404541016
2025-02-21 02:16:59,441 - masked_mre : 0.2846304774284363
2025-02-21 02:16:59,441 - Evaluate on pems04_flow_block_imputation:
2025-02-21 02:17:05,011 - masked_mae : 77.62757873535156
2025-02-21 02:17:05,012 - masked_rmse : 104.90019989013672
2025-02-21 02:17:05,014 - masked_mre : 0.44296935200691223
2025-02-21 02:17:05,014 - Evaluate on pems07_flow_point_imputation:
2025-02-21 02:17:11,304 - masked_mae : 73.7871322631836
2025-02-21 02:17:11,322 - masked_rmse : 97.8499755859375
2025-02-21 02:17:11,352 - masked_mre : 0.2391657531261444
2025-02-21 02:17:11,359 - Evaluate on pems07_flow_block_imputation:
2025-02-21 02:17:17,618 - masked_mae : 139.94515991210938
2025-02-21 02:17:17,623 - masked_rmse : 161.6222381591797
2025-02-21 02:17:17,634 - masked_mre : 0.4552714228630066
2025-02-21 02:17:17,635 - Evaluate on pems08_flow_point_imputation:
2025-02-21 02:17:23,107 - masked_mae : 37.652137756347656
2025-02-21 02:17:23,108 - masked_rmse : 60.6262321472168
2025-02-21 02:17:23,109 - masked_mre : 0.24490070343017578
2025-02-21 02:17:23,110 - Evaluate on pems08_flow_block_imputation:
2025-02-21 02:17:28,636 - masked_mae : 68.11734008789062
2025-02-21 02:17:28,637 - masked_rmse : 95.90889739990234
2025-02-21 02:17:28,638 - masked_mre : 0.44353029131889343
2025-02-21 02:17:28,638 - Evaluate on pemsbay_speed_point_imputation:
2025-02-21 02:17:34,755 - masked_mae : 8.195512771606445
2025-02-21 02:17:34,757 - masked_rmse : 11.910165786743164
2025-02-21 02:17:34,767 - masked_mre : 0.15489943325519562
2025-02-21 02:17:34,767 - Evaluate on pemsbay_speed_block_imputation:
2025-02-21 02:17:40,878 - masked_mae : 28.013195037841797
2025-02-21 02:17:40,892 - masked_rmse : 31.1829833984375
2025-02-21 02:17:40,905 - masked_mre : 0.5298214554786682
2025-02-21 02:17:40,905 - Evaluate on metrla_speed_point_imputation:
2025-02-21 02:17:46,552 - masked_mae : 9.431955337524414
2025-02-21 02:17:46,553 - masked_rmse : 14.68750286102295
2025-02-21 02:17:46,555 - masked_mre : 0.2130609005689621
2025-02-21 02:17:46,555 - Evaluate on metrla_speed_block_imputation:
2025-02-21 02:17:52,198 - masked_mae : 22.305776596069336
2025-02-21 02:17:52,200 - masked_rmse : 27.40145492553711
2025-02-21 02:17:52,202 - masked_mre : 0.5319675207138062
2025-02-21 02:18:40,273 - [Epoch 13] Pretrain Loss: 23.5774
2025-02-21 02:18:40,274 - ************************************************************   Forecasting Task   ************************************************************
2025-02-21 02:18:40,274 - Evaluate on pems03_flow_short_term_forecasting:
2025-02-21 02:18:53,825 - masked_mae : 21.50029182434082
2025-02-21 02:18:53,845 - masked_rmse : 35.971405029296875
2025-02-21 02:18:53,883 - masked_mape : 0.19286666810512543
2025-02-21 02:18:53,884 - Evaluate on pems03_flow_long_term_forecasting:
2025-02-21 02:19:14,790 - masked_mae : 18.157766342163086
2025-02-21 02:19:14,862 - masked_rmse : 29.642654418945312
2025-02-21 02:19:14,998 - masked_mape : 0.18790823221206665
2025-02-21 02:19:14,998 - Evaluate on pems04_flow_short_term_forecasting:
2025-02-21 02:19:25,636 - masked_mae : 22.961278915405273
2025-02-21 02:19:25,650 - masked_rmse : 41.1269645690918
2025-02-21 02:19:25,675 - masked_mape : 0.17807625234127045
2025-02-21 02:19:25,675 - Evaluate on pems04_flow_long_term_forecasting:
2025-02-21 02:19:41,124 - masked_mae : 21.788148880004883
2025-02-21 02:19:41,171 - masked_rmse : 37.729591369628906
2025-02-21 02:19:41,260 - masked_mape : 0.1824263334274292
2025-02-21 02:19:41,260 - Evaluate on pems07_flow_short_term_forecasting:
2025-02-21 02:20:07,097 - masked_mae : 32.43538284301758
2025-02-21 02:20:07,146 - masked_rmse : 49.44609451293945
2025-02-21 02:20:07,240 - masked_mape : 0.1602630317211151
2025-02-21 02:20:07,240 - Evaluate on pems07_flow_long_term_forecasting:
2025-02-21 02:20:51,762 - masked_mae : 31.32868003845215
2025-02-21 02:20:51,937 - masked_rmse : 46.90000915527344
2025-02-21 02:20:52,273 - masked_mape : 0.1601283997297287
2025-02-21 02:20:52,274 - Evaluate on pems08_flow_short_term_forecasting:
2025-02-21 02:21:01,321 - masked_mae : 16.630769729614258
2025-02-21 02:21:01,330 - masked_rmse : 30.86699676513672
2025-02-21 02:21:01,349 - masked_mape : 0.1930687576532364
2025-02-21 02:21:01,349 - Evaluate on pems08_flow_long_term_forecasting:
2025-02-21 02:21:13,758 - masked_mae : 14.40323543548584
2025-02-21 02:21:13,791 - masked_rmse : 26.723312377929688
2025-02-21 02:21:13,855 - masked_mape : 0.1747412085533142
2025-02-21 02:21:13,855 - Evaluate on occpairs_occupancy_short_term_forecasting:
2025-02-21 02:21:29,246 - masked_mae : 1.016303539276123
2025-02-21 02:21:29,271 - masked_rmse : 2.5634658336639404
2025-02-21 02:21:29,317 - masked_mape : 0.15862807631492615
2025-02-21 02:21:29,318 - Evaluate on occpairs_occupancy_long_term_forecasting:
2025-02-21 02:21:53,894 - masked_mae : 1.1030243635177612
2025-02-21 02:21:53,981 - masked_rmse : 2.5057289600372314
2025-02-21 02:21:54,148 - masked_mape : 0.1860940307378769
2025-02-21 02:21:54,148 - Evaluate on occhamburg_occupancy_short_term_forecasting:
2025-02-21 02:22:05,774 - masked_mae : 6.291225910186768
2025-02-21 02:22:05,790 - masked_rmse : 10.984416007995605
2025-02-21 02:22:05,819 - masked_mape : 0.5682551264762878
2025-02-21 02:22:05,820 - Evaluate on occhamburg_occupancy_long_term_forecasting:
2025-02-21 02:22:23,084 - masked_mae : 5.770301818847656
2025-02-21 02:22:23,139 - masked_rmse : 9.931048393249512
2025-02-21 02:22:23,244 - masked_mape : 0.508707582950592
2025-02-21 02:22:23,245 - Evaluate on pemsbay_speed_short_term_forecasting:
2025-02-21 02:22:44,858 - masked_mae : 2.0152342319488525
2025-02-21 02:22:44,897 - masked_rmse : 4.461100101470947
2025-02-21 02:22:44,971 - masked_mape : 0.05519035458564758
2025-02-21 02:22:44,972 - Evaluate on pemsbay_speed_long_term_forecasting:
2025-02-21 02:23:21,366 - masked_mae : 2.8254148960113525
2025-02-21 02:23:21,505 - masked_rmse : 5.97351598739624
2025-02-21 02:23:21,773 - masked_mape : 0.07612595707178116
2025-02-21 02:23:21,774 - Evaluate on metrla_speed_short_term_forecasting:
2025-02-21 02:23:34,242 - masked_mae : 4.566894054412842
2025-02-21 02:23:34,260 - masked_rmse : 9.277348518371582
2025-02-21 02:23:34,294 - masked_mape : 0.12528981268405914
2025-02-21 02:23:34,294 - Evaluate on metrla_speed_long_term_forecasting:
2025-02-21 02:23:53,273 - masked_mae : 5.835195541381836
2025-02-21 02:23:53,335 - masked_rmse : 10.992993354797363
2025-02-21 02:23:53,455 - masked_mape : 0.1605517715215683
2025-02-21 02:23:53,455 - Evaluate on trafficsh_speed_short_term_forecasting:
2025-02-21 02:24:04,871 - masked_mae : 0.6255324482917786
2025-02-21 02:24:04,887 - masked_rmse : 0.9360365867614746
2025-02-21 02:24:04,916 - masked_mape : 0.06789226084947586
2025-02-21 02:24:04,916 - Evaluate on trafficsh_speed_long_term_forecasting:
2025-02-21 02:24:21,720 - masked_mae : 0.675563395023346
2025-02-21 02:24:21,773 - masked_rmse : 1.0020462274551392
2025-02-21 02:24:21,873 - masked_mape : 0.08153284341096878
2025-02-21 02:24:21,874 - Evaluate on bikenyc_inflow_short_term_forecasting:
2025-02-21 02:24:30,837 - masked_mae : 1.1816123723983765
2025-02-21 02:24:30,847 - masked_rmse : 4.100324630737305
2025-02-21 02:24:30,864 - masked_mape : 0.37491312623023987
2025-02-21 02:24:30,864 - Evaluate on bikenyc_inflow_long_term_forecasting:
2025-02-21 02:24:44,773 - masked_mae : 1.2540079355239868
2025-02-21 02:24:44,806 - masked_rmse : 4.201998710632324
2025-02-21 02:24:44,867 - masked_mape : 0.3874339163303375
2025-02-21 02:24:44,867 - Evaluate on taxinyc_inflow_short_term_forecasting:
2025-02-21 02:24:53,845 - masked_mae : 7.684424877166748
2025-02-21 02:24:53,855 - masked_rmse : 24.26152992248535
2025-02-21 02:24:53,872 - masked_mape : 0.42424750328063965
2025-02-21 02:24:53,873 - Evaluate on taxinyc_inflow_long_term_forecasting:
2025-02-21 02:25:06,062 - masked_mae : 6.5449538230896
2025-02-21 02:25:06,095 - masked_rmse : 20.081491470336914
2025-02-21 02:25:06,156 - masked_mape : 0.5750504732131958
2025-02-21 02:25:06,157 - Evaluate on tdrive_inflow_short_term_forecasting:
2025-02-21 02:25:37,154 - masked_mae : 24.80842399597168
2025-02-21 02:25:37,215 - masked_rmse : 55.66485595703125
2025-02-21 02:25:37,331 - masked_mape : 0.32199129462242126
2025-02-21 02:25:37,331 - Evaluate on tdrive_inflow_long_term_forecasting:
2025-02-21 02:26:31,486 - masked_mae : 17.899221420288086
2025-02-21 02:26:31,704 - masked_rmse : 34.933528900146484
2025-02-21 02:26:32,122 - masked_mape : 0.3668288290500641
2025-02-21 02:26:32,123 - ************************************************************   Imputation Task   ************************************************************
2025-02-21 02:26:32,123 - Evaluate on pems03_flow_point_imputation:
2025-02-21 02:26:37,822 - masked_mae : 49.02109146118164
2025-02-21 02:26:37,832 - masked_rmse : 67.40901947021484
2025-02-21 02:26:37,836 - masked_mre : 0.3028678596019745
2025-02-21 02:26:37,836 - Evaluate on pems03_flow_block_imputation:
2025-02-21 02:26:43,538 - masked_mae : 72.43950653076172
2025-02-21 02:26:43,539 - masked_rmse : 91.50715637207031
2025-02-21 02:26:43,546 - masked_mre : 0.4484822154045105
2025-02-21 02:26:43,546 - Evaluate on pems04_flow_point_imputation:
2025-02-21 02:26:49,116 - masked_mae : 49.978511810302734
2025-02-21 02:26:49,118 - masked_rmse : 74.19971466064453
2025-02-21 02:26:49,120 - masked_mre : 0.2831275463104248
2025-02-21 02:26:49,120 - Evaluate on pems04_flow_block_imputation:
2025-02-21 02:26:54,695 - masked_mae : 79.43262481689453
2025-02-21 02:26:54,696 - masked_rmse : 106.90428161621094
2025-02-21 02:26:54,697 - masked_mre : 0.45336470007896423
2025-02-21 02:26:54,697 - Evaluate on pems07_flow_point_imputation:
2025-02-21 02:27:00,958 - masked_mae : 74.09953308105469
2025-02-21 02:27:00,976 - masked_rmse : 97.4931869506836
2025-02-21 02:27:01,006 - masked_mre : 0.24057242274284363
2025-02-21 02:27:01,007 - Evaluate on pems07_flow_block_imputation:
2025-02-21 02:27:07,282 - masked_mae : 143.7644805908203
2025-02-21 02:27:07,291 - masked_rmse : 165.58261108398438
2025-02-21 02:27:07,305 - masked_mre : 0.46774062514305115
2025-02-21 02:27:07,306 - Evaluate on pems08_flow_point_imputation:
2025-02-21 02:27:12,794 - masked_mae : 37.79785919189453
2025-02-21 02:27:12,795 - masked_rmse : 60.206058502197266
2025-02-21 02:27:12,796 - masked_mre : 0.24586565792560577
2025-02-21 02:27:12,797 - Evaluate on pems08_flow_block_imputation:
2025-02-21 02:27:18,308 - masked_mae : 69.94194030761719
2025-02-21 02:27:18,309 - masked_rmse : 98.1628189086914
2025-02-21 02:27:18,311 - masked_mre : 0.45546549558639526
2025-02-21 02:27:18,311 - Evaluate on pemsbay_speed_point_imputation:
2025-02-21 02:27:24,409 - masked_mae : 8.792920112609863
2025-02-21 02:27:24,424 - masked_rmse : 12.298696517944336
2025-02-21 02:27:24,445 - masked_mre : 0.16619524359703064
2025-02-21 02:27:24,450 - Evaluate on pemsbay_speed_block_imputation:
2025-02-21 02:27:30,574 - masked_mae : 29.053529739379883
2025-02-21 02:27:30,586 - masked_rmse : 32.27915954589844
2025-02-21 02:27:30,597 - masked_mre : 0.5495005249977112
2025-02-21 02:27:30,597 - Evaluate on metrla_speed_point_imputation:
2025-02-21 02:27:36,288 - masked_mae : 9.813862800598145
2025-02-21 02:27:36,289 - masked_rmse : 14.942380905151367
2025-02-21 02:27:36,291 - masked_mre : 0.22265174984931946
2025-02-21 02:27:36,291 - Evaluate on metrla_speed_block_imputation:
2025-02-21 02:27:41,952 - masked_mae : 23.052223205566406
2025-02-21 02:27:41,953 - masked_rmse : 28.253244400024414
2025-02-21 02:27:41,955 - masked_mre : 0.5499886274337769
2025-02-21 02:28:29,991 - [Epoch 14] Pretrain Loss: 23.5221
2025-02-21 02:28:29,992 - ************************************************************   Forecasting Task   ************************************************************
2025-02-21 02:28:29,992 - Evaluate on pems03_flow_short_term_forecasting:
2025-02-21 02:28:43,670 - masked_mae : 20.355558395385742
2025-02-21 02:28:43,690 - masked_rmse : 33.82485580444336
2025-02-21 02:28:43,729 - masked_mape : 0.19183076918125153
2025-02-21 02:28:43,729 - Evaluate on pems03_flow_long_term_forecasting:
2025-02-21 02:29:04,664 - masked_mae : 17.717905044555664
2025-02-21 02:29:04,735 - masked_rmse : 29.1550235748291
2025-02-21 02:29:04,871 - masked_mape : 0.18534894287586212
2025-02-21 02:29:04,871 - Evaluate on pems04_flow_short_term_forecasting:
2025-02-21 02:29:15,518 - masked_mae : 21.920629501342773
2025-02-21 02:29:15,532 - masked_rmse : 39.03977584838867
2025-02-21 02:29:15,557 - masked_mape : 0.1754012554883957
2025-02-21 02:29:15,557 - Evaluate on pems04_flow_long_term_forecasting:
2025-02-21 02:29:31,007 - masked_mae : 21.533361434936523
2025-02-21 02:29:31,053 - masked_rmse : 37.27305221557617
2025-02-21 02:29:31,142 - masked_mape : 0.18476583063602448
2025-02-21 02:29:31,143 - Evaluate on pems07_flow_short_term_forecasting:
2025-02-21 02:29:56,972 - masked_mae : 30.91132926940918
2025-02-21 02:29:57,021 - masked_rmse : 46.98017501831055
2025-02-21 02:29:57,114 - masked_mape : 0.15829581022262573
2025-02-21 02:29:57,115 - Evaluate on pems07_flow_long_term_forecasting:
2025-02-21 02:30:41,483 - masked_mae : 31.129301071166992
2025-02-21 02:30:41,658 - masked_rmse : 46.402374267578125
2025-02-21 02:30:41,994 - masked_mape : 0.16439862549304962
2025-02-21 02:30:41,994 - Evaluate on pems08_flow_short_term_forecasting:
2025-02-21 02:30:51,095 - masked_mae : 15.77203369140625
2025-02-21 02:30:51,105 - masked_rmse : 29.109323501586914
2025-02-21 02:30:51,123 - masked_mape : 0.19050371646881104
2025-02-21 02:30:51,124 - Evaluate on pems08_flow_long_term_forecasting:
2025-02-21 02:31:03,558 - masked_mae : 14.238716125488281
2025-02-21 02:31:03,591 - masked_rmse : 26.39800453186035
2025-02-21 02:31:03,655 - masked_mape : 0.1797117441892624
2025-02-21 02:31:03,655 - Evaluate on occpairs_occupancy_short_term_forecasting:
2025-02-21 02:31:19,036 - masked_mae : 0.9694628715515137
2025-02-21 02:31:19,060 - masked_rmse : 2.446983575820923
2025-02-21 02:31:19,107 - masked_mape : 0.1531166285276413
2025-02-21 02:31:19,107 - Evaluate on occpairs_occupancy_long_term_forecasting:
2025-02-21 02:31:43,660 - masked_mae : 1.1011446714401245
2025-02-21 02:31:43,747 - masked_rmse : 2.516812562942505
2025-02-21 02:31:43,914 - masked_mape : 0.18232816457748413
2025-02-21 02:31:43,915 - Evaluate on occhamburg_occupancy_short_term_forecasting:
2025-02-21 02:31:55,495 - masked_mae : 6.155511856079102
2025-02-21 02:31:55,511 - masked_rmse : 10.749835014343262
2025-02-21 02:31:55,541 - masked_mape : 0.5568418502807617
2025-02-21 02:31:55,541 - Evaluate on occhamburg_occupancy_long_term_forecasting:
2025-02-21 02:32:12,957 - masked_mae : 5.729130268096924
2025-02-21 02:32:13,012 - masked_rmse : 9.919327735900879
2025-02-21 02:32:13,117 - masked_mape : 0.49419769644737244
2025-02-21 02:32:13,117 - Evaluate on pemsbay_speed_short_term_forecasting:
2025-02-21 02:32:34,773 - masked_mae : 1.9783636331558228
2025-02-21 02:32:34,812 - masked_rmse : 4.437648296356201
2025-02-21 02:32:34,887 - masked_mape : 0.05466517433524132
2025-02-21 02:32:34,887 - Evaluate on pemsbay_speed_long_term_forecasting:
2025-02-21 02:33:11,403 - masked_mae : 2.7825889587402344
2025-02-21 02:33:11,543 - masked_rmse : 5.949685573577881
2025-02-21 02:33:11,811 - masked_mape : 0.07565049082040787
2025-02-21 02:33:11,811 - Evaluate on metrla_speed_short_term_forecasting:
2025-02-21 02:33:24,301 - masked_mae : 4.499763011932373
2025-02-21 02:33:24,318 - masked_rmse : 9.265657424926758
2025-02-21 02:33:24,352 - masked_mape : 0.12403368949890137
2025-02-21 02:33:24,352 - Evaluate on metrla_speed_long_term_forecasting:
2025-02-21 02:33:43,294 - masked_mae : 5.763765811920166
2025-02-21 02:33:43,357 - masked_rmse : 10.9978609085083
2025-02-21 02:33:43,476 - masked_mape : 0.15948019921779633
2025-02-21 02:33:43,476 - Evaluate on trafficsh_speed_short_term_forecasting:
2025-02-21 02:33:54,880 - masked_mae : 0.6019241809844971
2025-02-21 02:33:54,895 - masked_rmse : 0.907588541507721
2025-02-21 02:33:54,924 - masked_mape : 0.06501283496618271
2025-02-21 02:33:54,925 - Evaluate on trafficsh_speed_long_term_forecasting:
2025-02-21 02:34:11,752 - masked_mae : 0.66566401720047
2025-02-21 02:34:11,805 - masked_rmse : 0.9945409297943115
2025-02-21 02:34:11,906 - masked_mape : 0.07945054769515991
2025-02-21 02:34:11,906 - Evaluate on bikenyc_inflow_short_term_forecasting:
2025-02-21 02:34:20,847 - masked_mae : 1.1114686727523804
2025-02-21 02:34:20,856 - masked_rmse : 3.8422155380249023
2025-02-21 02:34:20,874 - masked_mape : 0.36042699217796326
2025-02-21 02:34:20,874 - Evaluate on bikenyc_inflow_long_term_forecasting:
2025-02-21 02:34:33,051 - masked_mae : 1.2257755994796753
2025-02-21 02:34:33,084 - masked_rmse : 4.234541416168213
2025-02-21 02:34:33,145 - masked_mape : 0.378997802734375
2025-02-21 02:34:33,145 - Evaluate on taxinyc_inflow_short_term_forecasting:
2025-02-21 02:34:42,097 - masked_mae : 6.93051290512085
2025-02-21 02:34:42,106 - masked_rmse : 21.75754737854004
2025-02-21 02:34:42,124 - masked_mape : 0.3997305631637573
2025-02-21 02:34:42,124 - Evaluate on taxinyc_inflow_long_term_forecasting:
2025-02-21 02:34:54,348 - masked_mae : 6.348662853240967
2025-02-21 02:34:54,380 - masked_rmse : 20.389867782592773
2025-02-21 02:34:54,442 - masked_mape : 0.5141214728355408
2025-02-21 02:34:54,442 - Evaluate on tdrive_inflow_short_term_forecasting:
2025-02-21 02:35:25,308 - masked_mae : 22.09088897705078
2025-02-21 02:35:25,369 - masked_rmse : 48.55280685424805
2025-02-21 02:35:25,485 - masked_mape : 0.30682632327079773
2025-02-21 02:35:25,486 - Evaluate on tdrive_inflow_long_term_forecasting:
2025-02-21 02:36:19,682 - masked_mae : 17.90553092956543
2025-02-21 02:36:19,900 - masked_rmse : 35.677764892578125
2025-02-21 02:36:20,318 - masked_mape : 0.3228749632835388
2025-02-21 02:36:20,318 - ************************************************************   Imputation Task   ************************************************************
2025-02-21 02:36:20,319 - Evaluate on pems03_flow_point_imputation:
2025-02-21 02:36:26,025 - masked_mae : 46.10191345214844
2025-02-21 02:36:26,035 - masked_rmse : 63.96588134765625
2025-02-21 02:36:26,040 - masked_mre : 0.2849597930908203
2025-02-21 02:36:26,040 - Evaluate on pems03_flow_block_imputation:
2025-02-21 02:36:31,751 - masked_mae : 70.0903091430664
2025-02-21 02:36:31,753 - masked_rmse : 88.78355407714844
2025-02-21 02:36:31,756 - masked_mre : 0.43410536646842957
2025-02-21 02:36:31,756 - Evaluate on pems04_flow_point_imputation:
2025-02-21 02:36:37,297 - masked_mae : 47.389564514160156
2025-02-21 02:36:37,299 - masked_rmse : 71.13292694091797
2025-02-21 02:36:37,301 - masked_mre : 0.26853883266448975
2025-02-21 02:36:37,301 - Evaluate on pems04_flow_block_imputation:
2025-02-21 02:36:42,863 - masked_mae : 77.04144287109375
2025-02-21 02:36:42,864 - masked_rmse : 104.11387634277344
2025-02-21 02:36:42,865 - masked_mre : 0.4399036169052124
2025-02-21 02:36:42,866 - Evaluate on pems07_flow_point_imputation:
2025-02-21 02:36:49,106 - masked_mae : 71.22064971923828
2025-02-21 02:36:49,123 - masked_rmse : 93.9910888671875
2025-02-21 02:36:49,153 - masked_mre : 0.23124229907989502
2025-02-21 02:36:49,153 - Evaluate on pems07_flow_block_imputation:
2025-02-21 02:36:55,411 - masked_mae : 139.1073455810547
2025-02-21 02:36:55,419 - masked_rmse : 160.8646697998047
2025-02-21 02:36:55,427 - masked_mre : 0.4527354836463928
2025-02-21 02:36:55,433 - Evaluate on pems08_flow_point_imputation:
2025-02-21 02:37:00,943 - masked_mae : 36.24702072143555
2025-02-21 02:37:00,944 - masked_rmse : 58.0739860534668
2025-02-21 02:37:00,946 - masked_mre : 0.23582667112350464
2025-02-21 02:37:00,946 - Evaluate on pems08_flow_block_imputation:
2025-02-21 02:37:06,401 - masked_mae : 68.0378646850586
2025-02-21 02:37:06,402 - masked_rmse : 95.69780731201172
2025-02-21 02:37:06,403 - masked_mre : 0.44317764043807983
2025-02-21 02:37:06,403 - Evaluate on pemsbay_speed_point_imputation:
2025-02-21 02:37:12,525 - masked_mae : 8.575222969055176
2025-02-21 02:37:12,536 - masked_rmse : 12.004968643188477
2025-02-21 02:37:12,558 - masked_mre : 0.16207830607891083
2025-02-21 02:37:12,562 - Evaluate on pemsbay_speed_block_imputation:
2025-02-21 02:37:18,644 - masked_mae : 27.970256805419922
2025-02-21 02:37:18,656 - masked_rmse : 31.112899780273438
2025-02-21 02:37:18,668 - masked_mre : 0.529009222984314
2025-02-21 02:37:18,668 - Evaluate on metrla_speed_point_imputation:
2025-02-21 02:37:24,363 - masked_mae : 9.669146537780762
2025-02-21 02:37:24,364 - masked_rmse : 14.752827644348145
2025-02-21 02:37:24,366 - masked_mre : 0.21876800060272217
2025-02-21 02:37:24,366 - Evaluate on metrla_speed_block_imputation:
2025-02-21 02:37:29,990 - masked_mae : 22.22989845275879
2025-02-21 02:37:29,992 - masked_rmse : 27.32613182067871
2025-02-21 02:37:29,994 - masked_mre : 0.5308688879013062
2025-02-21 02:38:18,048 - [Epoch 15] Pretrain Loss: 23.2785
2025-02-21 02:38:18,049 - ************************************************************   Forecasting Task   ************************************************************
2025-02-21 02:38:18,049 - Evaluate on pems03_flow_short_term_forecasting:
2025-02-21 02:38:31,594 - masked_mae : 21.350439071655273
2025-02-21 02:38:31,614 - masked_rmse : 35.70393753051758
2025-02-21 02:38:31,652 - masked_mape : 0.19544340670108795
2025-02-21 02:38:31,652 - Evaluate on pems03_flow_long_term_forecasting:
2025-02-21 02:38:52,583 - masked_mae : 17.672813415527344
2025-02-21 02:38:52,654 - masked_rmse : 29.073495864868164
2025-02-21 02:38:52,790 - masked_mape : 0.18479953706264496
2025-02-21 02:38:52,790 - Evaluate on pems04_flow_short_term_forecasting:
2025-02-21 02:39:03,376 - masked_mae : 22.75868034362793
2025-02-21 02:39:03,390 - masked_rmse : 40.78327560424805
2025-02-21 02:39:03,415 - masked_mape : 0.17948658764362335
2025-02-21 02:39:03,415 - Evaluate on pems04_flow_long_term_forecasting:
2025-02-21 02:39:18,833 - masked_mae : 21.48149871826172
2025-02-21 02:39:18,880 - masked_rmse : 37.24720764160156
2025-02-21 02:39:18,969 - masked_mape : 0.1846574991941452
2025-02-21 02:39:18,969 - Evaluate on pems07_flow_short_term_forecasting:
2025-02-21 02:39:44,897 - masked_mae : 32.06815719604492
2025-02-21 02:39:44,946 - masked_rmse : 49.00416564941406
2025-02-21 02:39:45,040 - masked_mape : 0.1595221608877182
2025-02-21 02:39:45,040 - Evaluate on pems07_flow_long_term_forecasting:
2025-02-21 02:40:29,546 - masked_mae : 30.9163875579834
2025-02-21 02:40:29,721 - masked_rmse : 46.23077392578125
2025-02-21 02:40:30,057 - masked_mape : 0.1621003895998001
2025-02-21 02:40:30,058 - Evaluate on pems08_flow_short_term_forecasting:
2025-02-21 02:40:39,078 - masked_mae : 16.464502334594727
2025-02-21 02:40:39,088 - masked_rmse : 30.63840675354004
2025-02-21 02:40:39,106 - masked_mape : 0.18991972506046295
2025-02-21 02:40:39,106 - Evaluate on pems08_flow_long_term_forecasting:
2025-02-21 02:40:51,527 - masked_mae : 14.112874031066895
2025-02-21 02:40:51,561 - masked_rmse : 26.302406311035156
2025-02-21 02:40:51,624 - masked_mape : 0.1765146702528
2025-02-21 02:40:51,624 - Evaluate on occpairs_occupancy_short_term_forecasting:
2025-02-21 02:41:07,082 - masked_mae : 0.9978079199790955
2025-02-21 02:41:07,107 - masked_rmse : 2.5126469135284424
2025-02-21 02:41:07,154 - masked_mape : 0.15698875486850739
2025-02-21 02:41:07,154 - Evaluate on occpairs_occupancy_long_term_forecasting:
2025-02-21 02:41:31,638 - masked_mae : 1.08892822265625
2025-02-21 02:41:31,725 - masked_rmse : 2.4883108139038086
2025-02-21 02:41:31,892 - masked_mape : 0.18167181313037872
2025-02-21 02:41:31,893 - Evaluate on occhamburg_occupancy_short_term_forecasting:
2025-02-21 02:41:43,525 - masked_mae : 6.262582778930664
2025-02-21 02:41:43,541 - masked_rmse : 10.954925537109375
2025-02-21 02:41:43,571 - masked_mape : 0.5645526051521301
2025-02-21 02:41:43,571 - Evaluate on occhamburg_occupancy_long_term_forecasting:
2025-02-21 02:42:00,865 - masked_mae : 5.711328983306885
2025-02-21 02:42:00,920 - masked_rmse : 9.893986701965332
2025-02-21 02:42:01,025 - masked_mape : 0.49467727541923523
2025-02-21 02:42:01,025 - Evaluate on pemsbay_speed_short_term_forecasting:
2025-02-21 02:42:22,665 - masked_mae : 2.003257989883423
2025-02-21 02:42:22,704 - masked_rmse : 4.4550604820251465
2025-02-21 02:42:22,779 - masked_mape : 0.05492624267935753
2025-02-21 02:42:22,780 - Evaluate on pemsbay_speed_long_term_forecasting:
2025-02-21 02:42:59,087 - masked_mae : 2.782128095626831
2025-02-21 02:42:59,227 - masked_rmse : 5.9517974853515625
2025-02-21 02:42:59,495 - masked_mape : 0.07548325508832932
2025-02-21 02:42:59,495 - Evaluate on metrla_speed_short_term_forecasting:
2025-02-21 02:43:11,976 - masked_mae : 4.521703243255615
2025-02-21 02:43:11,994 - masked_rmse : 9.268441200256348
2025-02-21 02:43:12,028 - masked_mape : 0.12410379201173782
2025-02-21 02:43:12,028 - Evaluate on metrla_speed_long_term_forecasting:
2025-02-21 02:43:30,958 - masked_mae : 5.751338958740234
2025-02-21 02:43:31,020 - masked_rmse : 10.970634460449219
2025-02-21 02:43:31,140 - masked_mape : 0.15882934629917145
2025-02-21 02:43:31,140 - Evaluate on trafficsh_speed_short_term_forecasting:
2025-02-21 02:43:42,547 - masked_mae : 0.6184079051017761
2025-02-21 02:43:42,563 - masked_rmse : 0.92867511510849
2025-02-21 02:43:42,592 - masked_mape : 0.06733383983373642
2025-02-21 02:43:42,592 - Evaluate on trafficsh_speed_long_term_forecasting:
2025-02-21 02:44:01,055 - masked_mae : 0.649440348148346
2025-02-21 02:44:01,108 - masked_rmse : 0.9771149754524231
2025-02-21 02:44:01,209 - masked_mape : 0.07840002328157425
2025-02-21 02:44:01,209 - Evaluate on bikenyc_inflow_short_term_forecasting:
2025-02-21 02:44:10,149 - masked_mae : 1.1444450616836548
2025-02-21 02:44:10,159 - masked_rmse : 3.9518795013427734
2025-02-21 02:44:10,177 - masked_mape : 0.36370643973350525
2025-02-21 02:44:10,177 - Evaluate on bikenyc_inflow_long_term_forecasting:
2025-02-21 02:44:22,417 - masked_mae : 1.2028040885925293
2025-02-21 02:44:22,449 - masked_rmse : 4.098264217376709
2025-02-21 02:44:22,511 - masked_mape : 0.3801058530807495
2025-02-21 02:44:22,511 - Evaluate on taxinyc_inflow_short_term_forecasting:
2025-02-21 02:44:31,430 - masked_mae : 7.379928112030029
2025-02-21 02:44:31,440 - masked_rmse : 23.177968978881836
2025-02-21 02:44:31,458 - masked_mape : 0.41182956099510193
2025-02-21 02:44:31,458 - Evaluate on taxinyc_inflow_long_term_forecasting:
2025-02-21 02:44:43,637 - masked_mae : 6.188838958740234
2025-02-21 02:44:43,669 - masked_rmse : 19.683557510375977
2025-02-21 02:44:43,731 - masked_mape : 0.5094513893127441
2025-02-21 02:44:43,731 - Evaluate on tdrive_inflow_short_term_forecasting:
2025-02-21 02:45:14,629 - masked_mae : 23.958763122558594
2025-02-21 02:45:14,690 - masked_rmse : 53.15879821777344
2025-02-21 02:45:14,806 - masked_mape : 0.34325265884399414
2025-02-21 02:45:14,806 - Evaluate on tdrive_inflow_long_term_forecasting:
2025-02-21 02:46:08,931 - masked_mae : 17.336877822875977
2025-02-21 02:46:09,149 - masked_rmse : 34.23225784301758
2025-02-21 02:46:09,567 - masked_mape : 0.31782761216163635
2025-02-21 02:46:09,567 - ************************************************************   Imputation Task   ************************************************************
2025-02-21 02:46:09,567 - Evaluate on pems03_flow_point_imputation:
2025-02-21 02:46:15,292 - masked_mae : 45.38127517700195
2025-02-21 02:46:15,302 - masked_rmse : 63.31499099731445
2025-02-21 02:46:15,306 - masked_mre : 0.28053873777389526
2025-02-21 02:46:15,307 - Evaluate on pems03_flow_block_imputation:
2025-02-21 02:46:21,014 - masked_mae : 67.43689727783203
2025-02-21 02:46:21,015 - masked_rmse : 85.9209213256836
2025-02-21 02:46:21,017 - masked_mre : 0.41766056418418884
2025-02-21 02:46:21,017 - Evaluate on pems04_flow_point_imputation:
2025-02-21 02:46:26,581 - masked_mae : 46.94666290283203
2025-02-21 02:46:26,583 - masked_rmse : 70.80693054199219
2025-02-21 02:46:26,585 - masked_mre : 0.266193687915802
2025-02-21 02:46:26,585 - Evaluate on pems04_flow_block_imputation:
2025-02-21 02:46:32,165 - masked_mae : 74.54362487792969
2025-02-21 02:46:32,166 - masked_rmse : 101.30517578125
2025-02-21 02:46:32,168 - masked_mre : 0.42560869455337524
2025-02-21 02:46:32,168 - Evaluate on pems07_flow_point_imputation:
2025-02-21 02:46:38,424 - masked_mae : 69.74392700195312
2025-02-21 02:46:38,444 - masked_rmse : 92.59721374511719
2025-02-21 02:46:38,470 - masked_mre : 0.22663506865501404
2025-02-21 02:46:38,470 - Evaluate on pems07_flow_block_imputation:
2025-02-21 02:46:44,745 - masked_mae : 133.7134246826172
2025-02-21 02:46:44,749 - masked_rmse : 155.22991943359375
2025-02-21 02:46:44,758 - masked_mre : 0.4351692795753479
2025-02-21 02:46:44,759 - Evaluate on pems08_flow_point_imputation:
2025-02-21 02:46:50,241 - masked_mae : 35.36859130859375
2025-02-21 02:46:50,242 - masked_rmse : 57.048736572265625
2025-02-21 02:46:50,243 - masked_mre : 0.2301155924797058
2025-02-21 02:46:50,244 - Evaluate on pems08_flow_block_imputation:
2025-02-21 02:46:55,741 - masked_mae : 65.25941467285156
2025-02-21 02:46:55,742 - masked_rmse : 92.23585510253906
2025-02-21 02:46:55,743 - masked_mre : 0.42507871985435486
2025-02-21 02:46:55,743 - Evaluate on pemsbay_speed_point_imputation:
2025-02-21 02:47:01,847 - masked_mae : 8.392560005187988
2025-02-21 02:47:01,862 - masked_rmse : 11.83578872680664
2025-02-21 02:47:01,884 - masked_mre : 0.15862412750720978
2025-02-21 02:47:01,884 - Evaluate on pemsbay_speed_block_imputation:
2025-02-21 02:47:07,961 - masked_mae : 27.142616271972656
2025-02-21 02:47:07,972 - masked_rmse : 30.26154899597168
2025-02-21 02:47:07,986 - masked_mre : 0.5133541822433472
2025-02-21 02:47:07,989 - Evaluate on metrla_speed_point_imputation:
2025-02-21 02:47:13,657 - masked_mae : 9.487348556518555
2025-02-21 02:47:13,657 - masked_rmse : 14.67387580871582
2025-02-21 02:47:13,659 - masked_mre : 0.21388834714889526
2025-02-21 02:47:13,659 - Evaluate on metrla_speed_block_imputation:
2025-02-21 02:47:19,290 - masked_mae : 21.515974044799805
2025-02-21 02:47:19,291 - masked_rmse : 26.57443618774414
2025-02-21 02:47:19,293 - masked_mre : 0.5133373141288757
2025-02-21 02:48:07,422 - [Epoch 16] Pretrain Loss: 23.3698
2025-02-21 02:48:07,423 - ************************************************************   Forecasting Task   ************************************************************
2025-02-21 02:48:07,423 - Evaluate on pems03_flow_short_term_forecasting:
2025-02-21 02:48:20,935 - masked_mae : 23.060562133789062
2025-02-21 02:48:20,955 - masked_rmse : 38.43672180175781
2025-02-21 02:48:20,994 - masked_mape : 0.20176486670970917
2025-02-21 02:48:20,994 - Evaluate on pems03_flow_long_term_forecasting:
2025-02-21 02:48:41,856 - masked_mae : 18.26017189025879
2025-02-21 02:48:41,927 - masked_rmse : 29.669694900512695
2025-02-21 02:48:42,063 - masked_mape : 0.19870340824127197
2025-02-21 02:48:42,063 - Evaluate on pems04_flow_short_term_forecasting:
2025-02-21 02:48:52,723 - masked_mae : 24.332792282104492
2025-02-21 02:48:52,736 - masked_rmse : 43.48715591430664
2025-02-21 02:48:52,762 - masked_mape : 0.18898837268352509
2025-02-21 02:48:52,762 - Evaluate on pems04_flow_long_term_forecasting:
2025-02-21 02:49:08,192 - masked_mae : 21.87801170349121
2025-02-21 02:49:08,239 - masked_rmse : 37.674190521240234
2025-02-21 02:49:08,328 - masked_mape : 0.1963837891817093
2025-02-21 02:49:08,328 - Evaluate on pems07_flow_short_term_forecasting:
2025-02-21 02:49:34,198 - masked_mae : 33.99271774291992
2025-02-21 02:49:34,247 - masked_rmse : 51.8897590637207
2025-02-21 02:49:34,341 - masked_mape : 0.16143347322940826
2025-02-21 02:49:34,341 - Evaluate on pems07_flow_long_term_forecasting:
2025-02-21 02:50:18,711 - masked_mae : 31.356002807617188
2025-02-21 02:50:18,886 - masked_rmse : 46.5130729675293
2025-02-21 02:50:19,222 - masked_mape : 0.17352116107940674
2025-02-21 02:50:19,223 - Evaluate on pems08_flow_short_term_forecasting:
2025-02-21 02:50:28,283 - masked_mae : 17.48058319091797
2025-02-21 02:50:28,293 - masked_rmse : 32.58824157714844
2025-02-21 02:50:28,312 - masked_mape : 0.1803802251815796
2025-02-21 02:50:28,312 - Evaluate on pems08_flow_long_term_forecasting:
2025-02-21 02:50:40,741 - masked_mae : 14.410311698913574
2025-02-21 02:50:40,774 - masked_rmse : 26.640825271606445
2025-02-21 02:50:40,838 - masked_mape : 0.18584974110126495
2025-02-21 02:50:40,838 - Evaluate on occpairs_occupancy_short_term_forecasting:
2025-02-21 02:50:56,276 - masked_mae : 1.0787767171859741
2025-02-21 02:50:56,301 - masked_rmse : 2.6905479431152344
2025-02-21 02:50:56,348 - masked_mape : 0.17066283524036407
2025-02-21 02:50:56,348 - Evaluate on occpairs_occupancy_long_term_forecasting:
2025-02-21 02:51:20,922 - masked_mae : 1.1038174629211426
2025-02-21 02:51:21,010 - masked_rmse : 2.498868942260742
2025-02-21 02:51:21,176 - masked_mape : 0.19386450946331024
2025-02-21 02:51:21,177 - Evaluate on occhamburg_occupancy_short_term_forecasting:
2025-02-21 02:51:32,818 - masked_mae : 6.474803924560547
2025-02-21 02:51:32,834 - masked_rmse : 11.373482704162598
2025-02-21 02:51:32,864 - masked_mape : 0.5842635035514832
2025-02-21 02:51:32,864 - Evaluate on occhamburg_occupancy_long_term_forecasting:
2025-02-21 02:51:50,181 - masked_mae : 5.686492919921875
2025-02-21 02:51:50,236 - masked_rmse : 9.830794334411621
2025-02-21 02:51:50,342 - masked_mape : 0.510075032711029
2025-02-21 02:51:50,342 - Evaluate on pemsbay_speed_short_term_forecasting:
2025-02-21 02:52:12,011 - masked_mae : 2.0205636024475098
2025-02-21 02:52:12,050 - masked_rmse : 4.5251007080078125
2025-02-21 02:52:12,124 - masked_mape : 0.055068809539079666
2025-02-21 02:52:12,125 - Evaluate on pemsbay_speed_long_term_forecasting:
2025-02-21 02:52:48,612 - masked_mae : 2.741129159927368
2025-02-21 02:52:48,752 - masked_rmse : 6.001405239105225
2025-02-21 02:52:49,020 - masked_mape : 0.0750880315899849
2025-02-21 02:52:49,020 - Evaluate on metrla_speed_short_term_forecasting:
2025-02-21 02:53:01,505 - masked_mae : 4.525118350982666
2025-02-21 02:53:01,523 - masked_rmse : 9.431682586669922
2025-02-21 02:53:01,557 - masked_mape : 0.12358175963163376
2025-02-21 02:53:01,557 - Evaluate on metrla_speed_long_term_forecasting:
2025-02-21 02:53:20,546 - masked_mae : 5.712876796722412
2025-02-21 02:53:20,608 - masked_rmse : 11.142696380615234
2025-02-21 02:53:20,728 - masked_mape : 0.15811248123645782
2025-02-21 02:53:20,728 - Evaluate on trafficsh_speed_short_term_forecasting:
2025-02-21 02:53:32,166 - masked_mae : 0.6062057614326477
2025-02-21 02:53:32,181 - masked_rmse : 0.9331900477409363
2025-02-21 02:53:32,210 - masked_mape : 0.06869207322597504
2025-02-21 02:53:32,211 - Evaluate on trafficsh_speed_long_term_forecasting:
2025-02-21 02:53:49,013 - masked_mae : 0.6068796515464783
2025-02-21 02:53:49,066 - masked_rmse : 0.9473881125450134
2025-02-21 02:53:49,167 - masked_mape : 0.07567042857408524
2025-02-21 02:53:49,167 - Evaluate on bikenyc_inflow_short_term_forecasting:
2025-02-21 02:53:58,113 - masked_mae : 1.2798181772232056
2025-02-21 02:53:58,123 - masked_rmse : 4.302868366241455
2025-02-21 02:53:58,141 - masked_mape : 0.37923476099967957
2025-02-21 02:53:58,141 - Evaluate on bikenyc_inflow_long_term_forecasting:
2025-02-21 02:54:10,346 - masked_mae : 1.2282606363296509
2025-02-21 02:54:10,378 - masked_rmse : 4.110696792602539
2025-02-21 02:54:10,440 - masked_mape : 0.3981817662715912
2025-02-21 02:54:10,440 - Evaluate on taxinyc_inflow_short_term_forecasting:
2025-02-21 02:54:19,400 - masked_mae : 8.861397743225098
2025-02-21 02:54:19,410 - masked_rmse : 26.275657653808594
2025-02-21 02:54:19,428 - masked_mape : 0.5946866869926453
2025-02-21 02:54:19,428 - Evaluate on taxinyc_inflow_long_term_forecasting:
2025-02-21 02:54:31,619 - masked_mae : 6.537130355834961
2025-02-21 02:54:31,651 - masked_rmse : 19.577085494995117
2025-02-21 02:54:31,713 - masked_mape : 0.5739231705665588
2025-02-21 02:54:31,713 - Evaluate on tdrive_inflow_short_term_forecasting:
2025-02-21 02:55:02,631 - masked_mae : 27.875892639160156
2025-02-21 02:55:02,692 - masked_rmse : 61.31985092163086
2025-02-21 02:55:02,808 - masked_mape : 0.42960867285728455
2025-02-21 02:55:02,808 - Evaluate on tdrive_inflow_long_term_forecasting:
2025-02-21 02:55:57,110 - masked_mae : 18.0732479095459
2025-02-21 02:55:57,328 - masked_rmse : 35.043495178222656
2025-02-21 02:55:57,745 - masked_mape : 0.3244582414627075
2025-02-21 02:55:57,746 - ************************************************************   Imputation Task   ************************************************************
2025-02-21 02:55:57,746 - Evaluate on pems03_flow_point_imputation:
2025-02-21 02:56:03,438 - masked_mae : 43.94158935546875
2025-02-21 02:56:03,448 - masked_rmse : 62.44860076904297
2025-02-21 02:56:03,454 - masked_mre : 0.2716785669326782
2025-02-21 02:56:03,454 - Evaluate on pems03_flow_block_imputation:
2025-02-21 02:56:09,128 - masked_mae : 63.083980560302734
2025-02-21 02:56:09,129 - masked_rmse : 81.28446960449219
2025-02-21 02:56:09,131 - masked_mre : 0.3907339870929718
2025-02-21 02:56:09,136 - Evaluate on pems04_flow_point_imputation:
2025-02-21 02:56:14,701 - masked_mae : 45.80702590942383
2025-02-21 02:56:14,703 - masked_rmse : 70.51962280273438
2025-02-21 02:56:14,705 - masked_mre : 0.25955626368522644
2025-02-21 02:56:14,705 - Evaluate on pems04_flow_block_imputation:
2025-02-21 02:56:20,281 - masked_mae : 69.61658477783203
2025-02-21 02:56:20,283 - masked_rmse : 95.93132781982422
2025-02-21 02:56:20,285 - masked_mre : 0.3974035084247589
2025-02-21 02:56:20,285 - Evaluate on pems07_flow_point_imputation:
2025-02-21 02:56:26,532 - masked_mae : 67.01605987548828
2025-02-21 02:56:26,550 - masked_rmse : 90.89155578613281
2025-02-21 02:56:26,579 - masked_mre : 0.21757888793945312
2025-02-21 02:56:26,579 - Evaluate on pems07_flow_block_imputation:
2025-02-21 02:56:32,818 - masked_mae : 124.26056671142578
2025-02-21 02:56:32,822 - masked_rmse : 145.58132934570312
2025-02-21 02:56:32,834 - masked_mre : 0.4043766260147095
2025-02-21 02:56:32,834 - Evaluate on pems08_flow_point_imputation:
2025-02-21 02:56:38,324 - masked_mae : 34.043853759765625
2025-02-21 02:56:38,325 - masked_rmse : 56.174659729003906
2025-02-21 02:56:38,326 - masked_mre : 0.22147485613822937
2025-02-21 02:56:38,326 - Evaluate on pems08_flow_block_imputation:
2025-02-21 02:56:43,811 - masked_mae : 60.432518005371094
2025-02-21 02:56:43,812 - masked_rmse : 86.19071960449219
2025-02-21 02:56:43,813 - masked_mre : 0.3936173915863037
2025-02-21 02:56:43,813 - Evaluate on pemsbay_speed_point_imputation:
2025-02-21 02:56:49,911 - masked_mae : 7.803267002105713
2025-02-21 02:56:49,923 - masked_rmse : 11.363819122314453
2025-02-21 02:56:49,947 - masked_mre : 0.14748214185237885
2025-02-21 02:56:49,952 - Evaluate on pemsbay_speed_block_imputation:
2025-02-21 02:56:56,052 - masked_mae : 25.572093963623047
2025-02-21 02:56:56,063 - masked_rmse : 28.636714935302734
2025-02-21 02:56:56,074 - masked_mre : 0.4836489260196686
2025-02-21 02:56:56,074 - Evaluate on metrla_speed_point_imputation:
2025-02-21 02:57:01,709 - masked_mae : 9.10467529296875
2025-02-21 02:57:01,710 - masked_rmse : 14.53277587890625
2025-02-21 02:57:01,712 - masked_mre : 0.20352843403816223
2025-02-21 02:57:01,712 - Evaluate on metrla_speed_block_imputation:
2025-02-21 02:57:07,364 - masked_mae : 20.410457611083984
2025-02-21 02:57:07,365 - masked_rmse : 25.4183349609375
2025-02-21 02:57:07,368 - masked_mre : 0.48639658093452454
2025-02-21 02:57:55,414 - [Epoch 17] Pretrain Loss: 23.2808
2025-02-21 02:57:55,414 - ************************************************************   Forecasting Task   ************************************************************
2025-02-21 02:57:55,414 - Evaluate on pems03_flow_short_term_forecasting:
2025-02-21 02:58:08,965 - masked_mae : 22.473676681518555
2025-02-21 02:58:08,985 - masked_rmse : 37.71940231323242
2025-02-21 02:58:09,023 - masked_mape : 0.19835281372070312
2025-02-21 02:58:09,024 - Evaluate on pems03_flow_long_term_forecasting:
2025-02-21 02:58:29,939 - masked_mae : 17.684724807739258
2025-02-21 02:58:30,011 - masked_rmse : 29.003158569335938
2025-02-21 02:58:30,146 - masked_mape : 0.18465125560760498
2025-02-21 02:58:30,147 - Evaluate on pems04_flow_short_term_forecasting:
2025-02-21 02:58:40,764 - masked_mae : 23.649320602416992
2025-02-21 02:58:40,777 - masked_rmse : 42.575870513916016
2025-02-21 02:58:40,803 - masked_mape : 0.18109285831451416
2025-02-21 02:58:40,803 - Evaluate on pems04_flow_long_term_forecasting:
2025-02-21 02:58:56,214 - masked_mae : 21.37627601623535
2025-02-21 02:58:56,261 - masked_rmse : 37.149539947509766
2025-02-21 02:58:56,350 - masked_mape : 0.18276798725128174
2025-02-21 02:58:56,350 - Evaluate on pems07_flow_short_term_forecasting:
2025-02-21 02:59:22,221 - masked_mae : 33.28770065307617
2025-02-21 02:59:22,270 - masked_rmse : 50.941802978515625
2025-02-21 02:59:22,364 - masked_mape : 0.16261811554431915
2025-02-21 02:59:22,364 - Evaluate on pems07_flow_long_term_forecasting:
2025-02-21 03:00:06,884 - masked_mae : 30.83881950378418
2025-02-21 03:00:07,060 - masked_rmse : 46.06032180786133
2025-02-21 03:00:07,395 - masked_mape : 0.1652323454618454
2025-02-21 03:00:07,396 - Evaluate on pems08_flow_short_term_forecasting:
2025-02-21 03:00:16,449 - masked_mae : 17.107213973999023
2025-02-21 03:00:16,459 - masked_rmse : 32.0076904296875
2025-02-21 03:00:16,478 - masked_mape : 0.19112783670425415
2025-02-21 03:00:16,478 - Evaluate on pems08_flow_long_term_forecasting:
2025-02-21 03:00:28,885 - masked_mae : 14.099278450012207
2025-02-21 03:00:28,918 - masked_rmse : 26.28655242919922
2025-02-21 03:00:28,982 - masked_mape : 0.18153870105743408
2025-02-21 03:00:28,982 - Evaluate on occpairs_occupancy_short_term_forecasting:
2025-02-21 03:00:44,340 - masked_mae : 1.0326550006866455
2025-02-21 03:00:44,365 - masked_rmse : 2.6166815757751465
2025-02-21 03:00:44,412 - masked_mape : 0.15897636115550995
2025-02-21 03:00:44,412 - Evaluate on occpairs_occupancy_long_term_forecasting:
2025-02-21 03:01:08,970 - masked_mae : 1.0932788848876953
2025-02-21 03:01:09,058 - masked_rmse : 2.484154224395752
2025-02-21 03:01:09,224 - masked_mape : 0.1859116107225418
2025-02-21 03:01:09,225 - Evaluate on occhamburg_occupancy_short_term_forecasting:
2025-02-21 03:01:20,859 - masked_mae : 6.4127888679504395
2025-02-21 03:01:20,875 - masked_rmse : 11.25184154510498
2025-02-21 03:01:20,905 - masked_mape : 0.575386106967926
2025-02-21 03:01:20,905 - Evaluate on occhamburg_occupancy_long_term_forecasting:
2025-02-21 03:01:38,237 - masked_mae : 5.702844142913818
2025-02-21 03:01:38,292 - masked_rmse : 9.880080223083496
2025-02-21 03:01:38,397 - masked_mape : 0.49787667393684387
2025-02-21 03:01:38,397 - Evaluate on pemsbay_speed_short_term_forecasting:
2025-02-21 03:02:00,106 - masked_mae : 2.029095411300659
2025-02-21 03:02:00,145 - masked_rmse : 4.486179351806641
2025-02-21 03:02:00,220 - masked_mape : 0.05537114664912224
2025-02-21 03:02:00,221 - Evaluate on pemsbay_speed_long_term_forecasting:
2025-02-21 03:02:36,627 - masked_mae : 2.7707393169403076
2025-02-21 03:02:36,767 - masked_rmse : 5.9366230964660645
2025-02-21 03:02:37,034 - masked_mape : 0.07542067766189575
2025-02-21 03:02:37,035 - Evaluate on metrla_speed_short_term_forecasting:
2025-02-21 03:02:49,494 - masked_mae : 4.566653251647949
2025-02-21 03:02:49,512 - masked_rmse : 9.361824989318848
2025-02-21 03:02:49,545 - masked_mape : 0.12475880235433578
2025-02-21 03:02:49,546 - Evaluate on metrla_speed_long_term_forecasting:
2025-02-21 03:03:08,550 - masked_mae : 5.765991687774658
2025-02-21 03:03:08,613 - masked_rmse : 11.03253173828125
2025-02-21 03:03:08,732 - masked_mape : 0.15891167521476746
2025-02-21 03:03:08,733 - Evaluate on trafficsh_speed_short_term_forecasting:
2025-02-21 03:03:20,131 - masked_mae : 0.6349053978919983
2025-02-21 03:03:20,147 - masked_rmse : 0.9528353810310364
2025-02-21 03:03:20,176 - masked_mape : 0.06973148137331009
2025-02-21 03:03:20,176 - Evaluate on trafficsh_speed_long_term_forecasting:
2025-02-21 03:03:36,969 - masked_mae : 0.6638485193252563
2025-02-21 03:03:37,022 - masked_rmse : 0.9965670108795166
2025-02-21 03:03:37,123 - masked_mape : 0.07967676222324371
2025-02-21 03:03:37,123 - Evaluate on bikenyc_inflow_short_term_forecasting:
2025-02-21 03:03:46,059 - masked_mae : 1.1832410097122192
2025-02-21 03:03:46,069 - masked_rmse : 4.12825870513916
2025-02-21 03:03:46,087 - masked_mape : 0.3734253942966461
2025-02-21 03:03:46,087 - Evaluate on bikenyc_inflow_long_term_forecasting:
2025-02-21 03:03:58,298 - masked_mae : 1.2036858797073364
2025-02-21 03:03:58,330 - masked_rmse : 4.07079553604126
2025-02-21 03:03:58,392 - masked_mape : 0.39081764221191406
2025-02-21 03:03:58,392 - Evaluate on taxinyc_inflow_short_term_forecasting:
2025-02-21 03:04:07,332 - masked_mae : 7.7913126945495605
2025-02-21 03:04:07,342 - masked_rmse : 24.803388595581055
2025-02-21 03:04:07,360 - masked_mape : 0.39945176243782043
2025-02-21 03:04:07,360 - Evaluate on taxinyc_inflow_long_term_forecasting:
2025-02-21 03:04:19,552 - masked_mae : 6.1770100593566895
2025-02-21 03:04:19,585 - masked_rmse : 19.219032287597656
2025-02-21 03:04:19,646 - masked_mape : 0.5093698501586914
2025-02-21 03:04:19,647 - Evaluate on tdrive_inflow_short_term_forecasting:
2025-02-21 03:04:50,569 - masked_mae : 25.622236251831055
2025-02-21 03:04:50,629 - masked_rmse : 58.16276931762695
2025-02-21 03:04:50,746 - masked_mape : 0.32396799325942993
2025-02-21 03:04:50,746 - Evaluate on tdrive_inflow_long_term_forecasting:
2025-02-21 03:05:46,409 - masked_mae : 17.279817581176758
2025-02-21 03:05:46,627 - masked_rmse : 33.87388229370117
2025-02-21 03:05:47,044 - masked_mape : 0.31495401263237
2025-02-21 03:05:47,045 - ************************************************************   Imputation Task   ************************************************************
2025-02-21 03:05:47,045 - Evaluate on pems03_flow_point_imputation:
2025-02-21 03:05:52,771 - masked_mae : 43.42408752441406
2025-02-21 03:05:52,780 - masked_rmse : 61.61836624145508
2025-02-21 03:05:52,785 - masked_mre : 0.2686190903186798
2025-02-21 03:05:52,785 - Evaluate on pems03_flow_block_imputation:
2025-02-21 03:05:58,502 - masked_mae : 62.558265686035156
2025-02-21 03:05:58,503 - masked_rmse : 80.79887390136719
2025-02-21 03:05:58,505 - masked_mre : 0.3875349462032318
2025-02-21 03:05:58,506 - Evaluate on pems04_flow_point_imputation:
2025-02-21 03:06:04,082 - masked_mae : 45.59756088256836
2025-02-21 03:06:04,083 - masked_rmse : 69.80587768554688
2025-02-21 03:06:04,085 - masked_mre : 0.25877732038497925
2025-02-21 03:06:04,085 - Evaluate on pems04_flow_block_imputation:
2025-02-21 03:06:09,625 - masked_mae : 69.62004852294922
2025-02-21 03:06:09,626 - masked_rmse : 95.92657470703125
2025-02-21 03:06:09,628 - masked_mre : 0.39757469296455383
2025-02-21 03:06:09,628 - Evaluate on pems07_flow_point_imputation:
2025-02-21 03:06:15,887 - masked_mae : 67.25080108642578
2025-02-21 03:06:15,904 - masked_rmse : 90.56417846679688
2025-02-21 03:06:15,933 - masked_mre : 0.21871241927146912
2025-02-21 03:06:15,940 - Evaluate on pems07_flow_block_imputation:
2025-02-21 03:06:22,198 - masked_mae : 123.4207534790039
2025-02-21 03:06:22,202 - masked_rmse : 144.7267303466797
2025-02-21 03:06:22,213 - masked_mre : 0.401784747838974
2025-02-21 03:06:22,213 - Evaluate on pems08_flow_point_imputation:
2025-02-21 03:06:27,707 - masked_mae : 33.928016662597656
2025-02-21 03:06:27,708 - masked_rmse : 55.757442474365234
2025-02-21 03:06:27,710 - masked_mre : 0.22085930407047272
2025-02-21 03:06:27,710 - Evaluate on pems08_flow_block_imputation:
2025-02-21 03:06:33,181 - masked_mae : 59.89052963256836
2025-02-21 03:06:33,181 - masked_rmse : 85.66767883300781
2025-02-21 03:06:33,183 - masked_mre : 0.3901870846748352
2025-02-21 03:06:33,183 - Evaluate on pemsbay_speed_point_imputation:
2025-02-21 03:06:39,266 - masked_mae : 8.211008071899414
2025-02-21 03:06:39,276 - masked_rmse : 11.566813468933105
2025-02-21 03:06:39,299 - masked_mre : 0.1551898866891861
2025-02-21 03:06:39,303 - Evaluate on pemsbay_speed_block_imputation:
2025-02-21 03:06:45,411 - masked_mae : 25.43327522277832
2025-02-21 03:06:45,423 - masked_rmse : 28.468006134033203
2025-02-21 03:06:45,435 - masked_mre : 0.48102080821990967
2025-02-21 03:06:45,435 - Evaluate on metrla_speed_point_imputation:
2025-02-21 03:06:51,088 - masked_mae : 9.28729248046875
2025-02-21 03:06:51,089 - masked_rmse : 14.58676815032959
2025-02-21 03:06:51,091 - masked_mre : 0.20735777914524078
2025-02-21 03:06:51,092 - Evaluate on metrla_speed_block_imputation:
2025-02-21 03:06:56,730 - masked_mae : 20.110809326171875
2025-02-21 03:06:56,731 - masked_rmse : 25.09914779663086
2025-02-21 03:06:56,733 - masked_mre : 0.47919026017189026
2025-02-21 03:07:44,706 - [Epoch 18] Pretrain Loss: 23.3334
2025-02-21 03:07:44,707 - ************************************************************   Forecasting Task   ************************************************************
2025-02-21 03:07:44,707 - Evaluate on pems03_flow_short_term_forecasting:
2025-02-21 03:07:58,287 - masked_mae : 22.03495216369629
2025-02-21 03:07:58,307 - masked_rmse : 35.41096115112305
2025-02-21 03:07:58,346 - masked_mape : 0.22370731830596924
2025-02-21 03:07:58,346 - Evaluate on pems03_flow_long_term_forecasting:
2025-02-21 03:08:19,331 - masked_mae : 17.531665802001953
2025-02-21 03:08:19,403 - masked_rmse : 28.768470764160156
2025-02-21 03:08:19,539 - masked_mape : 0.19288969039916992
2025-02-21 03:08:19,539 - Evaluate on pems04_flow_short_term_forecasting:
2025-02-21 03:08:30,175 - masked_mae : 23.2086124420166
2025-02-21 03:08:30,189 - masked_rmse : 40.261531829833984
2025-02-21 03:08:30,214 - masked_mape : 0.1989188939332962
2025-02-21 03:08:30,215 - Evaluate on pems04_flow_long_term_forecasting:
2025-02-21 03:08:45,682 - masked_mae : 21.415739059448242
2025-02-21 03:08:45,729 - masked_rmse : 36.80006790161133
2025-02-21 03:08:45,818 - masked_mape : 0.19798028469085693
2025-02-21 03:08:45,818 - Evaluate on pems07_flow_short_term_forecasting:
2025-02-21 03:09:11,689 - masked_mae : 32.472537994384766
2025-02-21 03:09:11,737 - masked_rmse : 48.33732604980469
2025-02-21 03:09:11,831 - masked_mape : 0.17561453580856323
2025-02-21 03:09:11,832 - Evaluate on pems07_flow_long_term_forecasting:
2025-02-21 03:09:56,272 - masked_mae : 31.018747329711914
2025-02-21 03:09:56,447 - masked_rmse : 45.9472541809082
2025-02-21 03:09:56,783 - masked_mape : 0.17443113029003143
2025-02-21 03:09:56,783 - Evaluate on pems08_flow_short_term_forecasting:
2025-02-21 03:10:05,828 - masked_mae : 16.646211624145508
2025-02-21 03:10:05,838 - masked_rmse : 29.89593505859375
2025-02-21 03:10:05,857 - masked_mape : 0.20643556118011475
2025-02-21 03:10:05,857 - Evaluate on pems08_flow_long_term_forecasting:
2025-02-21 03:10:18,317 - masked_mae : 14.286705017089844
2025-02-21 03:10:18,350 - masked_rmse : 26.30242919921875
2025-02-21 03:10:18,414 - masked_mape : 0.1917283535003662
2025-02-21 03:10:18,414 - Evaluate on occpairs_occupancy_short_term_forecasting:
2025-02-21 03:10:33,844 - masked_mae : 1.0503661632537842
2025-02-21 03:10:33,869 - masked_rmse : 2.483536720275879
2025-02-21 03:10:33,915 - masked_mape : 0.18102385103702545
2025-02-21 03:10:33,916 - Evaluate on occpairs_occupancy_long_term_forecasting:
2025-02-21 03:10:58,467 - masked_mae : 1.097396969795227
2025-02-21 03:10:58,554 - masked_rmse : 2.482853412628174
2025-02-21 03:10:58,721 - masked_mape : 0.1885605901479721
2025-02-21 03:10:58,721 - Evaluate on occhamburg_occupancy_short_term_forecasting:
2025-02-21 03:11:10,359 - masked_mae : 6.293764591217041
2025-02-21 03:11:10,375 - masked_rmse : 10.912970542907715
2025-02-21 03:11:10,405 - masked_mape : 0.5899752378463745
2025-02-21 03:11:10,405 - Evaluate on occhamburg_occupancy_long_term_forecasting:
2025-02-21 03:11:27,726 - masked_mae : 5.660434246063232
2025-02-21 03:11:27,782 - masked_rmse : 9.814562797546387
2025-02-21 03:11:27,887 - masked_mape : 0.49839696288108826
2025-02-21 03:11:27,887 - Evaluate on pemsbay_speed_short_term_forecasting:
2025-02-21 03:11:49,506 - masked_mae : 1.9682704210281372
2025-02-21 03:11:49,545 - masked_rmse : 4.462042331695557
2025-02-21 03:11:49,620 - masked_mape : 0.05500251427292824
2025-02-21 03:11:49,620 - Evaluate on pemsbay_speed_long_term_forecasting:
2025-02-21 03:12:26,047 - masked_mae : 2.7005722522735596
2025-02-21 03:12:26,187 - masked_rmse : 5.90680456161499
2025-02-21 03:12:26,455 - masked_mape : 0.07510752230882645
2025-02-21 03:12:26,455 - Evaluate on metrla_speed_short_term_forecasting:
2025-02-21 03:12:38,958 - masked_mae : 4.443832874298096
2025-02-21 03:12:38,976 - masked_rmse : 9.311939239501953
2025-02-21 03:12:39,010 - masked_mape : 0.12309057265520096
2025-02-21 03:12:39,010 - Evaluate on metrla_speed_long_term_forecasting:
2025-02-21 03:12:57,970 - masked_mae : 5.656374454498291
2025-02-21 03:12:58,033 - masked_rmse : 10.999287605285645
2025-02-21 03:12:58,152 - masked_mape : 0.15735052525997162
2025-02-21 03:12:58,152 - Evaluate on trafficsh_speed_short_term_forecasting:
2025-02-21 03:13:09,577 - masked_mae : 0.6049872040748596
2025-02-21 03:13:09,592 - masked_rmse : 0.921423614025116
2025-02-21 03:13:09,621 - masked_mape : 0.0654074102640152
2025-02-21 03:13:09,621 - Evaluate on trafficsh_speed_long_term_forecasting:
2025-02-21 03:13:26,467 - masked_mae : 0.6641669273376465
2025-02-21 03:13:26,519 - masked_rmse : 1.0047513246536255
2025-02-21 03:13:26,620 - masked_mape : 0.07791832834482193
2025-02-21 03:13:26,620 - Evaluate on bikenyc_inflow_short_term_forecasting:
2025-02-21 03:13:35,579 - masked_mae : 1.2564114332199097
2025-02-21 03:13:35,588 - masked_rmse : 3.8101816177368164
2025-02-21 03:13:35,606 - masked_mape : 0.36352524161338806
2025-02-21 03:13:35,606 - Evaluate on bikenyc_inflow_long_term_forecasting:
2025-02-21 03:13:47,835 - masked_mae : 1.2711025476455688
2025-02-21 03:13:47,868 - masked_rmse : 4.117197036743164
2025-02-21 03:13:47,929 - masked_mape : 0.38662686944007874
2025-02-21 03:13:47,929 - Evaluate on taxinyc_inflow_short_term_forecasting:
2025-02-21 03:13:56,885 - masked_mae : 8.543414115905762
2025-02-21 03:13:56,895 - masked_rmse : 21.90363311767578
2025-02-21 03:13:56,912 - masked_mape : 0.8171558976173401
2025-02-21 03:13:56,913 - Evaluate on taxinyc_inflow_long_term_forecasting:
2025-02-21 03:14:09,119 - masked_mae : 7.190074920654297
2025-02-21 03:14:09,151 - masked_rmse : 19.820083618164062
2025-02-21 03:14:09,212 - masked_mape : 0.756676197052002
2025-02-21 03:14:09,213 - Evaluate on tdrive_inflow_short_term_forecasting:
2025-02-21 03:14:40,107 - masked_mae : 26.035287857055664
2025-02-21 03:14:40,167 - masked_rmse : 50.844722747802734
2025-02-21 03:14:40,284 - masked_mape : 0.6138965487480164
2025-02-21 03:14:40,284 - Evaluate on tdrive_inflow_long_term_forecasting:
2025-02-21 03:15:34,412 - masked_mae : 18.709949493408203
2025-02-21 03:15:34,630 - masked_rmse : 34.97098159790039
2025-02-21 03:15:35,047 - masked_mape : 0.437592476606369
2025-02-21 03:15:35,048 - ************************************************************   Imputation Task   ************************************************************
2025-02-21 03:15:35,048 - Evaluate on pems03_flow_point_imputation:
2025-02-21 03:15:40,771 - masked_mae : 40.29072952270508
2025-02-21 03:15:40,780 - masked_rmse : 58.06826400756836
2025-02-21 03:15:40,785 - masked_mre : 0.24935446679592133
2025-02-21 03:15:40,785 - Evaluate on pems03_flow_block_imputation:
2025-02-21 03:15:46,506 - masked_mae : 62.58694076538086
2025-02-21 03:15:46,507 - masked_rmse : 80.37538146972656
2025-02-21 03:15:46,509 - masked_mre : 0.38796180486679077
2025-02-21 03:15:46,509 - Evaluate on pems04_flow_point_imputation:
2025-02-21 03:15:52,074 - masked_mae : 42.20521545410156
2025-02-21 03:15:52,075 - masked_rmse : 65.96556091308594
2025-02-21 03:15:52,077 - masked_mre : 0.23947039246559143
2025-02-21 03:15:52,077 - Evaluate on pems04_flow_block_imputation:
2025-02-21 03:15:57,642 - masked_mae : 69.2248306274414
2025-02-21 03:15:57,643 - masked_rmse : 95.12843322753906
2025-02-21 03:15:57,645 - masked_mre : 0.39560896158218384
2025-02-21 03:15:57,645 - Evaluate on pems07_flow_point_imputation:
2025-02-21 03:16:03,954 - masked_mae : 64.50581359863281
2025-02-21 03:16:03,972 - masked_rmse : 87.25172424316406
2025-02-21 03:16:03,999 - masked_mre : 0.20964519679546356
2025-02-21 03:16:03,999 - Evaluate on pems07_flow_block_imputation:
2025-02-21 03:16:10,261 - masked_mae : 123.95585632324219
2025-02-21 03:16:10,265 - masked_rmse : 145.32196044921875
2025-02-21 03:16:10,274 - masked_mre : 0.40371692180633545
2025-02-21 03:16:10,283 - Evaluate on pems08_flow_point_imputation:
2025-02-21 03:16:15,768 - masked_mae : 32.467002868652344
2025-02-21 03:16:15,769 - masked_rmse : 53.78772735595703
2025-02-21 03:16:15,771 - masked_mre : 0.21139320731163025
2025-02-21 03:16:15,771 - Evaluate on pems08_flow_block_imputation:
2025-02-21 03:16:21,270 - masked_mae : 60.98101043701172
2025-02-21 03:16:21,271 - masked_rmse : 86.71183013916016
2025-02-21 03:16:21,273 - masked_mre : 0.39742690324783325
2025-02-21 03:16:21,273 - Evaluate on pemsbay_speed_point_imputation:
2025-02-21 03:16:27,367 - masked_mae : 7.956944942474365
2025-02-21 03:16:27,380 - masked_rmse : 11.2758207321167
2025-02-21 03:16:27,400 - masked_mre : 0.1503867208957672
2025-02-21 03:16:27,405 - Evaluate on pemsbay_speed_block_imputation:
2025-02-21 03:16:33,524 - masked_mae : 25.099084854125977
2025-02-21 03:16:33,537 - masked_rmse : 28.101579666137695
2025-02-21 03:16:33,548 - masked_mre : 0.47470030188560486
2025-02-21 03:16:33,548 - Evaluate on metrla_speed_point_imputation:
2025-02-21 03:16:39,213 - masked_mae : 9.325512886047363
2025-02-21 03:16:39,214 - masked_rmse : 14.542875289916992
2025-02-21 03:16:39,216 - masked_mre : 0.2077835649251938
2025-02-21 03:16:39,216 - Evaluate on metrla_speed_block_imputation:
2025-02-21 03:16:44,860 - masked_mae : 20.26477813720703
2025-02-21 03:16:44,862 - masked_rmse : 25.212709426879883
2025-02-21 03:16:44,864 - masked_mre : 0.483501672744751
2025-02-21 03:17:32,952 - [Epoch 19] Pretrain Loss: 23.2224
2025-02-21 03:17:32,953 - ************************************************************   Forecasting Task   ************************************************************
2025-02-21 03:17:32,953 - Evaluate on pems03_flow_short_term_forecasting:
2025-02-21 03:17:46,476 - masked_mae : 19.53727149963379
2025-02-21 03:17:46,496 - masked_rmse : 32.973541259765625
2025-02-21 03:17:46,534 - masked_mape : 0.1770574301481247
2025-02-21 03:17:46,535 - Evaluate on pems03_flow_long_term_forecasting:
2025-02-21 03:18:07,534 - masked_mae : 18.121257781982422
2025-02-21 03:18:07,606 - masked_rmse : 29.666717529296875
2025-02-21 03:18:07,742 - masked_mape : 0.18035177886486053
2025-02-21 03:18:07,742 - Evaluate on pems04_flow_short_term_forecasting:
2025-02-21 03:18:18,353 - masked_mae : 21.42695426940918
2025-02-21 03:18:18,366 - masked_rmse : 38.540977478027344
2025-02-21 03:18:18,392 - masked_mape : 0.1647104173898697
2025-02-21 03:18:18,392 - Evaluate on pems04_flow_long_term_forecasting:
2025-02-21 03:18:33,815 - masked_mae : 21.783693313598633
2025-02-21 03:18:33,861 - masked_rmse : 37.63015365600586
2025-02-21 03:18:33,950 - masked_mape : 0.17730797827243805
2025-02-21 03:18:33,951 - Evaluate on pems07_flow_short_term_forecasting:
2025-02-21 03:18:59,848 - masked_mae : 30.368864059448242
2025-02-21 03:18:59,897 - masked_rmse : 46.46303939819336
2025-02-21 03:18:59,991 - masked_mape : 0.1499563604593277
2025-02-21 03:18:59,991 - Evaluate on pems07_flow_long_term_forecasting:
2025-02-21 03:19:44,437 - masked_mae : 31.63411521911621
2025-02-21 03:19:44,612 - masked_rmse : 46.81376266479492
2025-02-21 03:19:44,948 - masked_mape : 0.1596282571554184
2025-02-21 03:19:44,949 - Evaluate on pems08_flow_short_term_forecasting:
2025-02-21 03:19:54,008 - masked_mae : 15.154934883117676
2025-02-21 03:19:54,018 - masked_rmse : 28.406959533691406
2025-02-21 03:19:54,037 - masked_mape : 0.17751522362232208
2025-02-21 03:19:54,037 - Evaluate on pems08_flow_long_term_forecasting:
2025-02-21 03:20:06,471 - masked_mae : 14.633366584777832
2025-02-21 03:20:06,505 - masked_rmse : 26.953969955444336
2025-02-21 03:20:06,568 - masked_mape : 0.17501775920391083
2025-02-21 03:20:06,568 - Evaluate on occpairs_occupancy_short_term_forecasting:
2025-02-21 03:20:21,970 - masked_mae : 0.9869571328163147
2025-02-21 03:20:21,995 - masked_rmse : 2.4627912044525146
2025-02-21 03:20:22,041 - masked_mape : 0.15268082916736603
2025-02-21 03:20:22,042 - Evaluate on occpairs_occupancy_long_term_forecasting:
2025-02-21 03:20:46,642 - masked_mae : 1.1315138339996338
2025-02-21 03:20:46,729 - masked_rmse : 2.5416793823242188
2025-02-21 03:20:46,896 - masked_mape : 0.18675625324249268
2025-02-21 03:20:46,896 - Evaluate on occhamburg_occupancy_short_term_forecasting:
2025-02-21 03:20:58,520 - masked_mae : 6.193656921386719
2025-02-21 03:20:58,536 - masked_rmse : 10.80345630645752
2025-02-21 03:20:58,566 - masked_mape : 0.5552828311920166
2025-02-21 03:20:58,566 - Evaluate on occhamburg_occupancy_long_term_forecasting:
2025-02-21 03:21:15,886 - masked_mae : 5.816079616546631
2025-02-21 03:21:15,941 - masked_rmse : 10.045924186706543
2025-02-21 03:21:16,046 - masked_mape : 0.49187996983528137
2025-02-21 03:21:16,047 - Evaluate on pemsbay_speed_short_term_forecasting:
2025-02-21 03:21:37,665 - masked_mae : 1.9681814908981323
2025-02-21 03:21:37,704 - masked_rmse : 4.393722057342529
2025-02-21 03:21:37,778 - masked_mape : 0.05375051870942116
2025-02-21 03:21:37,779 - Evaluate on pemsbay_speed_long_term_forecasting:
2025-02-21 03:22:14,273 - masked_mae : 2.7542660236358643
2025-02-21 03:22:14,413 - masked_rmse : 5.90304708480835
2025-02-21 03:22:14,681 - masked_mape : 0.07447802275419235
2025-02-21 03:22:14,681 - Evaluate on metrla_speed_short_term_forecasting:
2025-02-21 03:22:27,149 - masked_mae : 4.55348014831543
2025-02-21 03:22:27,166 - masked_rmse : 9.249154090881348
2025-02-21 03:22:27,200 - masked_mape : 0.12350437790155411
2025-02-21 03:22:27,200 - Evaluate on metrla_speed_long_term_forecasting:
2025-02-21 03:22:46,211 - masked_mae : 5.842033386230469
2025-02-21 03:22:46,274 - masked_rmse : 11.011238098144531
2025-02-21 03:22:46,393 - masked_mape : 0.15934284031391144
2025-02-21 03:22:46,394 - Evaluate on trafficsh_speed_short_term_forecasting:
2025-02-21 03:22:57,890 - masked_mae : 0.6408336162567139
2025-02-21 03:22:57,905 - masked_rmse : 0.9132721424102783
2025-02-21 03:22:57,934 - masked_mape : 0.07268808782100677
2025-02-21 03:22:57,934 - Evaluate on trafficsh_speed_long_term_forecasting:
2025-02-21 03:23:14,711 - masked_mae : 0.7377257347106934
2025-02-21 03:23:14,763 - masked_rmse : 1.0404630899429321
2025-02-21 03:23:14,864 - masked_mape : 0.0888182744383812
2025-02-21 03:23:14,865 - Evaluate on bikenyc_inflow_short_term_forecasting:
2025-02-21 03:23:23,817 - masked_mae : 1.1267632246017456
2025-02-21 03:23:23,827 - masked_rmse : 3.7700767517089844
2025-02-21 03:23:23,844 - masked_mape : 0.36602893471717834
2025-02-21 03:23:23,845 - Evaluate on bikenyc_inflow_long_term_forecasting:
2025-02-21 03:23:36,059 - masked_mae : 1.2830308675765991
2025-02-21 03:23:36,091 - masked_rmse : 4.226113796234131
2025-02-21 03:23:36,153 - masked_mape : 0.3957781493663788
2025-02-21 03:23:36,153 - Evaluate on taxinyc_inflow_short_term_forecasting:
2025-02-21 03:23:45,106 - masked_mae : 7.193151950836182
2025-02-21 03:23:45,116 - masked_rmse : 21.36908531188965
2025-02-21 03:23:45,134 - masked_mape : 0.4385879337787628
2025-02-21 03:23:45,134 - Evaluate on taxinyc_inflow_long_term_forecasting:
2025-02-21 03:23:57,325 - masked_mae : 7.1325225830078125
2025-02-21 03:23:57,357 - masked_rmse : 20.52680015563965
2025-02-21 03:23:57,419 - masked_mape : 0.638194739818573
2025-02-21 03:23:57,419 - Evaluate on tdrive_inflow_short_term_forecasting:
2025-02-21 03:24:28,318 - masked_mae : 21.92807960510254
2025-02-21 03:24:28,378 - masked_rmse : 48.06583023071289
2025-02-21 03:24:28,494 - masked_mape : 0.28305962681770325
2025-02-21 03:24:28,495 - Evaluate on tdrive_inflow_long_term_forecasting:
2025-02-21 03:25:22,526 - masked_mae : 19.57653045654297
2025-02-21 03:25:22,744 - masked_rmse : 37.48188781738281
2025-02-21 03:25:23,162 - masked_mape : 0.3759760558605194
2025-02-21 03:25:23,163 - ************************************************************   Imputation Task   ************************************************************
2025-02-21 03:25:23,163 - Evaluate on pems03_flow_point_imputation:
2025-02-21 03:25:28,906 - masked_mae : 42.32503890991211
2025-02-21 03:25:28,917 - masked_rmse : 59.888492584228516
2025-02-21 03:25:28,922 - masked_mre : 0.2619229853153229
2025-02-21 03:25:28,922 - Evaluate on pems03_flow_block_imputation:
2025-02-21 03:25:34,619 - masked_mae : 62.42384338378906
2025-02-21 03:25:34,620 - masked_rmse : 80.39679718017578
2025-02-21 03:25:34,627 - masked_mre : 0.3868085741996765
2025-02-21 03:25:34,627 - Evaluate on pems04_flow_point_imputation:
2025-02-21 03:25:40,185 - masked_mae : 44.54004669189453
2025-02-21 03:25:40,186 - masked_rmse : 68.01270294189453
2025-02-21 03:25:40,188 - masked_mre : 0.2529984414577484
2025-02-21 03:25:40,188 - Evaluate on pems04_flow_block_imputation:
2025-02-21 03:25:45,731 - masked_mae : 69.45262908935547
2025-02-21 03:25:45,731 - masked_rmse : 95.47737884521484
2025-02-21 03:25:45,733 - masked_mre : 0.3968007564544678
2025-02-21 03:25:45,733 - Evaluate on pems07_flow_point_imputation:
2025-02-21 03:25:55,287 - masked_mae : 67.39602661132812
2025-02-21 03:25:55,304 - masked_rmse : 89.80055236816406
2025-02-21 03:25:55,334 - masked_mre : 0.21939657628536224
2025-02-21 03:25:55,334 - Evaluate on pems07_flow_block_imputation:
2025-02-21 03:26:01,618 - masked_mae : 123.24406433105469
2025-02-21 03:26:01,623 - masked_rmse : 144.43247985839844
2025-02-21 03:26:01,626 - masked_mre : 0.4013318717479706
2025-02-21 03:26:01,627 - Evaluate on pems08_flow_point_imputation:
2025-02-21 03:26:07,148 - masked_mae : 33.88071823120117
2025-02-21 03:26:07,149 - masked_rmse : 55.046470642089844
2025-02-21 03:26:07,151 - masked_mre : 0.22059759497642517
2025-02-21 03:26:07,151 - Evaluate on pems08_flow_block_imputation:
2025-02-21 03:26:12,640 - masked_mae : 60.197269439697266
2025-02-21 03:26:12,641 - masked_rmse : 85.84571838378906
2025-02-21 03:26:12,642 - masked_mre : 0.39228183031082153
2025-02-21 03:26:12,643 - Evaluate on pemsbay_speed_point_imputation:
2025-02-21 03:26:18,727 - masked_mae : 8.473938941955566
2025-02-21 03:26:18,743 - masked_rmse : 11.72087287902832
2025-02-21 03:26:18,765 - masked_mre : 0.16016089916229248
2025-02-21 03:26:18,769 - Evaluate on pemsbay_speed_block_imputation:
2025-02-21 03:26:24,865 - masked_mae : 25.10264015197754
2025-02-21 03:26:24,877 - masked_rmse : 28.13017463684082
2025-02-21 03:26:24,889 - masked_mre : 0.47476744651794434
2025-02-21 03:26:24,889 - Evaluate on metrla_speed_point_imputation:
2025-02-21 03:26:30,530 - masked_mae : 9.476624488830566
2025-02-21 03:26:30,531 - masked_rmse : 14.693646430969238
2025-02-21 03:26:30,533 - masked_mre : 0.21237356960773468
2025-02-21 03:26:30,533 - Evaluate on metrla_speed_block_imputation:
2025-02-21 03:26:36,193 - masked_mae : 20.010282516479492
2025-02-21 03:26:36,195 - masked_rmse : 25.02072525024414
2025-02-21 03:26:36,196 - masked_mre : 0.477093368768692
2025-02-21 03:27:24,281 - [Epoch 20] Pretrain Loss: 23.3495
2025-02-21 03:27:24,282 - ************************************************************   Forecasting Task   ************************************************************
2025-02-21 03:27:24,282 - Evaluate on pems03_flow_short_term_forecasting:
2025-02-21 03:27:37,821 - masked_mae : 21.177888870239258
2025-02-21 03:27:37,842 - masked_rmse : 35.93192672729492
2025-02-21 03:27:37,880 - masked_mape : 0.18548369407653809
2025-02-21 03:27:37,880 - Evaluate on pems03_flow_long_term_forecasting:
2025-02-21 03:27:58,782 - masked_mae : 17.68255043029785
2025-02-21 03:27:58,854 - masked_rmse : 28.852540969848633
2025-02-21 03:27:58,990 - masked_mape : 0.18430428206920624
2025-02-21 03:27:58,990 - Evaluate on pems04_flow_short_term_forecasting:
2025-02-21 03:28:09,665 - masked_mae : 22.68402671813965
2025-02-21 03:28:09,678 - masked_rmse : 41.20404052734375
2025-02-21 03:28:09,704 - masked_mape : 0.17194147408008575
2025-02-21 03:28:09,704 - Evaluate on pems04_flow_long_term_forecasting:
2025-02-21 03:28:25,122 - masked_mae : 21.26974105834961
2025-02-21 03:28:25,168 - masked_rmse : 36.87223815917969
2025-02-21 03:28:25,257 - masked_mape : 0.17907597124576569
2025-02-21 03:28:25,258 - Evaluate on pems07_flow_short_term_forecasting:
2025-02-21 03:28:51,128 - masked_mae : 31.654741287231445
2025-02-21 03:28:51,177 - masked_rmse : 48.984378814697266
2025-02-21 03:28:51,270 - masked_mape : 0.1499614119529724
2025-02-21 03:28:51,271 - Evaluate on pems07_flow_long_term_forecasting:
2025-02-21 03:29:35,706 - masked_mae : 30.620912551879883
2025-02-21 03:29:35,881 - masked_rmse : 45.6579475402832
2025-02-21 03:29:36,217 - masked_mape : 0.15912817418575287
2025-02-21 03:29:36,218 - Evaluate on pems08_flow_short_term_forecasting:
2025-02-21 03:29:45,320 - masked_mae : 15.79017162322998
2025-02-21 03:29:45,330 - masked_rmse : 30.041549682617188
2025-02-21 03:29:45,349 - masked_mape : 0.16770733892917633
2025-02-21 03:29:45,349 - Evaluate on pems08_flow_long_term_forecasting:
2025-02-21 03:29:57,792 - masked_mae : 14.013056755065918
2025-02-21 03:29:57,826 - masked_rmse : 26.134872436523438
2025-02-21 03:29:57,889 - masked_mape : 0.17136730253696442
2025-02-21 03:29:57,889 - Evaluate on occpairs_occupancy_short_term_forecasting:
2025-02-21 03:30:13,270 - masked_mae : 1.0342570543289185
2025-02-21 03:30:13,295 - masked_rmse : 2.6152470111846924
2025-02-21 03:30:13,342 - masked_mape : 0.15821945667266846
2025-02-21 03:30:13,342 - Evaluate on occpairs_occupancy_long_term_forecasting:
2025-02-21 03:30:37,953 - masked_mae : 1.1142452955245972
2025-02-21 03:30:38,040 - masked_rmse : 2.502150535583496
2025-02-21 03:30:38,207 - masked_mape : 0.1900455206632614
2025-02-21 03:30:38,207 - Evaluate on occhamburg_occupancy_short_term_forecasting:
2025-02-21 03:30:49,888 - masked_mae : 6.392745494842529
2025-02-21 03:30:49,903 - masked_rmse : 11.187347412109375
2025-02-21 03:30:49,933 - masked_mape : 0.574096143245697
2025-02-21 03:30:49,933 - Evaluate on occhamburg_occupancy_long_term_forecasting:
2025-02-21 03:31:07,245 - masked_mae : 5.749721527099609
2025-02-21 03:31:07,300 - masked_rmse : 9.916743278503418
2025-02-21 03:31:07,405 - masked_mape : 0.5052167773246765
2025-02-21 03:31:07,405 - Evaluate on pemsbay_speed_short_term_forecasting:
2025-02-21 03:31:28,994 - masked_mae : 1.981238842010498
2025-02-21 03:31:29,033 - masked_rmse : 4.448382377624512
2025-02-21 03:31:29,108 - masked_mape : 0.05376461520791054
2025-02-21 03:31:29,108 - Evaluate on pemsbay_speed_long_term_forecasting:
2025-02-21 03:32:05,524 - masked_mae : 2.7266035079956055
2025-02-21 03:32:05,664 - masked_rmse : 5.930362701416016
2025-02-21 03:32:05,931 - masked_mape : 0.07409858703613281
2025-02-21 03:32:05,932 - Evaluate on metrla_speed_short_term_forecasting:
2025-02-21 03:32:18,463 - masked_mae : 4.517394065856934
2025-02-21 03:32:18,481 - masked_rmse : 9.324667930603027
2025-02-21 03:32:18,515 - masked_mape : 0.1221991553902626
2025-02-21 03:32:18,515 - Evaluate on metrla_speed_long_term_forecasting:
2025-02-21 03:32:37,523 - masked_mae : 5.763888835906982
2025-02-21 03:32:37,585 - masked_rmse : 11.102208137512207
2025-02-21 03:32:37,704 - masked_mape : 0.1574651598930359
2025-02-21 03:32:37,705 - Evaluate on trafficsh_speed_short_term_forecasting:
2025-02-21 03:32:49,129 - masked_mae : 0.6064841151237488
2025-02-21 03:32:49,145 - masked_rmse : 0.9064329266548157
2025-02-21 03:32:49,173 - masked_mape : 0.07094807177782059
2025-02-21 03:32:49,174 - Evaluate on trafficsh_speed_long_term_forecasting:
2025-02-21 03:33:06,045 - masked_mae : 0.6725419163703918
2025-02-21 03:33:06,098 - masked_rmse : 0.9976139664649963
2025-02-21 03:33:06,199 - masked_mape : 0.082828588783741
2025-02-21 03:33:06,199 - Evaluate on bikenyc_inflow_short_term_forecasting:
2025-02-21 03:33:15,117 - masked_mae : 1.1968683004379272
2025-02-21 03:33:15,127 - masked_rmse : 4.054300785064697
2025-02-21 03:33:15,145 - masked_mape : 0.3754812180995941
2025-02-21 03:33:15,145 - Evaluate on bikenyc_inflow_long_term_forecasting:
2025-02-21 03:33:27,334 - masked_mae : 1.2941981554031372
2025-02-21 03:33:27,367 - masked_rmse : 4.110462188720703
2025-02-21 03:33:27,428 - masked_mape : 0.40711960196495056
2025-02-21 03:33:27,428 - Evaluate on taxinyc_inflow_short_term_forecasting:
2025-02-21 03:33:36,406 - masked_mae : 7.871618747711182
2025-02-21 03:33:36,416 - masked_rmse : 24.067062377929688
2025-02-21 03:33:36,434 - masked_mape : 0.44802746176719666
2025-02-21 03:33:36,434 - Evaluate on taxinyc_inflow_long_term_forecasting:
2025-02-21 03:33:48,648 - masked_mae : 7.089161396026611
2025-02-21 03:33:48,680 - masked_rmse : 19.588708877563477
2025-02-21 03:33:48,742 - masked_mape : 0.6688850522041321
2025-02-21 03:33:48,742 - Evaluate on tdrive_inflow_short_term_forecasting:
2025-02-21 03:34:19,654 - masked_mae : 24.41346549987793
2025-02-21 03:34:19,715 - masked_rmse : 55.93703842163086
2025-02-21 03:34:19,831 - masked_mape : 0.3131265938282013
2025-02-21 03:34:19,832 - Evaluate on tdrive_inflow_long_term_forecasting:
2025-02-21 03:35:13,950 - masked_mae : 18.271512985229492
2025-02-21 03:35:14,168 - masked_rmse : 34.615020751953125
2025-02-21 03:35:14,586 - masked_mape : 0.38467416167259216
2025-02-21 03:35:14,586 - ************************************************************   Imputation Task   ************************************************************
2025-02-21 03:35:14,587 - Evaluate on pems03_flow_point_imputation:
2025-02-21 03:35:20,309 - masked_mae : 41.80789566040039
2025-02-21 03:35:20,320 - masked_rmse : 60.606685638427734
2025-02-21 03:35:20,325 - masked_mre : 0.2587641477584839
2025-02-21 03:35:20,325 - Evaluate on pems03_flow_block_imputation:
2025-02-21 03:35:26,075 - masked_mae : 60.12408447265625
2025-02-21 03:35:26,076 - masked_rmse : 78.33427429199219
2025-02-21 03:35:26,079 - masked_mre : 0.37257152795791626
2025-02-21 03:35:26,079 - Evaluate on pems04_flow_point_imputation:
2025-02-21 03:35:31,682 - masked_mae : 44.2315788269043
2025-02-21 03:35:31,683 - masked_rmse : 69.02706146240234
2025-02-21 03:35:31,685 - masked_mre : 0.25113099813461304
2025-02-21 03:35:31,685 - Evaluate on pems04_flow_block_imputation:
2025-02-21 03:35:37,284 - masked_mae : 67.05818939208984
2025-02-21 03:35:37,285 - masked_rmse : 93.27486419677734
2025-02-21 03:35:37,287 - masked_mre : 0.38307976722717285
2025-02-21 03:35:37,288 - Evaluate on pems07_flow_point_imputation:
2025-02-21 03:35:43,567 - masked_mae : 66.25463104248047
2025-02-21 03:35:43,586 - masked_rmse : 90.32770538330078
2025-02-21 03:35:43,608 - masked_mre : 0.21554969251155853
2025-02-21 03:35:43,608 - Evaluate on pems07_flow_block_imputation:
2025-02-21 03:35:49,841 - masked_mae : 117.79620361328125
2025-02-21 03:35:49,843 - masked_rmse : 139.16409301757812
2025-02-21 03:35:49,856 - masked_mre : 0.38354504108428955
2025-02-21 03:35:49,865 - Evaluate on pems08_flow_point_imputation:
2025-02-21 03:35:55,354 - masked_mae : 33.28615188598633
2025-02-21 03:35:55,355 - masked_rmse : 55.52449417114258
2025-02-21 03:35:55,356 - masked_mre : 0.21672023832798004
2025-02-21 03:35:55,357 - Evaluate on pems08_flow_block_imputation:
2025-02-21 03:36:00,829 - masked_mae : 57.1642951965332
2025-02-21 03:36:00,830 - masked_rmse : 82.30596923828125
2025-02-21 03:36:00,832 - masked_mre : 0.37249934673309326
2025-02-21 03:36:00,832 - Evaluate on pemsbay_speed_point_imputation:
2025-02-21 03:36:06,955 - masked_mae : 8.092370986938477
2025-02-21 03:36:06,967 - masked_rmse : 11.542166709899902
2025-02-21 03:36:06,990 - masked_mre : 0.15294641256332397
2025-02-21 03:36:06,996 - Evaluate on pemsbay_speed_block_imputation:
2025-02-21 03:36:13,091 - masked_mae : 24.162384033203125
2025-02-21 03:36:13,103 - masked_rmse : 27.22723388671875
2025-02-21 03:36:13,114 - masked_mre : 0.4569823741912842
2025-02-21 03:36:13,115 - Evaluate on metrla_speed_point_imputation:
2025-02-21 03:36:18,770 - masked_mae : 9.253727912902832
2025-02-21 03:36:18,771 - masked_rmse : 14.8840970993042
2025-02-21 03:36:18,773 - masked_mre : 0.20571014285087585
2025-02-21 03:36:18,773 - Evaluate on metrla_speed_block_imputation:
2025-02-21 03:36:24,451 - masked_mae : 19.29389190673828
2025-02-21 03:36:24,453 - masked_rmse : 24.37639617919922
2025-02-21 03:36:24,455 - masked_mre : 0.4591904878616333
