2025-02-20 00:42:37,727 - logger name:log/foundation/urbanfm_downstream/dataset_ratio_100.0%/model_layer_4_4/46/record.log
2025-02-20 00:48:00,537 - 
============================== Model Parameters ==============================
2025-02-20 00:48:00,537 - Total Parameters: 400,193 (≈ 0.40 M or ≈ 0.00 B)
2025-02-20 00:48:00,537 - Trainable Parameters: 400,193 (≈ 0.40 M or ≈ 0.00 B)
2025-02-20 00:48:00,537 - ========================================================================

2025-02-20 00:48:40,468 - [Epoch 1] Pretrain Loss: 60.6073
2025-02-20 00:48:40,469 - ************************************************************   Forecasting Task   ************************************************************
2025-02-20 00:48:40,469 - Evaluate on pems03_flow_short_term_forecasting:
2025-02-20 00:48:53,710 - masked_mae : 27.3829288482666
2025-02-20 00:48:53,730 - masked_rmse : 41.283287048339844
2025-02-20 00:48:53,786 - masked_mape : 0.45526012778282166
2025-02-20 00:48:53,786 - Evaluate on pems03_flow_long_term_forecasting:
2025-02-20 00:49:14,081 - masked_mae : 34.2254753112793
2025-02-20 00:49:14,153 - masked_rmse : 50.879940032958984
2025-02-20 00:49:14,289 - masked_mape : 0.5344313979148865
2025-02-20 00:49:14,289 - Evaluate on pems04_flow_short_term_forecasting:
2025-02-20 00:49:23,849 - masked_mae : 34.5416374206543
2025-02-20 00:49:23,861 - masked_rmse : 50.039737701416016
2025-02-20 00:49:23,882 - masked_mape : 0.3160589039325714
2025-02-20 00:49:23,882 - Evaluate on pems04_flow_long_term_forecasting:
2025-02-20 00:49:37,279 - masked_mae : 43.43379592895508
2025-02-20 00:49:37,318 - masked_rmse : 61.541839599609375
2025-02-20 00:49:37,393 - masked_mape : 0.41641125082969666
2025-02-20 00:49:37,393 - Evaluate on pems07_flow_short_term_forecasting:
2025-02-20 00:50:02,426 - masked_mae : 43.75545883178711
2025-02-20 00:50:02,475 - masked_rmse : 63.350555419921875
2025-02-20 00:50:02,569 - masked_mape : 0.3667244613170624
2025-02-20 00:50:02,569 - Evaluate on pems07_flow_long_term_forecasting:
2025-02-20 00:50:45,285 - masked_mae : 55.228424072265625
2025-02-20 00:50:45,460 - masked_rmse : 76.92643737792969
2025-02-20 00:50:45,796 - masked_mape : 0.4362536370754242
2025-02-20 00:50:45,796 - Evaluate on pems08_flow_short_term_forecasting:
2025-02-20 00:50:53,849 - masked_mae : 29.611541748046875
2025-02-20 00:50:53,857 - masked_rmse : 44.69887924194336
2025-02-20 00:50:53,871 - masked_mape : 0.5357459187507629
2025-02-20 00:50:53,871 - Evaluate on pems08_flow_long_term_forecasting:
2025-02-20 00:51:04,346 - masked_mae : 36.531494140625
2025-02-20 00:51:04,372 - masked_rmse : 53.173370361328125
2025-02-20 00:51:04,421 - masked_mape : 0.5847676396369934
2025-02-20 00:51:04,421 - Evaluate on occpairs_occupancy_short_term_forecasting:
2025-02-20 00:51:19,418 - masked_mae : 1.6364684104919434
2025-02-20 00:51:19,443 - masked_rmse : 3.3948535919189453
2025-02-20 00:51:19,490 - masked_mape : 0.31366753578186035
2025-02-20 00:51:19,490 - Evaluate on occpairs_occupancy_long_term_forecasting:
2025-02-20 00:51:43,186 - masked_mae : 1.910636305809021
2025-02-20 00:51:43,273 - masked_rmse : 3.8045756816864014
2025-02-20 00:51:43,440 - masked_mape : 0.3824324607849121
2025-02-20 00:51:43,440 - Evaluate on occhamburg_occupancy_short_term_forecasting:
2025-02-20 00:51:54,812 - masked_mae : 6.783640384674072
2025-02-20 00:51:54,828 - masked_rmse : 10.881670951843262
2025-02-20 00:51:54,857 - masked_mape : 0.7541943192481995
2025-02-20 00:51:54,858 - Evaluate on occhamburg_occupancy_long_term_forecasting:
2025-02-20 00:52:11,670 - masked_mae : 7.286104679107666
2025-02-20 00:52:11,725 - masked_rmse : 11.49726390838623
2025-02-20 00:52:11,831 - masked_mape : 0.8305255770683289
2025-02-20 00:52:11,831 - Evaluate on pemsbay_speed_short_term_forecasting:
2025-02-20 00:52:32,761 - masked_mae : 2.147056818008423
2025-02-20 00:52:32,800 - masked_rmse : 4.822822570800781
2025-02-20 00:52:32,875 - masked_mape : 0.06574372947216034
2025-02-20 00:52:32,875 - Evaluate on pemsbay_speed_long_term_forecasting:
2025-02-20 00:53:07,958 - masked_mae : 2.800976514816284
2025-02-20 00:53:08,098 - masked_rmse : 6.013671875
2025-02-20 00:53:08,366 - masked_mape : 0.08507665991783142
2025-02-20 00:53:08,366 - Evaluate on metrla_speed_short_term_forecasting:
2025-02-20 00:53:20,582 - masked_mae : 5.109198093414307
2025-02-20 00:53:20,600 - masked_rmse : 10.48916244506836
2025-02-20 00:53:20,634 - masked_mape : 0.14928390085697174
2025-02-20 00:53:20,634 - Evaluate on metrla_speed_long_term_forecasting:
2025-02-20 00:53:39,091 - masked_mae : 6.599912166595459
2025-02-20 00:53:39,154 - masked_rmse : 12.377349853515625
2025-02-20 00:53:39,273 - masked_mape : 0.1873442679643631
2025-02-20 00:53:39,273 - Evaluate on trafficsh_speed_short_term_forecasting:
2025-02-20 00:53:50,474 - masked_mae : 1.0339854955673218
2025-02-20 00:53:50,489 - masked_rmse : 1.658258080482483
2025-02-20 00:53:50,518 - masked_mape : 0.0808354839682579
2025-02-20 00:53:50,518 - Evaluate on trafficsh_speed_long_term_forecasting:
2025-02-20 00:54:06,821 - masked_mae : 1.1464805603027344
2025-02-20 00:54:06,874 - masked_rmse : 1.7525218725204468
2025-02-20 00:54:06,975 - masked_mape : 0.09962939471006393
2025-02-20 00:54:06,975 - Evaluate on bikenyc_inflow_short_term_forecasting:
2025-02-20 00:54:15,748 - masked_mae : 1.5767730474472046
2025-02-20 00:54:15,757 - masked_rmse : 4.8455915451049805
2025-02-20 00:54:15,775 - masked_mape : 0.5423200130462646
2025-02-20 00:54:15,775 - Evaluate on bikenyc_inflow_long_term_forecasting:
2025-02-20 00:54:27,709 - masked_mae : 1.9133520126342773
2025-02-20 00:54:27,741 - masked_rmse : 6.078956127166748
2025-02-20 00:54:27,803 - masked_mape : 0.6625075936317444
2025-02-20 00:54:27,803 - Evaluate on taxinyc_inflow_short_term_forecasting:
2025-02-20 00:54:36,567 - masked_mae : 13.554930686950684
2025-02-20 00:54:36,577 - masked_rmse : 32.4406852722168
2025-02-20 00:54:36,595 - masked_mape : 1.548035740852356
2025-02-20 00:54:36,595 - Evaluate on taxinyc_inflow_long_term_forecasting:
2025-02-20 00:54:48,491 - masked_mae : 15.065936088562012
2025-02-20 00:54:48,523 - masked_rmse : 36.645503997802734
2025-02-20 00:54:48,585 - masked_mape : 1.7090624570846558
2025-02-20 00:54:48,585 - Evaluate on tdrive_inflow_short_term_forecasting:
2025-02-20 00:55:18,531 - masked_mae : 35.21480941772461
2025-02-20 00:55:18,591 - masked_rmse : 61.80088424682617
2025-02-20 00:55:18,707 - masked_mape : 1.08750319480896
2025-02-20 00:55:18,708 - Evaluate on tdrive_inflow_long_term_forecasting:
2025-02-20 00:56:10,808 - masked_mae : 42.47072982788086
2025-02-20 00:56:11,026 - masked_rmse : 74.0446548461914
2025-02-20 00:56:11,443 - masked_mape : 1.1637715101242065
2025-02-20 00:56:11,444 - ************************************************************   Imputation Task   ************************************************************
2025-02-20 00:56:11,444 - Evaluate on pems03_flow_point_imputation:
2025-02-20 00:56:17,138 - masked_mae : 49.4522705078125
2025-02-20 00:56:17,144 - masked_rmse : 72.87569427490234
2025-02-20 00:56:17,148 - masked_mape : 0.46846699714660645
2025-02-20 00:56:17,148 - Evaluate on pems03_flow_block_imputation:
2025-02-20 00:56:22,856 - masked_mae : 49.903465270996094
2025-02-20 00:56:22,858 - masked_rmse : 69.8584976196289
2025-02-20 00:56:22,860 - masked_mape : 0.5894144773483276
2025-02-20 00:56:22,860 - Evaluate on pems04_flow_point_imputation:
2025-02-20 00:56:28,373 - masked_mae : 63.42047119140625
2025-02-20 00:56:28,374 - masked_rmse : 87.46309661865234
2025-02-20 00:56:28,375 - masked_mape : 0.44970545172691345
2025-02-20 00:56:28,375 - Evaluate on pems04_flow_block_imputation:
2025-02-20 00:56:33,874 - masked_mae : 64.62389373779297
2025-02-20 00:56:33,875 - masked_rmse : 86.67440795898438
2025-02-20 00:56:33,876 - masked_mape : 0.49025464057922363
2025-02-20 00:56:33,876 - Evaluate on pems07_flow_point_imputation:
2025-02-20 00:56:40,183 - masked_mae : 81.26842498779297
2025-02-20 00:56:40,202 - masked_rmse : 106.1675033569336
2025-02-20 00:56:40,232 - masked_mape : 0.40821847319602966
2025-02-20 00:56:40,233 - Evaluate on pems07_flow_block_imputation:
2025-02-20 00:56:46,509 - masked_mae : 84.34176635742188
2025-02-20 00:56:46,522 - masked_rmse : 110.752685546875
2025-02-20 00:56:46,546 - masked_mape : 0.41866958141326904
2025-02-20 00:56:46,546 - Evaluate on pems08_flow_point_imputation:
2025-02-20 00:56:52,001 - masked_mae : 54.714385986328125
2025-02-20 00:56:52,001 - masked_rmse : 75.54438018798828
2025-02-20 00:56:52,003 - masked_mape : 0.43461495637893677
2025-02-20 00:56:52,003 - Evaluate on pems08_flow_block_imputation:
2025-02-20 00:56:57,419 - masked_mae : 55.72027587890625
2025-02-20 00:56:57,420 - masked_rmse : 76.6805191040039
2025-02-20 00:56:57,421 - masked_mape : 0.40167200565338135
2025-02-20 00:56:57,421 - Evaluate on pemsbay_speed_point_imputation:
2025-02-20 00:57:03,534 - masked_mae : 5.314756870269775
2025-02-20 00:57:03,548 - masked_rmse : 9.228985786437988
2025-02-20 00:57:03,569 - masked_mape : 0.11721678078174591
2025-02-20 00:57:03,570 - Evaluate on pemsbay_speed_block_imputation:
2025-02-20 00:57:09,671 - masked_mae : 12.555550575256348
2025-02-20 00:57:09,672 - masked_rmse : 16.447296142578125
2025-02-20 00:57:09,675 - masked_mape : 0.24662023782730103
2025-02-20 00:57:09,675 - Evaluate on metrla_speed_point_imputation:
2025-02-20 00:57:15,367 - masked_mae : 8.371238708496094
2025-02-20 00:57:15,369 - masked_rmse : 14.11755657196045
2025-02-20 00:57:15,371 - masked_mape : 0.20825007557868958
2025-02-20 00:57:15,371 - Evaluate on metrla_speed_block_imputation:
2025-02-20 00:57:21,032 - masked_mae : 11.560220718383789
2025-02-20 00:57:21,033 - masked_rmse : 17.106441497802734
2025-02-20 00:57:21,035 - masked_mape : 0.29054853320121765
2025-02-20 00:57:58,539 - [Epoch 2] Pretrain Loss: 33.5941
2025-02-20 00:57:58,540 - ************************************************************   Forecasting Task   ************************************************************
2025-02-20 00:57:58,540 - Evaluate on pems03_flow_short_term_forecasting:
2025-02-20 00:58:11,766 - masked_mae : 21.846906661987305
2025-02-20 00:58:11,787 - masked_rmse : 34.0820426940918
2025-02-20 00:58:11,825 - masked_mape : 0.25729700922966003
2025-02-20 00:58:11,825 - Evaluate on pems03_flow_long_term_forecasting:
2025-02-20 00:58:32,169 - masked_mae : 27.4117431640625
2025-02-20 00:58:32,241 - masked_rmse : 42.18802261352539
2025-02-20 00:58:32,377 - masked_mape : 0.3588017225265503
2025-02-20 00:58:32,377 - Evaluate on pems04_flow_short_term_forecasting:
2025-02-20 00:58:41,993 - masked_mae : 27.992895126342773
2025-02-20 00:58:42,005 - masked_rmse : 42.92977523803711
2025-02-20 00:58:42,026 - masked_mape : 0.2198091745376587
2025-02-20 00:58:42,026 - Evaluate on pems04_flow_long_term_forecasting:
2025-02-20 00:58:55,472 - masked_mae : 37.3303108215332
2025-02-20 00:58:55,512 - masked_rmse : 55.78083801269531
2025-02-20 00:58:55,586 - masked_mape : 0.32466891407966614
2025-02-20 00:58:55,587 - Evaluate on pems07_flow_short_term_forecasting:
2025-02-20 00:59:20,568 - masked_mae : 36.918766021728516
2025-02-20 00:59:20,617 - masked_rmse : 53.74165344238281
2025-02-20 00:59:20,711 - masked_mape : 0.2449842244386673
2025-02-20 00:59:20,711 - Evaluate on pems07_flow_long_term_forecasting:
2025-02-20 01:00:03,663 - masked_mae : 48.651519775390625
2025-02-20 01:00:03,838 - masked_rmse : 69.37159729003906
2025-02-20 01:00:04,175 - masked_mape : 0.3197338581085205
2025-02-20 01:00:04,175 - Evaluate on pems08_flow_short_term_forecasting:
2025-02-20 01:00:12,224 - masked_mae : 24.477495193481445
2025-02-20 01:00:12,231 - masked_rmse : 37.0192985534668
2025-02-20 01:00:12,246 - masked_mape : 0.3533707857131958
2025-02-20 01:00:12,246 - Evaluate on pems08_flow_long_term_forecasting:
2025-02-20 01:00:22,783 - masked_mae : 30.69526481628418
2025-02-20 01:00:22,809 - masked_rmse : 45.85660934448242
2025-02-20 01:00:22,858 - masked_mape : 0.4047064781188965
2025-02-20 01:00:22,858 - Evaluate on occpairs_occupancy_short_term_forecasting:
2025-02-20 01:00:37,907 - masked_mae : 1.1716997623443604
2025-02-20 01:00:37,932 - masked_rmse : 2.417607069015503
2025-02-20 01:00:37,979 - masked_mape : 0.2154393047094345
2025-02-20 01:00:37,979 - Evaluate on occpairs_occupancy_long_term_forecasting:
2025-02-20 01:01:01,883 - masked_mae : 1.4973993301391602
2025-02-20 01:01:01,970 - masked_rmse : 2.913581132888794
2025-02-20 01:01:02,137 - masked_mape : 0.29328814148902893
2025-02-20 01:01:02,137 - Evaluate on occhamburg_occupancy_short_term_forecasting:
2025-02-20 01:01:13,493 - masked_mae : 5.863239765167236
2025-02-20 01:01:13,509 - masked_rmse : 9.81862735748291
2025-02-20 01:01:13,538 - masked_mape : 0.5717177987098694
2025-02-20 01:01:13,539 - Evaluate on occhamburg_occupancy_long_term_forecasting:
2025-02-20 01:01:30,447 - masked_mae : 6.387503147125244
2025-02-20 01:01:30,502 - masked_rmse : 10.360552787780762
2025-02-20 01:01:30,607 - masked_mape : 0.6705513596534729
2025-02-20 01:01:30,607 - Evaluate on pemsbay_speed_short_term_forecasting:
2025-02-20 01:01:51,551 - masked_mae : 2.8227150440216064
2025-02-20 01:01:51,590 - masked_rmse : 5.128710746765137
2025-02-20 01:01:51,665 - masked_mape : 0.07152441143989563
2025-02-20 01:01:51,665 - Evaluate on pemsbay_speed_long_term_forecasting:
2025-02-20 01:02:26,832 - masked_mae : 3.5893962383270264
2025-02-20 01:02:26,972 - masked_rmse : 6.3946356773376465
2025-02-20 01:02:27,240 - masked_mape : 0.09248869866132736
2025-02-20 01:02:27,240 - Evaluate on metrla_speed_short_term_forecasting:
2025-02-20 01:02:39,505 - masked_mae : 6.543140888214111
2025-02-20 01:02:39,523 - masked_rmse : 10.498734474182129
2025-02-20 01:02:39,556 - masked_mape : 0.17142368853092194
2025-02-20 01:02:39,557 - Evaluate on metrla_speed_long_term_forecasting:
2025-02-20 01:02:58,057 - masked_mae : 7.920902252197266
2025-02-20 01:02:58,120 - masked_rmse : 12.400456428527832
2025-02-20 01:02:58,239 - masked_mape : 0.20787771046161652
2025-02-20 01:02:58,239 - Evaluate on trafficsh_speed_short_term_forecasting:
2025-02-20 01:03:09,505 - masked_mae : 1.4304066896438599
2025-02-20 01:03:09,521 - masked_rmse : 1.706499695777893
2025-02-20 01:03:09,550 - masked_mape : 0.1477379947900772
2025-02-20 01:03:09,550 - Evaluate on trafficsh_speed_long_term_forecasting:
2025-02-20 01:03:26,015 - masked_mae : 1.4667495489120483
2025-02-20 01:03:26,068 - masked_rmse : 1.7873672246932983
2025-02-20 01:03:26,169 - masked_mape : 0.15412671864032745
2025-02-20 01:03:26,169 - Evaluate on bikenyc_inflow_short_term_forecasting:
2025-02-20 01:03:35,000 - masked_mae : 1.3408998250961304
2025-02-20 01:03:35,009 - masked_rmse : 3.9127113819122314
2025-02-20 01:03:35,027 - masked_mape : 0.500850260257721
2025-02-20 01:03:35,028 - Evaluate on bikenyc_inflow_long_term_forecasting:
2025-02-20 01:03:47,034 - masked_mae : 1.6784523725509644
2025-02-20 01:03:47,066 - masked_rmse : 4.997964382171631
2025-02-20 01:03:47,128 - masked_mape : 0.6214967370033264
2025-02-20 01:03:47,128 - Evaluate on taxinyc_inflow_short_term_forecasting:
2025-02-20 01:03:56,045 - masked_mae : 10.908568382263184
2025-02-20 01:03:56,055 - masked_rmse : 24.195648193359375
2025-02-20 01:03:56,073 - masked_mape : 1.2659472227096558
2025-02-20 01:03:56,073 - Evaluate on taxinyc_inflow_long_term_forecasting:
2025-02-20 01:04:08,079 - masked_mae : 12.343289375305176
2025-02-20 01:04:08,112 - masked_rmse : 28.487009048461914
2025-02-20 01:04:08,173 - masked_mape : 1.5372642278671265
2025-02-20 01:04:08,174 - Evaluate on tdrive_inflow_short_term_forecasting:
2025-02-20 01:04:37,976 - masked_mae : 21.52888298034668
2025-02-20 01:04:38,036 - masked_rmse : 38.066707611083984
2025-02-20 01:04:38,153 - masked_mape : 0.6286336779594421
2025-02-20 01:04:38,153 - Evaluate on tdrive_inflow_long_term_forecasting:
2025-02-20 01:05:30,334 - masked_mae : 28.291093826293945
2025-02-20 01:05:30,552 - masked_rmse : 50.03129959106445
2025-02-20 01:05:30,970 - masked_mape : 0.7978451251983643
2025-02-20 01:05:30,971 - ************************************************************   Imputation Task   ************************************************************
2025-02-20 01:05:30,971 - Evaluate on pems03_flow_point_imputation:
2025-02-20 01:05:36,730 - masked_mae : 59.80210876464844
2025-02-20 01:05:36,731 - masked_rmse : 82.66265106201172
2025-02-20 01:05:36,734 - masked_mape : 0.764421284198761
2025-02-20 01:05:36,735 - Evaluate on pems03_flow_block_imputation:
2025-02-20 01:05:42,478 - masked_mae : 81.7649917602539
2025-02-20 01:05:42,481 - masked_rmse : 105.7031021118164
2025-02-20 01:05:42,482 - masked_mape : 1.0474728345870972
2025-02-20 01:05:42,483 - Evaluate on pems04_flow_point_imputation:
2025-02-20 01:05:48,066 - masked_mae : 73.4461441040039
2025-02-20 01:05:48,068 - masked_rmse : 97.79886627197266
2025-02-20 01:05:48,069 - masked_mape : 0.5661346316337585
2025-02-20 01:05:48,074 - Evaluate on pems04_flow_block_imputation:
2025-02-20 01:05:53,644 - masked_mae : 96.37740325927734
2025-02-20 01:05:53,645 - masked_rmse : 121.60417938232422
2025-02-20 01:05:53,648 - masked_mape : 0.7345994114875793
2025-02-20 01:05:53,648 - Evaluate on pems07_flow_point_imputation:
2025-02-20 01:05:59,971 - masked_mae : 87.81178283691406
2025-02-20 01:05:59,992 - masked_rmse : 112.56285095214844
2025-02-20 01:06:00,021 - masked_mape : 0.467760294675827
2025-02-20 01:06:00,027 - Evaluate on pems07_flow_block_imputation:
2025-02-20 01:06:06,360 - masked_mae : 145.52957153320312
2025-02-20 01:06:06,374 - masked_rmse : 171.09288024902344
2025-02-20 01:06:06,394 - masked_mape : 0.7431625723838806
2025-02-20 01:06:06,400 - Evaluate on pems08_flow_point_imputation:
2025-02-20 01:06:11,912 - masked_mae : 59.924224853515625
2025-02-20 01:06:11,914 - masked_rmse : 81.62805938720703
2025-02-20 01:06:11,915 - masked_mape : 0.4554046094417572
2025-02-20 01:06:11,915 - Evaluate on pems08_flow_block_imputation:
2025-02-20 01:06:17,383 - masked_mae : 94.421875
2025-02-20 01:06:17,384 - masked_rmse : 117.96051788330078
2025-02-20 01:06:17,385 - masked_mape : 0.8230680823326111
2025-02-20 01:06:17,385 - Evaluate on pemsbay_speed_point_imputation:
2025-02-20 01:06:23,567 - masked_mae : 12.21017074584961
2025-02-20 01:06:23,577 - masked_rmse : 14.763618469238281
2025-02-20 01:06:23,601 - masked_mape : 0.23658902943134308
2025-02-20 01:06:23,608 - Evaluate on pemsbay_speed_block_imputation:
2025-02-20 01:06:29,791 - masked_mae : 27.42144012451172
2025-02-20 01:06:29,803 - masked_rmse : 30.604305267333984
2025-02-20 01:06:29,809 - masked_mape : 0.5228369832038879
2025-02-20 01:06:29,809 - Evaluate on metrla_speed_point_imputation:
2025-02-20 01:06:35,499 - masked_mae : 13.150028228759766
2025-02-20 01:06:35,502 - masked_rmse : 17.627859115600586
2025-02-20 01:06:35,507 - masked_mape : 0.3242165446281433
2025-02-20 01:06:35,508 - Evaluate on metrla_speed_block_imputation:
2025-02-20 01:06:41,215 - masked_mae : 23.297040939331055
2025-02-20 01:06:41,216 - masked_rmse : 28.664688110351562
2025-02-20 01:06:41,218 - masked_mape : 0.5790920257568359
2025-02-20 01:07:18,840 - [Epoch 3] Pretrain Loss: 29.1745
2025-02-20 01:07:18,841 - ************************************************************   Forecasting Task   ************************************************************
2025-02-20 01:07:18,841 - Evaluate on pems03_flow_short_term_forecasting:
2025-02-20 01:07:32,099 - masked_mae : 18.13446617126465
2025-02-20 01:07:32,119 - masked_rmse : 28.653671264648438
2025-02-20 01:07:32,158 - masked_mape : 0.21078141033649445
2025-02-20 01:07:32,158 - Evaluate on pems03_flow_long_term_forecasting:
2025-02-20 01:07:52,589 - masked_mae : 24.346298217773438
2025-02-20 01:07:52,660 - masked_rmse : 37.79419708251953
2025-02-20 01:07:52,796 - masked_mape : 0.30198392271995544
2025-02-20 01:07:52,797 - Evaluate on pems04_flow_short_term_forecasting:
2025-02-20 01:08:02,449 - masked_mae : 25.531583786010742
2025-02-20 01:08:02,461 - masked_rmse : 39.74699401855469
2025-02-20 01:08:02,483 - masked_mape : 0.19640524685382843
2025-02-20 01:08:02,483 - Evaluate on pems04_flow_long_term_forecasting:
2025-02-20 01:08:16,004 - masked_mae : 35.23777770996094
2025-02-20 01:08:16,043 - masked_rmse : 53.38037109375
2025-02-20 01:08:16,118 - masked_mape : 0.2959817349910736
2025-02-20 01:08:16,118 - Evaluate on pems07_flow_short_term_forecasting:
2025-02-20 01:08:41,174 - masked_mae : 31.949722290039062
2025-02-20 01:08:41,223 - masked_rmse : 47.290828704833984
2025-02-20 01:08:41,317 - masked_mape : 0.19451265037059784
2025-02-20 01:08:41,317 - Evaluate on pems07_flow_long_term_forecasting:
2025-02-20 01:09:24,352 - masked_mae : 44.152339935302734
2025-02-20 01:09:24,528 - masked_rmse : 63.889835357666016
2025-02-20 01:09:24,864 - masked_mape : 0.2659061849117279
2025-02-20 01:09:24,864 - Evaluate on pems08_flow_short_term_forecasting:
2025-02-20 01:09:33,016 - masked_mae : 20.043336868286133
2025-02-20 01:09:33,024 - masked_rmse : 31.41692352294922
2025-02-20 01:09:33,038 - masked_mape : 0.26161447167396545
2025-02-20 01:09:33,039 - Evaluate on pems08_flow_long_term_forecasting:
2025-02-20 01:09:43,578 - masked_mae : 26.767419815063477
2025-02-20 01:09:43,603 - masked_rmse : 41.16189956665039
2025-02-20 01:09:43,652 - masked_mape : 0.30825376510620117
2025-02-20 01:09:43,652 - Evaluate on occpairs_occupancy_short_term_forecasting:
2025-02-20 01:09:58,782 - masked_mae : 1.0666531324386597
2025-02-20 01:09:58,807 - masked_rmse : 2.3753280639648438
2025-02-20 01:09:58,854 - masked_mape : 0.1894942969083786
2025-02-20 01:09:58,854 - Evaluate on occpairs_occupancy_long_term_forecasting:
2025-02-20 01:10:22,830 - masked_mae : 1.413551688194275
2025-02-20 01:10:22,918 - masked_rmse : 2.8812255859375
2025-02-20 01:10:23,084 - masked_mape : 0.26847097277641296
2025-02-20 01:10:23,085 - Evaluate on occhamburg_occupancy_short_term_forecasting:
2025-02-20 01:10:34,540 - masked_mae : 5.669702053070068
2025-02-20 01:10:34,556 - masked_rmse : 9.60077953338623
2025-02-20 01:10:34,586 - masked_mape : 0.5351149439811707
2025-02-20 01:10:34,586 - Evaluate on occhamburg_occupancy_long_term_forecasting:
2025-02-20 01:10:51,530 - masked_mae : 6.151005268096924
2025-02-20 01:10:51,585 - masked_rmse : 10.087407112121582
2025-02-20 01:10:51,690 - masked_mape : 0.62142014503479
2025-02-20 01:10:51,690 - Evaluate on pemsbay_speed_short_term_forecasting:
2025-02-20 01:11:12,779 - masked_mae : 2.541184186935425
2025-02-20 01:11:12,818 - masked_rmse : 4.918025016784668
2025-02-20 01:11:12,893 - masked_mape : 0.06540936231613159
2025-02-20 01:11:12,893 - Evaluate on pemsbay_speed_long_term_forecasting:
2025-02-20 01:11:48,126 - masked_mae : 3.5983734130859375
2025-02-20 01:11:48,266 - masked_rmse : 6.6129374504089355
2025-02-20 01:11:48,534 - masked_mape : 0.09217125177383423
2025-02-20 01:11:48,534 - Evaluate on metrla_speed_short_term_forecasting:
2025-02-20 01:12:00,849 - masked_mae : 5.5517497062683105
2025-02-20 01:12:00,867 - masked_rmse : 9.77941608428955
2025-02-20 01:12:00,900 - masked_mape : 0.14929386973381042
2025-02-20 01:12:00,901 - Evaluate on metrla_speed_long_term_forecasting:
2025-02-20 01:12:19,411 - masked_mae : 7.260185241699219
2025-02-20 01:12:19,474 - masked_rmse : 12.025688171386719
2025-02-20 01:12:19,593 - masked_mape : 0.19427794218063354
2025-02-20 01:12:19,593 - Evaluate on trafficsh_speed_short_term_forecasting:
2025-02-20 01:12:30,863 - masked_mae : 0.8262783885002136
2025-02-20 01:12:30,878 - masked_rmse : 1.0976301431655884
2025-02-20 01:12:30,907 - masked_mape : 0.08558928966522217
2025-02-20 01:12:30,907 - Evaluate on trafficsh_speed_long_term_forecasting:
2025-02-20 01:12:47,350 - masked_mae : 0.8865810036659241
2025-02-20 01:12:47,403 - masked_rmse : 1.2172476053237915
2025-02-20 01:12:47,504 - masked_mape : 0.09739458560943604
2025-02-20 01:12:47,505 - Evaluate on bikenyc_inflow_short_term_forecasting:
2025-02-20 01:12:56,415 - masked_mae : 1.1095812320709229
2025-02-20 01:12:56,425 - masked_rmse : 3.560481071472168
2025-02-20 01:12:56,442 - masked_mape : 0.42747488617897034
2025-02-20 01:12:56,443 - Evaluate on bikenyc_inflow_long_term_forecasting:
2025-02-20 01:13:08,492 - masked_mae : 1.5359007120132446
2025-02-20 01:13:08,525 - masked_rmse : 4.871842861175537
2025-02-20 01:13:08,586 - masked_mape : 0.5661727786064148
2025-02-20 01:13:08,586 - Evaluate on taxinyc_inflow_short_term_forecasting:
2025-02-20 01:13:17,487 - masked_mae : 6.849417209625244
2025-02-20 01:13:17,496 - masked_rmse : 18.513954162597656
2025-02-20 01:13:17,514 - masked_mape : 0.7609734535217285
2025-02-20 01:13:17,515 - Evaluate on taxinyc_inflow_long_term_forecasting:
2025-02-20 01:13:29,541 - masked_mae : 9.323783874511719
2025-02-20 01:13:29,573 - masked_rmse : 24.834646224975586
2025-02-20 01:13:29,635 - masked_mape : 1.0998797416687012
2025-02-20 01:13:29,635 - Evaluate on tdrive_inflow_short_term_forecasting:
2025-02-20 01:13:59,570 - masked_mae : 16.617712020874023
2025-02-20 01:13:59,631 - masked_rmse : 31.181974411010742
2025-02-20 01:13:59,747 - masked_mape : 0.4350467920303345
2025-02-20 01:13:59,747 - Evaluate on tdrive_inflow_long_term_forecasting:
2025-02-20 01:14:51,953 - masked_mae : 24.774023056030273
2025-02-20 01:14:52,171 - masked_rmse : 45.8891487121582
2025-02-20 01:14:52,588 - masked_mape : 0.6166287064552307
2025-02-20 01:14:52,589 - ************************************************************   Imputation Task   ************************************************************
2025-02-20 01:14:52,589 - Evaluate on pems03_flow_point_imputation:
2025-02-20 01:14:58,378 - masked_mae : 62.22004318237305
2025-02-20 01:14:58,380 - masked_rmse : 85.58464813232422
2025-02-20 01:14:58,388 - masked_mape : 0.9153158664703369
2025-02-20 01:14:58,388 - Evaluate on pems03_flow_block_imputation:
2025-02-20 01:15:04,184 - masked_mae : 78.15975952148438
2025-02-20 01:15:04,186 - masked_rmse : 100.79025268554688
2025-02-20 01:15:04,189 - masked_mape : 1.1005268096923828
2025-02-20 01:15:04,189 - Evaluate on pems04_flow_point_imputation:
2025-02-20 01:15:09,792 - masked_mae : 79.1863784790039
2025-02-20 01:15:09,794 - masked_rmse : 105.6240234375
2025-02-20 01:15:09,796 - masked_mape : 0.6505466103553772
2025-02-20 01:15:09,796 - Evaluate on pems04_flow_block_imputation:
2025-02-20 01:15:15,414 - masked_mae : 96.0457763671875
2025-02-20 01:15:15,416 - masked_rmse : 120.29608917236328
2025-02-20 01:15:15,418 - masked_mape : 0.7564010620117188
2025-02-20 01:15:15,418 - Evaluate on pems07_flow_point_imputation:
2025-02-20 01:15:21,812 - masked_mae : 93.45791625976562
2025-02-20 01:15:21,830 - masked_rmse : 119.82347106933594
2025-02-20 01:15:21,857 - masked_mape : 0.5565496683120728
2025-02-20 01:15:21,868 - Evaluate on pems07_flow_block_imputation:
2025-02-20 01:15:28,246 - masked_mae : 138.20021057128906
2025-02-20 01:15:28,255 - masked_rmse : 162.65090942382812
2025-02-20 01:15:28,266 - masked_mape : 0.7699193358421326
2025-02-20 01:15:28,266 - Evaluate on pems08_flow_point_imputation:
2025-02-20 01:15:33,793 - masked_mae : 64.17902374267578
2025-02-20 01:15:33,794 - masked_rmse : 87.78748321533203
2025-02-20 01:15:33,795 - masked_mape : 0.5824434161186218
2025-02-20 01:15:33,795 - Evaluate on pems08_flow_block_imputation:
2025-02-20 01:15:39,363 - masked_mae : 90.74776458740234
2025-02-20 01:15:39,364 - masked_rmse : 113.35001373291016
2025-02-20 01:15:39,366 - masked_mape : 0.8902279734611511
2025-02-20 01:15:39,366 - Evaluate on pemsbay_speed_point_imputation:
2025-02-20 01:15:45,559 - masked_mae : 10.480263710021973
2025-02-20 01:15:45,574 - masked_rmse : 13.319433212280273
2025-02-20 01:15:45,597 - masked_mape : 0.20639653503894806
2025-02-20 01:15:45,597 - Evaluate on pemsbay_speed_block_imputation:
2025-02-20 01:15:51,779 - masked_mae : 26.251773834228516
2025-02-20 01:15:51,788 - masked_rmse : 29.39531898498535
2025-02-20 01:15:51,800 - masked_mape : 0.500852108001709
2025-02-20 01:15:51,800 - Evaluate on metrla_speed_point_imputation:
2025-02-20 01:15:57,532 - masked_mae : 11.292977333068848
2025-02-20 01:15:57,533 - masked_rmse : 15.941576957702637
2025-02-20 01:15:57,535 - masked_mape : 0.28735288977622986
2025-02-20 01:15:57,535 - Evaluate on metrla_speed_block_imputation:
2025-02-20 01:16:03,318 - masked_mae : 21.78717613220215
2025-02-20 01:16:03,320 - masked_rmse : 26.895092010498047
2025-02-20 01:16:03,327 - masked_mape : 0.542084276676178
2025-02-20 01:16:40,944 - [Epoch 4] Pretrain Loss: 28.1518
2025-02-20 01:16:40,944 - ************************************************************   Forecasting Task   ************************************************************
2025-02-20 01:16:40,945 - Evaluate on pems03_flow_short_term_forecasting:
2025-02-20 01:16:54,235 - masked_mae : 17.621706008911133
2025-02-20 01:16:54,255 - masked_rmse : 28.41557502746582
2025-02-20 01:16:54,294 - masked_mape : 0.1748371571302414
2025-02-20 01:16:54,294 - Evaluate on pems03_flow_long_term_forecasting:
2025-02-20 01:17:14,653 - masked_mae : 24.1234130859375
2025-02-20 01:17:14,724 - masked_rmse : 38.048431396484375
2025-02-20 01:17:14,860 - masked_mape : 0.25884321331977844
2025-02-20 01:17:14,861 - Evaluate on pems04_flow_short_term_forecasting:
2025-02-20 01:17:24,557 - masked_mae : 25.274633407592773
2025-02-20 01:17:24,569 - masked_rmse : 39.97718811035156
2025-02-20 01:17:24,590 - masked_mape : 0.17736388742923737
2025-02-20 01:17:24,591 - Evaluate on pems04_flow_long_term_forecasting:
2025-02-20 01:17:38,161 - masked_mae : 35.41948699951172
2025-02-20 01:17:38,201 - masked_rmse : 54.30095291137695
2025-02-20 01:17:38,276 - masked_mape : 0.2726582884788513
2025-02-20 01:17:38,276 - Evaluate on pems07_flow_short_term_forecasting:
2025-02-20 01:18:03,477 - masked_mae : 30.683874130249023
2025-02-20 01:18:03,526 - masked_rmse : 46.11783218383789
2025-02-20 01:18:03,620 - masked_mape : 0.15962116420269012
2025-02-20 01:18:03,620 - Evaluate on pems07_flow_long_term_forecasting:
2025-02-20 01:18:46,484 - masked_mae : 43.591461181640625
2025-02-20 01:18:46,659 - masked_rmse : 64.04878997802734
2025-02-20 01:18:46,995 - masked_mape : 0.23118211328983307
2025-02-20 01:18:46,996 - Evaluate on pems08_flow_short_term_forecasting:
2025-02-20 01:18:55,138 - masked_mae : 19.059612274169922
2025-02-20 01:18:55,146 - masked_rmse : 30.49562644958496
2025-02-20 01:18:55,160 - masked_mape : 0.19603069126605988
2025-02-20 01:18:55,160 - Evaluate on pems08_flow_long_term_forecasting:
2025-02-20 01:19:05,743 - masked_mae : 26.3242130279541
2025-02-20 01:19:05,769 - masked_rmse : 41.22148132324219
2025-02-20 01:19:05,818 - masked_mape : 0.24272827804088593
2025-02-20 01:19:05,818 - Evaluate on occpairs_occupancy_short_term_forecasting:
2025-02-20 01:19:20,921 - masked_mae : 1.0453039407730103
2025-02-20 01:19:20,946 - masked_rmse : 2.3506813049316406
2025-02-20 01:19:20,993 - masked_mape : 0.1787184625864029
2025-02-20 01:19:20,993 - Evaluate on occpairs_occupancy_long_term_forecasting:
2025-02-20 01:19:44,932 - masked_mae : 1.3942832946777344
2025-02-20 01:19:45,019 - masked_rmse : 2.8538219928741455
2025-02-20 01:19:45,186 - masked_mape : 0.2577204406261444
2025-02-20 01:19:45,187 - Evaluate on occhamburg_occupancy_short_term_forecasting:
2025-02-20 01:19:56,657 - masked_mae : 5.680816650390625
2025-02-20 01:19:56,673 - masked_rmse : 9.622947692871094
2025-02-20 01:19:56,703 - masked_mape : 0.5346129536628723
2025-02-20 01:19:56,703 - Evaluate on occhamburg_occupancy_long_term_forecasting:
2025-02-20 01:20:13,616 - masked_mae : 6.135569095611572
2025-02-20 01:20:13,671 - masked_rmse : 10.090779304504395
2025-02-20 01:20:13,776 - masked_mape : 0.611678957939148
2025-02-20 01:20:13,777 - Evaluate on pemsbay_speed_short_term_forecasting:
2025-02-20 01:20:34,868 - masked_mae : 2.519746780395508
2025-02-20 01:20:34,907 - masked_rmse : 4.969867706298828
2025-02-20 01:20:34,982 - masked_mape : 0.0634540468454361
2025-02-20 01:20:34,982 - Evaluate on pemsbay_speed_long_term_forecasting:
2025-02-20 01:21:10,274 - masked_mae : 3.680058717727661
2025-02-20 01:21:10,414 - masked_rmse : 6.807913303375244
2025-02-20 01:21:10,681 - masked_mape : 0.09219666570425034
2025-02-20 01:21:10,682 - Evaluate on metrla_speed_short_term_forecasting:
2025-02-20 01:21:22,977 - masked_mae : 5.367333889007568
2025-02-20 01:21:22,995 - masked_rmse : 9.727301597595215
2025-02-20 01:21:23,028 - masked_mape : 0.14382033050060272
2025-02-20 01:21:23,029 - Evaluate on metrla_speed_long_term_forecasting:
2025-02-20 01:21:41,600 - masked_mae : 7.2058844566345215
2025-02-20 01:21:41,663 - masked_rmse : 12.124229431152344
2025-02-20 01:21:41,782 - masked_mape : 0.19208918511867523
2025-02-20 01:21:41,782 - Evaluate on trafficsh_speed_short_term_forecasting:
2025-02-20 01:21:53,083 - masked_mae : 0.6726698279380798
2025-02-20 01:21:53,099 - masked_rmse : 0.9441094398498535
2025-02-20 01:21:53,128 - masked_mape : 0.0757751539349556
2025-02-20 01:21:53,128 - Evaluate on trafficsh_speed_long_term_forecasting:
2025-02-20 01:22:09,654 - masked_mae : 0.7611699104309082
2025-02-20 01:22:09,707 - masked_rmse : 1.099897027015686
2025-02-20 01:22:09,808 - masked_mape : 0.09102752804756165
2025-02-20 01:22:09,808 - Evaluate on bikenyc_inflow_short_term_forecasting:
2025-02-20 01:22:18,715 - masked_mae : 1.0550037622451782
2025-02-20 01:22:18,724 - masked_rmse : 3.4445602893829346
2025-02-20 01:22:18,742 - masked_mape : 0.4085763692855835
2025-02-20 01:22:18,742 - Evaluate on bikenyc_inflow_long_term_forecasting:
2025-02-20 01:22:30,804 - masked_mae : 1.4783767461776733
2025-02-20 01:22:30,836 - masked_rmse : 4.7277984619140625
2025-02-20 01:22:30,898 - masked_mape : 0.5442124605178833
2025-02-20 01:22:30,898 - Evaluate on taxinyc_inflow_short_term_forecasting:
2025-02-20 01:22:39,830 - masked_mae : 6.043323516845703
2025-02-20 01:22:39,839 - masked_rmse : 17.964195251464844
2025-02-20 01:22:39,857 - masked_mape : 0.5340827703475952
2025-02-20 01:22:39,857 - Evaluate on taxinyc_inflow_long_term_forecasting:
2025-02-20 01:22:51,857 - masked_mae : 8.489259719848633
2025-02-20 01:22:51,890 - masked_rmse : 24.271194458007812
2025-02-20 01:22:51,951 - masked_mape : 0.873217761516571
2025-02-20 01:22:51,952 - Evaluate on tdrive_inflow_short_term_forecasting:
2025-02-20 01:23:21,909 - masked_mae : 15.889342308044434
2025-02-20 01:23:21,970 - masked_rmse : 31.063066482543945
2025-02-20 01:23:22,086 - masked_mape : 0.2935667335987091
2025-02-20 01:23:22,086 - Evaluate on tdrive_inflow_long_term_forecasting:
2025-02-20 01:24:14,439 - masked_mae : 23.806455612182617
2025-02-20 01:24:14,657 - masked_rmse : 45.501373291015625
2025-02-20 01:24:15,075 - masked_mape : 0.4816066324710846
2025-02-20 01:24:15,075 - ************************************************************   Imputation Task   ************************************************************
2025-02-20 01:24:15,075 - Evaluate on pems03_flow_point_imputation:
2025-02-20 01:24:20,900 - masked_mae : 66.07815551757812
2025-02-20 01:24:20,902 - masked_rmse : 89.96239471435547
2025-02-20 01:24:20,905 - masked_mape : 1.071401596069336
2025-02-20 01:24:20,905 - Evaluate on pems03_flow_block_imputation:
2025-02-20 01:24:26,725 - masked_mae : 78.03195190429688
2025-02-20 01:24:26,726 - masked_rmse : 101.03413391113281
2025-02-20 01:24:26,729 - masked_mape : 1.2152531147003174
2025-02-20 01:24:26,734 - Evaluate on pems04_flow_point_imputation:
2025-02-20 01:24:32,389 - masked_mae : 85.45350646972656
2025-02-20 01:24:32,390 - masked_rmse : 112.06139373779297
2025-02-20 01:24:32,392 - masked_mape : 0.7518625259399414
2025-02-20 01:24:32,392 - Evaluate on pems04_flow_block_imputation:
2025-02-20 01:24:37,987 - masked_mae : 95.59783172607422
2025-02-20 01:24:37,988 - masked_rmse : 120.33204650878906
2025-02-20 01:24:37,989 - masked_mape : 0.8128398656845093
2025-02-20 01:24:37,989 - Evaluate on pems07_flow_point_imputation:
2025-02-20 01:24:44,370 - masked_mae : 98.00527954101562
2025-02-20 01:24:44,391 - masked_rmse : 125.11091613769531
2025-02-20 01:24:44,418 - masked_mape : 0.6446965336799622
2025-02-20 01:24:44,418 - Evaluate on pems07_flow_block_imputation:
2025-02-20 01:24:50,764 - masked_mae : 136.2557830810547
2025-02-20 01:24:50,779 - masked_rmse : 160.8620147705078
2025-02-20 01:24:50,804 - masked_mape : 0.8274708986282349
2025-02-20 01:24:50,804 - Evaluate on pems08_flow_point_imputation:
2025-02-20 01:24:56,336 - masked_mae : 67.54936981201172
2025-02-20 01:24:56,337 - masked_rmse : 91.58867645263672
2025-02-20 01:24:56,338 - masked_mape : 0.6934372782707214
2025-02-20 01:24:56,338 - Evaluate on pems08_flow_block_imputation:
2025-02-20 01:25:01,890 - masked_mae : 89.33338928222656
2025-02-20 01:25:01,891 - masked_rmse : 112.55561828613281
2025-02-20 01:25:01,892 - masked_mape : 0.9765021800994873
2025-02-20 01:25:01,892 - Evaluate on pemsbay_speed_point_imputation:
2025-02-20 01:25:08,169 - masked_mae : 10.384162902832031
2025-02-20 01:25:08,184 - masked_rmse : 13.488726615905762
2025-02-20 01:25:08,208 - masked_mape : 0.20650692284107208
2025-02-20 01:25:08,213 - Evaluate on pemsbay_speed_block_imputation:
2025-02-20 01:25:14,486 - masked_mae : 26.35796546936035
2025-02-20 01:25:14,497 - masked_rmse : 29.5418701171875
2025-02-20 01:25:14,508 - masked_mape : 0.5048404932022095
2025-02-20 01:25:14,512 - Evaluate on metrla_speed_point_imputation:
2025-02-20 01:25:20,316 - masked_mae : 11.10047721862793
2025-02-20 01:25:20,318 - masked_rmse : 15.980876922607422
2025-02-20 01:25:20,324 - masked_mape : 0.2898861765861511
2025-02-20 01:25:20,324 - Evaluate on metrla_speed_block_imputation:
2025-02-20 01:25:26,090 - masked_mae : 21.587387084960938
2025-02-20 01:25:26,091 - masked_rmse : 26.699710845947266
2025-02-20 01:25:26,093 - masked_mape : 0.5423147082328796
2025-02-20 01:26:03,698 - [Epoch 5] Pretrain Loss: 27.8020
2025-02-20 01:26:03,699 - ************************************************************   Forecasting Task   ************************************************************
2025-02-20 01:26:03,699 - Evaluate on pems03_flow_short_term_forecasting:
2025-02-20 01:26:17,084 - masked_mae : 17.109880447387695
2025-02-20 01:26:17,105 - masked_rmse : 27.5699520111084
2025-02-20 01:26:17,143 - masked_mape : 0.17902810871601105
2025-02-20 01:26:17,143 - Evaluate on pems03_flow_long_term_forecasting:
2025-02-20 01:26:37,578 - masked_mae : 23.64946746826172
2025-02-20 01:26:37,649 - masked_rmse : 37.413089752197266
2025-02-20 01:26:37,785 - masked_mape : 0.2635447382926941
2025-02-20 01:26:37,785 - Evaluate on pems04_flow_short_term_forecasting:
2025-02-20 01:26:47,477 - masked_mae : 24.439359664916992
2025-02-20 01:26:47,489 - masked_rmse : 38.37843322753906
2025-02-20 01:26:47,510 - masked_mape : 0.1764126867055893
2025-02-20 01:26:47,510 - Evaluate on pems04_flow_long_term_forecasting:
2025-02-20 01:27:01,097 - masked_mae : 34.4351921081543
2025-02-20 01:27:01,136 - masked_rmse : 52.447383880615234
2025-02-20 01:27:01,211 - masked_mape : 0.2709534466266632
2025-02-20 01:27:01,211 - Evaluate on pems07_flow_short_term_forecasting:
2025-02-20 01:27:26,298 - masked_mae : 30.054359436035156
2025-02-20 01:27:26,347 - masked_rmse : 44.80482864379883
2025-02-20 01:27:26,441 - masked_mape : 0.16045472025871277
2025-02-20 01:27:26,441 - Evaluate on pems07_flow_long_term_forecasting:
2025-02-20 01:28:09,451 - masked_mae : 42.87288284301758
2025-02-20 01:28:09,627 - masked_rmse : 62.79972839355469
2025-02-20 01:28:09,963 - masked_mape : 0.23322050273418427
2025-02-20 01:28:09,963 - Evaluate on pems08_flow_short_term_forecasting:
2025-02-20 01:28:18,173 - masked_mae : 18.667680740356445
2025-02-20 01:28:18,180 - masked_rmse : 29.67427635192871
2025-02-20 01:28:18,194 - masked_mape : 0.1991479992866516
2025-02-20 01:28:18,195 - Evaluate on pems08_flow_long_term_forecasting:
2025-02-20 01:28:28,844 - masked_mae : 25.851598739624023
2025-02-20 01:28:28,869 - masked_rmse : 40.273372650146484
2025-02-20 01:28:28,918 - masked_mape : 0.24868373572826385
2025-02-20 01:28:28,918 - Evaluate on occpairs_occupancy_short_term_forecasting:
2025-02-20 01:28:44,106 - masked_mae : 1.005003571510315
2025-02-20 01:28:44,130 - masked_rmse : 2.277397394180298
2025-02-20 01:28:44,177 - masked_mape : 0.1710088849067688
2025-02-20 01:28:44,178 - Evaluate on occpairs_occupancy_long_term_forecasting:
2025-02-20 01:29:08,160 - masked_mae : 1.3669618368148804
2025-02-20 01:29:08,247 - masked_rmse : 2.8294055461883545
2025-02-20 01:29:08,414 - masked_mape : 0.24775415658950806
2025-02-20 01:29:08,414 - Evaluate on occhamburg_occupancy_short_term_forecasting:
2025-02-20 01:29:19,905 - masked_mae : 5.611008167266846
2025-02-20 01:29:19,921 - masked_rmse : 9.557426452636719
2025-02-20 01:29:19,951 - masked_mape : 0.5184709429740906
2025-02-20 01:29:19,951 - Evaluate on occhamburg_occupancy_long_term_forecasting:
2025-02-20 01:29:36,941 - masked_mae : 6.075153350830078
2025-02-20 01:29:36,996 - masked_rmse : 10.053837776184082
2025-02-20 01:29:37,101 - masked_mape : 0.5931203961372375
2025-02-20 01:29:37,101 - Evaluate on pemsbay_speed_short_term_forecasting:
2025-02-20 01:29:58,171 - masked_mae : 2.4616997241973877
2025-02-20 01:29:58,210 - masked_rmse : 4.850980281829834
2025-02-20 01:29:58,285 - masked_mape : 0.06237858906388283
2025-02-20 01:29:58,285 - Evaluate on pemsbay_speed_long_term_forecasting:
2025-02-20 01:30:33,610 - masked_mae : 3.5894715785980225
2025-02-20 01:30:33,750 - masked_rmse : 6.632228374481201
2025-02-20 01:30:34,018 - masked_mape : 0.09051540493965149
2025-02-20 01:30:34,018 - Evaluate on metrla_speed_short_term_forecasting:
2025-02-20 01:30:46,361 - masked_mae : 5.2767415046691895
2025-02-20 01:30:46,379 - masked_rmse : 9.652164459228516
2025-02-20 01:30:46,412 - masked_mape : 0.14192743599414825
2025-02-20 01:30:46,413 - Evaluate on metrla_speed_long_term_forecasting:
2025-02-20 01:31:05,027 - masked_mae : 7.074530124664307
2025-02-20 01:31:05,089 - masked_rmse : 11.993624687194824
2025-02-20 01:31:05,209 - masked_mape : 0.18931283056735992
2025-02-20 01:31:05,209 - Evaluate on trafficsh_speed_short_term_forecasting:
2025-02-20 01:31:16,528 - masked_mae : 0.6942873001098633
2025-02-20 01:31:16,543 - masked_rmse : 0.9513887763023376
2025-02-20 01:31:16,572 - masked_mape : 0.0773952379822731
2025-02-20 01:31:16,572 - Evaluate on trafficsh_speed_long_term_forecasting:
2025-02-20 01:31:33,130 - masked_mae : 0.7719526886940002
2025-02-20 01:31:33,183 - masked_rmse : 1.0967869758605957
2025-02-20 01:31:33,284 - masked_mape : 0.09148257970809937
2025-02-20 01:31:33,284 - Evaluate on bikenyc_inflow_short_term_forecasting:
2025-02-20 01:31:42,224 - masked_mae : 1.0287548303604126
2025-02-20 01:31:42,233 - masked_rmse : 3.3387882709503174
2025-02-20 01:31:42,251 - masked_mape : 0.3938919007778168
2025-02-20 01:31:42,252 - Evaluate on bikenyc_inflow_long_term_forecasting:
2025-02-20 01:31:54,362 - masked_mae : 1.46782648563385
2025-02-20 01:31:54,395 - masked_rmse : 4.751300811767578
2025-02-20 01:31:54,456 - masked_mape : 0.5289395451545715
2025-02-20 01:31:54,457 - Evaluate on taxinyc_inflow_short_term_forecasting:
2025-02-20 01:32:06,786 - masked_mae : 5.5284342765808105
2025-02-20 01:32:06,795 - masked_rmse : 16.282257080078125
2025-02-20 01:32:06,813 - masked_mape : 0.5185381174087524
2025-02-20 01:32:06,813 - Evaluate on taxinyc_inflow_long_term_forecasting:
2025-02-20 01:32:18,925 - masked_mae : 8.248831748962402
2025-02-20 01:32:18,957 - masked_rmse : 23.90728187561035
2025-02-20 01:32:19,019 - masked_mape : 0.8530917167663574
2025-02-20 01:32:19,019 - Evaluate on tdrive_inflow_short_term_forecasting:
2025-02-20 01:32:49,012 - masked_mae : 14.569759368896484
2025-02-20 01:32:49,072 - masked_rmse : 28.039030075073242
2025-02-20 01:32:49,188 - masked_mape : 0.31448373198509216
2025-02-20 01:32:49,189 - Evaluate on tdrive_inflow_long_term_forecasting:
2025-02-20 01:33:41,451 - masked_mae : 23.291872024536133
2025-02-20 01:33:41,668 - masked_rmse : 44.61019515991211
2025-02-20 01:33:42,086 - masked_mape : 0.49834585189819336
2025-02-20 01:33:42,087 - ************************************************************   Imputation Task   ************************************************************
2025-02-20 01:33:42,087 - Evaluate on pems03_flow_point_imputation:
2025-02-20 01:33:47,908 - masked_mae : 62.1353759765625
2025-02-20 01:33:47,909 - masked_rmse : 84.85880279541016
2025-02-20 01:33:47,917 - masked_mape : 1.0103479623794556
2025-02-20 01:33:47,917 - Evaluate on pems03_flow_block_imputation:
2025-02-20 01:33:53,774 - masked_mae : 78.4506607055664
2025-02-20 01:33:53,777 - masked_rmse : 100.86711120605469
2025-02-20 01:33:53,779 - masked_mape : 1.186236023902893
2025-02-20 01:33:53,779 - Evaluate on pems04_flow_point_imputation:
2025-02-20 01:33:59,437 - masked_mae : 78.97672271728516
2025-02-20 01:33:59,438 - masked_rmse : 104.68292999267578
2025-02-20 01:33:59,446 - masked_mape : 0.6924072504043579
2025-02-20 01:33:59,452 - Evaluate on pems04_flow_block_imputation:
2025-02-20 01:34:05,099 - masked_mae : 95.8982925415039
2025-02-20 01:34:05,106 - masked_rmse : 119.83838653564453
2025-02-20 01:34:05,108 - masked_mape : 0.7904992699623108
2025-02-20 01:34:05,108 - Evaluate on pems07_flow_point_imputation:
2025-02-20 01:34:11,528 - masked_mae : 92.82972717285156
2025-02-20 01:34:11,545 - masked_rmse : 118.88387298583984
2025-02-20 01:34:11,571 - masked_mape : 0.6041383743286133
2025-02-20 01:34:11,579 - Evaluate on pems07_flow_block_imputation:
2025-02-20 01:34:18,010 - masked_mae : 139.80271911621094
2025-02-20 01:34:18,019 - masked_rmse : 163.4083251953125
2025-02-20 01:34:18,033 - masked_mape : 0.825782299041748
2025-02-20 01:34:18,039 - Evaluate on pems08_flow_point_imputation:
2025-02-20 01:34:23,615 - masked_mae : 63.19823455810547
2025-02-20 01:34:23,616 - masked_rmse : 85.89030456542969
2025-02-20 01:34:23,618 - masked_mape : 0.6511104702949524
2025-02-20 01:34:23,618 - Evaluate on pems08_flow_block_imputation:
2025-02-20 01:34:29,192 - masked_mae : 91.59099578857422
2025-02-20 01:34:29,193 - masked_rmse : 113.9947509765625
2025-02-20 01:34:29,195 - masked_mape : 0.9808549880981445
2025-02-20 01:34:29,195 - Evaluate on pemsbay_speed_point_imputation:
2025-02-20 01:34:35,465 - masked_mae : 10.821160316467285
2025-02-20 01:34:35,476 - masked_rmse : 13.81103515625
2025-02-20 01:34:35,500 - masked_mape : 0.2142574042081833
2025-02-20 01:34:35,507 - Evaluate on pemsbay_speed_block_imputation:
2025-02-20 01:34:41,763 - masked_mae : 27.123512268066406
2025-02-20 01:34:41,774 - masked_rmse : 30.28083610534668
2025-02-20 01:34:41,780 - masked_mape : 0.5185949206352234
2025-02-20 01:34:41,780 - Evaluate on metrla_speed_point_imputation:
2025-02-20 01:34:47,575 - masked_mae : 11.423378944396973
2025-02-20 01:34:47,578 - masked_rmse : 16.133649826049805
2025-02-20 01:34:47,580 - masked_mape : 0.2967359125614166
2025-02-20 01:34:47,580 - Evaluate on metrla_speed_block_imputation:
2025-02-20 01:34:53,389 - masked_mae : 22.196237564086914
2025-02-20 01:34:53,391 - masked_rmse : 27.2940673828125
2025-02-20 01:34:53,392 - masked_mape : 0.5551764369010925
2025-02-20 01:35:31,075 - [Epoch 6] Pretrain Loss: 27.3458
2025-02-20 01:35:31,076 - ************************************************************   Forecasting Task   ************************************************************
2025-02-20 01:35:31,076 - Evaluate on pems03_flow_short_term_forecasting:
2025-02-20 01:35:44,441 - masked_mae : 16.94302749633789
2025-02-20 01:35:44,462 - masked_rmse : 27.421058654785156
2025-02-20 01:35:44,500 - masked_mape : 0.1701631098985672
2025-02-20 01:35:44,500 - Evaluate on pems03_flow_long_term_forecasting:
2025-02-20 01:36:04,925 - masked_mae : 23.52569580078125
2025-02-20 01:36:04,996 - masked_rmse : 37.4117546081543
2025-02-20 01:36:05,132 - masked_mape : 0.24960219860076904
2025-02-20 01:36:05,132 - Evaluate on pems04_flow_short_term_forecasting:
2025-02-20 01:36:14,902 - masked_mae : 24.20844268798828
2025-02-20 01:36:14,913 - masked_rmse : 38.046783447265625
2025-02-20 01:36:14,935 - masked_mape : 0.16868697106838226
2025-02-20 01:36:14,935 - Evaluate on pems04_flow_long_term_forecasting:
2025-02-20 01:36:28,540 - masked_mae : 34.28083038330078
2025-02-20 01:36:28,579 - masked_rmse : 52.24637222290039
2025-02-20 01:36:28,654 - masked_mape : 0.2593748867511749
2025-02-20 01:36:28,654 - Evaluate on pems07_flow_short_term_forecasting:
2025-02-20 01:36:53,901 - masked_mae : 29.727819442749023
2025-02-20 01:36:53,949 - masked_rmse : 44.28450393676758
2025-02-20 01:36:54,043 - masked_mape : 0.15317392349243164
2025-02-20 01:36:54,043 - Evaluate on pems07_flow_long_term_forecasting:
2025-02-20 01:37:37,142 - masked_mae : 42.8315315246582
2025-02-20 01:37:37,317 - masked_rmse : 62.8765754699707
2025-02-20 01:37:37,653 - masked_mape : 0.2272857278585434
2025-02-20 01:37:37,654 - Evaluate on pems08_flow_short_term_forecasting:
2025-02-20 01:37:45,866 - masked_mae : 18.499067306518555
2025-02-20 01:37:45,874 - masked_rmse : 29.410398483276367
2025-02-20 01:37:45,888 - masked_mape : 0.1844915747642517
2025-02-20 01:37:45,888 - Evaluate on pems08_flow_long_term_forecasting:
2025-02-20 01:37:56,564 - masked_mae : 25.813690185546875
2025-02-20 01:37:56,590 - masked_rmse : 40.21632385253906
2025-02-20 01:37:56,638 - masked_mape : 0.23712533712387085
2025-02-20 01:37:56,638 - Evaluate on occpairs_occupancy_short_term_forecasting:
2025-02-20 01:38:11,817 - masked_mae : 1.0179492235183716
2025-02-20 01:38:11,842 - masked_rmse : 2.2816712856292725
2025-02-20 01:38:11,889 - masked_mape : 0.17091667652130127
2025-02-20 01:38:11,889 - Evaluate on occpairs_occupancy_long_term_forecasting:
2025-02-20 01:38:35,792 - masked_mae : 1.3634763956069946
2025-02-20 01:38:35,879 - masked_rmse : 2.821967363357544
2025-02-20 01:38:36,046 - masked_mape : 0.2419818639755249
2025-02-20 01:38:36,046 - Evaluate on occhamburg_occupancy_short_term_forecasting:
2025-02-20 01:38:47,597 - masked_mae : 5.631470203399658
2025-02-20 01:38:47,612 - masked_rmse : 9.58313274383545
2025-02-20 01:38:47,642 - masked_mape : 0.5162646174430847
2025-02-20 01:38:47,642 - Evaluate on occhamburg_occupancy_long_term_forecasting:
2025-02-20 01:39:04,623 - masked_mae : 6.055654048919678
2025-02-20 01:39:04,678 - masked_rmse : 10.061126708984375
2025-02-20 01:39:04,783 - masked_mape : 0.5787113904953003
2025-02-20 01:39:04,783 - Evaluate on pemsbay_speed_short_term_forecasting:
2025-02-20 01:39:25,889 - masked_mae : 2.436931848526001
2025-02-20 01:39:25,928 - masked_rmse : 4.800602436065674
2025-02-20 01:39:26,003 - masked_mape : 0.061383116990327835
2025-02-20 01:39:26,003 - Evaluate on pemsbay_speed_long_term_forecasting:
2025-02-20 01:40:01,386 - masked_mae : 3.577740430831909
2025-02-20 01:40:01,526 - masked_rmse : 6.576267242431641
2025-02-20 01:40:01,794 - masked_mape : 0.0896991714835167
2025-02-20 01:40:01,794 - Evaluate on metrla_speed_short_term_forecasting:
2025-02-20 01:40:14,133 - masked_mae : 5.2692131996154785
2025-02-20 01:40:14,150 - masked_rmse : 9.701367378234863
2025-02-20 01:40:14,184 - masked_mape : 0.1412161886692047
2025-02-20 01:40:14,184 - Evaluate on metrla_speed_long_term_forecasting:
2025-02-20 01:40:32,856 - masked_mae : 7.084578037261963
2025-02-20 01:40:32,918 - masked_rmse : 12.050080299377441
2025-02-20 01:40:33,037 - masked_mape : 0.18883824348449707
2025-02-20 01:40:33,038 - Evaluate on trafficsh_speed_short_term_forecasting:
2025-02-20 01:40:44,383 - masked_mae : 0.6930065155029297
2025-02-20 01:40:44,398 - masked_rmse : 0.9376038908958435
2025-02-20 01:40:44,427 - masked_mape : 0.07934034615755081
2025-02-20 01:40:44,427 - Evaluate on trafficsh_speed_long_term_forecasting:
2025-02-20 01:41:00,977 - masked_mae : 0.769914448261261
2025-02-20 01:41:01,030 - masked_rmse : 1.0841559171676636
2025-02-20 01:41:01,131 - masked_mape : 0.09319403022527695
2025-02-20 01:41:01,131 - Evaluate on bikenyc_inflow_short_term_forecasting:
2025-02-20 01:41:10,092 - masked_mae : 1.039028525352478
2025-02-20 01:41:10,101 - masked_rmse : 3.351361036300659
2025-02-20 01:41:10,119 - masked_mape : 0.3891240358352661
2025-02-20 01:41:10,119 - Evaluate on bikenyc_inflow_long_term_forecasting:
2025-02-20 01:41:22,252 - masked_mae : 1.4468837976455688
2025-02-20 01:41:22,284 - masked_rmse : 4.702945232391357
2025-02-20 01:41:22,346 - masked_mape : 0.5119320750236511
2025-02-20 01:41:22,346 - Evaluate on taxinyc_inflow_short_term_forecasting:
2025-02-20 01:41:31,299 - masked_mae : 6.120358943939209
2025-02-20 01:41:31,308 - masked_rmse : 16.55086326599121
2025-02-20 01:41:31,326 - masked_mape : 0.6087828278541565
2025-02-20 01:41:31,326 - Evaluate on taxinyc_inflow_long_term_forecasting:
2025-02-20 01:41:43,428 - masked_mae : 8.56391429901123
2025-02-20 01:41:43,460 - masked_rmse : 23.98512077331543
2025-02-20 01:41:43,522 - masked_mape : 0.88978511095047
2025-02-20 01:41:43,522 - Evaluate on tdrive_inflow_short_term_forecasting:
2025-02-20 01:42:13,519 - masked_mae : 14.779877662658691
2025-02-20 01:42:13,580 - masked_rmse : 28.297475814819336
2025-02-20 01:42:13,696 - masked_mape : 0.33232617378234863
2025-02-20 01:42:13,696 - Evaluate on tdrive_inflow_long_term_forecasting:
2025-02-20 01:43:06,099 - masked_mae : 23.20050621032715
2025-02-20 01:43:06,317 - masked_rmse : 44.53774642944336
2025-02-20 01:43:06,735 - masked_mape : 0.49848660826683044
2025-02-20 01:43:06,735 - ************************************************************   Imputation Task   ************************************************************
2025-02-20 01:43:06,735 - Evaluate on pems03_flow_point_imputation:
2025-02-20 01:43:12,599 - masked_mae : 61.990421295166016
2025-02-20 01:43:12,600 - masked_rmse : 85.0005111694336
2025-02-20 01:43:12,603 - masked_mape : 0.9884017705917358
2025-02-20 01:43:12,604 - Evaluate on pems03_flow_block_imputation:
2025-02-20 01:43:18,432 - masked_mae : 82.11178588867188
2025-02-20 01:43:18,435 - masked_rmse : 104.97203826904297
2025-02-20 01:43:18,437 - masked_mape : 1.2399698495864868
2025-02-20 01:43:18,437 - Evaluate on pems04_flow_point_imputation:
2025-02-20 01:43:24,118 - masked_mae : 78.39097595214844
2025-02-20 01:43:24,120 - masked_rmse : 104.47805786132812
2025-02-20 01:43:24,127 - masked_mape : 0.6737074255943298
2025-02-20 01:43:24,133 - Evaluate on pems04_flow_block_imputation:
2025-02-20 01:43:29,816 - masked_mae : 99.95773315429688
2025-02-20 01:43:29,816 - masked_rmse : 124.16148376464844
2025-02-20 01:43:29,818 - masked_mape : 0.8235579133033752
2025-02-20 01:43:29,818 - Evaluate on pems07_flow_point_imputation:
2025-02-20 01:43:36,260 - masked_mae : 93.79415130615234
2025-02-20 01:43:36,282 - masked_rmse : 120.391357421875
2025-02-20 01:43:36,313 - masked_mape : 0.5790197253227234
2025-02-20 01:43:36,319 - Evaluate on pems07_flow_block_imputation:
2025-02-20 01:43:42,770 - masked_mae : 147.10496520996094
2025-02-20 01:43:42,784 - masked_rmse : 170.64682006835938
2025-02-20 01:43:42,803 - masked_mape : 0.8668808341026306
2025-02-20 01:43:42,809 - Evaluate on pems08_flow_point_imputation:
2025-02-20 01:43:48,417 - masked_mae : 63.188026428222656
2025-02-20 01:43:48,418 - masked_rmse : 86.2817611694336
2025-02-20 01:43:48,419 - masked_mape : 0.6213545799255371
2025-02-20 01:43:48,419 - Evaluate on pems08_flow_block_imputation:
2025-02-20 01:43:53,987 - masked_mae : 96.46833038330078
2025-02-20 01:43:53,988 - masked_rmse : 119.12483978271484
2025-02-20 01:43:53,989 - masked_mape : 1.0316731929779053
2025-02-20 01:43:53,989 - Evaluate on pemsbay_speed_point_imputation:
2025-02-20 01:44:00,291 - masked_mae : 11.573029518127441
2025-02-20 01:44:00,303 - masked_rmse : 14.52947998046875
2025-02-20 01:44:00,329 - masked_mape : 0.22856637835502625
2025-02-20 01:44:00,336 - Evaluate on pemsbay_speed_block_imputation:
2025-02-20 01:44:06,654 - masked_mae : 28.52498435974121
2025-02-20 01:44:06,667 - masked_rmse : 31.737987518310547
2025-02-20 01:44:06,673 - masked_mape : 0.5454210042953491
2025-02-20 01:44:06,673 - Evaluate on metrla_speed_point_imputation:
2025-02-20 01:44:12,481 - masked_mae : 12.084647178649902
2025-02-20 01:44:12,484 - masked_rmse : 16.745426177978516
2025-02-20 01:44:12,489 - masked_mape : 0.31406015157699585
2025-02-20 01:44:12,489 - Evaluate on metrla_speed_block_imputation:
2025-02-20 01:44:18,287 - masked_mae : 23.331382751464844
2025-02-20 01:44:18,288 - masked_rmse : 28.557415008544922
2025-02-20 01:44:18,291 - masked_mape : 0.5842739939689636
2025-02-20 01:44:56,114 - [Epoch 7] Pretrain Loss: 26.8739
2025-02-20 01:44:56,115 - ************************************************************   Forecasting Task   ************************************************************
2025-02-20 01:44:56,115 - Evaluate on pems03_flow_short_term_forecasting:
2025-02-20 01:45:09,517 - masked_mae : 16.988346099853516
2025-02-20 01:45:09,537 - masked_rmse : 27.153358459472656
2025-02-20 01:45:09,576 - masked_mape : 0.19209666550159454
2025-02-20 01:45:09,576 - Evaluate on pems03_flow_long_term_forecasting:
2025-02-20 01:45:30,107 - masked_mae : 23.048864364624023
2025-02-20 01:45:30,178 - masked_rmse : 36.58509826660156
2025-02-20 01:45:30,314 - masked_mape : 0.2627742290496826
2025-02-20 01:45:30,314 - Evaluate on pems04_flow_short_term_forecasting:
2025-02-20 01:45:40,120 - masked_mae : 23.74593162536621
2025-02-20 01:45:40,132 - masked_rmse : 37.28913879394531
2025-02-20 01:45:40,153 - masked_mape : 0.175421342253685
2025-02-20 01:45:40,154 - Evaluate on pems04_flow_long_term_forecasting:
2025-02-20 01:45:53,782 - masked_mae : 33.17642593383789
2025-02-20 01:45:53,821 - masked_rmse : 50.51630783081055
2025-02-20 01:45:53,896 - masked_mape : 0.26333412528038025
2025-02-20 01:45:53,896 - Evaluate on pems07_flow_short_term_forecasting:
2025-02-20 01:46:19,083 - masked_mae : 28.970075607299805
2025-02-20 01:46:19,131 - masked_rmse : 43.24089431762695
2025-02-20 01:46:19,225 - masked_mape : 0.1640845686197281
2025-02-20 01:46:19,226 - Evaluate on pems07_flow_long_term_forecasting:
2025-02-20 01:47:02,361 - masked_mae : 41.79671859741211
2025-02-20 01:47:02,536 - masked_rmse : 61.53779220581055
2025-02-20 01:47:02,872 - masked_mape : 0.2404646873474121
2025-02-20 01:47:02,873 - Evaluate on pems08_flow_short_term_forecasting:
2025-02-20 01:47:11,093 - masked_mae : 18.123674392700195
2025-02-20 01:47:11,101 - masked_rmse : 28.741674423217773
2025-02-20 01:47:11,115 - masked_mape : 0.20567698776721954
2025-02-20 01:47:11,115 - Evaluate on pems08_flow_long_term_forecasting:
2025-02-20 01:47:21,783 - masked_mae : 25.00412940979004
2025-02-20 01:47:21,809 - masked_rmse : 38.90776062011719
2025-02-20 01:47:21,858 - masked_mape : 0.26325318217277527
2025-02-20 01:47:21,858 - Evaluate on occpairs_occupancy_short_term_forecasting:
2025-02-20 01:47:37,033 - masked_mae : 0.9748649001121521
2025-02-20 01:47:37,058 - masked_rmse : 2.2628276348114014
2025-02-20 01:47:37,104 - masked_mape : 0.16252058744430542
2025-02-20 01:47:37,105 - Evaluate on occpairs_occupancy_long_term_forecasting:
2025-02-20 01:48:01,096 - masked_mae : 1.305436611175537
2025-02-20 01:48:01,183 - masked_rmse : 2.7604472637176514
2025-02-20 01:48:01,350 - masked_mape : 0.2287812978029251
2025-02-20 01:48:01,351 - Evaluate on occhamburg_occupancy_short_term_forecasting:
2025-02-20 01:48:12,898 - masked_mae : 5.587918758392334
2025-02-20 01:48:12,914 - masked_rmse : 9.550600051879883
2025-02-20 01:48:12,943 - masked_mape : 0.5148305892944336
2025-02-20 01:48:12,944 - Evaluate on occhamburg_occupancy_long_term_forecasting:
2025-02-20 01:48:29,979 - masked_mae : 5.953277111053467
2025-02-20 01:48:30,034 - masked_rmse : 9.961995124816895
2025-02-20 01:48:30,139 - masked_mape : 0.565094530582428
2025-02-20 01:48:30,139 - Evaluate on pemsbay_speed_short_term_forecasting:
2025-02-20 01:48:51,316 - masked_mae : 2.319795846939087
2025-02-20 01:48:51,355 - masked_rmse : 4.655141353607178
2025-02-20 01:48:51,429 - masked_mape : 0.059949591755867004
2025-02-20 01:48:51,430 - Evaluate on pemsbay_speed_long_term_forecasting:
2025-02-20 01:49:26,835 - masked_mae : 3.453317642211914
2025-02-20 01:49:26,975 - masked_rmse : 6.3906331062316895
2025-02-20 01:49:27,242 - masked_mape : 0.08827988058328629
2025-02-20 01:49:27,243 - Evaluate on metrla_speed_short_term_forecasting:
2025-02-20 01:49:39,589 - masked_mae : 5.109638690948486
2025-02-20 01:49:39,606 - masked_rmse : 9.785567283630371
2025-02-20 01:49:39,640 - masked_mape : 0.13883726298809052
2025-02-20 01:49:39,640 - Evaluate on metrla_speed_long_term_forecasting:
2025-02-20 01:49:58,347 - masked_mae : 6.9465718269348145
2025-02-20 01:49:58,410 - masked_rmse : 12.085891723632812
2025-02-20 01:49:58,529 - masked_mape : 0.18695230782032013
2025-02-20 01:49:58,530 - Evaluate on trafficsh_speed_short_term_forecasting:
2025-02-20 01:50:09,942 - masked_mae : 0.6412494778633118
2025-02-20 01:50:09,957 - masked_rmse : 0.9058559536933899
2025-02-20 01:50:09,986 - masked_mape : 0.07028541713953018
2025-02-20 01:50:09,986 - Evaluate on trafficsh_speed_long_term_forecasting:
2025-02-20 01:50:26,566 - masked_mae : 0.7250401377677917
2025-02-20 01:50:26,619 - masked_rmse : 1.0470129251480103
2025-02-20 01:50:26,720 - masked_mape : 0.0866667851805687
2025-02-20 01:50:26,720 - Evaluate on bikenyc_inflow_short_term_forecasting:
2025-02-20 01:50:35,699 - masked_mae : 1.0052093267440796
2025-02-20 01:50:35,708 - masked_rmse : 3.3412437438964844
2025-02-20 01:50:35,726 - masked_mape : 0.3753474950790405
2025-02-20 01:50:35,727 - Evaluate on bikenyc_inflow_long_term_forecasting:
2025-02-20 01:50:47,857 - masked_mae : 1.3791011571884155
2025-02-20 01:50:47,890 - masked_rmse : 4.593596935272217
2025-02-20 01:50:47,951 - masked_mape : 0.48198285698890686
2025-02-20 01:50:47,952 - Evaluate on taxinyc_inflow_short_term_forecasting:
2025-02-20 01:50:56,945 - masked_mae : 5.507852554321289
2025-02-20 01:50:56,954 - masked_rmse : 16.279170989990234
2025-02-20 01:50:56,972 - masked_mape : 0.49497687816619873
2025-02-20 01:50:56,972 - Evaluate on taxinyc_inflow_long_term_forecasting:
2025-02-20 01:51:09,110 - masked_mae : 7.865301132202148
2025-02-20 01:51:09,142 - masked_rmse : 23.33482551574707
2025-02-20 01:51:09,204 - masked_mape : 0.7697927951812744
2025-02-20 01:51:09,204 - Evaluate on tdrive_inflow_short_term_forecasting:
2025-02-20 01:51:39,337 - masked_mae : 14.763580322265625
2025-02-20 01:51:39,398 - masked_rmse : 28.345815658569336
2025-02-20 01:51:39,514 - masked_mape : 0.32883623242378235
2025-02-20 01:51:39,514 - Evaluate on tdrive_inflow_long_term_forecasting:
2025-02-20 01:52:31,829 - masked_mae : 22.65825843811035
2025-02-20 01:52:32,047 - masked_rmse : 43.54665756225586
2025-02-20 01:52:32,465 - masked_mape : 0.47644996643066406
2025-02-20 01:52:32,465 - ************************************************************   Imputation Task   ************************************************************
2025-02-20 01:52:32,465 - Evaluate on pems03_flow_point_imputation:
2025-02-20 01:52:38,320 - masked_mae : 59.8643684387207
2025-02-20 01:52:38,322 - masked_rmse : 82.66587829589844
2025-02-20 01:52:38,330 - masked_mape : 0.9525646567344666
2025-02-20 01:52:38,331 - Evaluate on pems03_flow_block_imputation:
2025-02-20 01:52:44,187 - masked_mae : 82.5868911743164
2025-02-20 01:52:44,189 - masked_rmse : 105.18241882324219
2025-02-20 01:52:44,192 - masked_mape : 1.220637559890747
2025-02-20 01:52:44,192 - Evaluate on pems04_flow_point_imputation:
2025-02-20 01:52:49,897 - masked_mae : 73.63075256347656
2025-02-20 01:52:49,899 - masked_rmse : 99.64827728271484
2025-02-20 01:52:49,902 - masked_mape : 0.6331108212471008
2025-02-20 01:52:49,902 - Evaluate on pems04_flow_block_imputation:
2025-02-20 01:52:55,625 - masked_mae : 100.4585189819336
2025-02-20 01:52:55,626 - masked_rmse : 124.18283081054688
2025-02-20 01:52:55,628 - masked_mape : 0.8008939027786255
2025-02-20 01:52:55,628 - Evaluate on pems07_flow_point_imputation:
2025-02-20 01:53:02,153 - masked_mae : 90.29926300048828
2025-02-20 01:53:02,171 - masked_rmse : 116.48690032958984
2025-02-20 01:53:02,198 - masked_mape : 0.5766326785087585
2025-02-20 01:53:02,209 - Evaluate on pems07_flow_block_imputation:
2025-02-20 01:53:08,650 - masked_mae : 151.33334350585938
2025-02-20 01:53:08,659 - masked_rmse : 174.2957305908203
2025-02-20 01:53:08,668 - masked_mape : 0.8680353164672852
2025-02-20 01:53:08,668 - Evaluate on pems08_flow_point_imputation:
2025-02-20 01:53:14,292 - masked_mae : 60.16139602661133
2025-02-20 01:53:14,293 - masked_rmse : 83.07917022705078
2025-02-20 01:53:14,294 - masked_mape : 0.6222665309906006
2025-02-20 01:53:14,294 - Evaluate on pems08_flow_block_imputation:
2025-02-20 01:53:19,929 - masked_mae : 99.27815246582031
2025-02-20 01:53:19,930 - masked_rmse : 121.1834487915039
2025-02-20 01:53:19,931 - masked_mape : 1.03997004032135
2025-02-20 01:53:19,931 - Evaluate on pemsbay_speed_point_imputation:
2025-02-20 01:53:26,199 - masked_mae : 11.627054214477539
2025-02-20 01:53:26,214 - masked_rmse : 14.500171661376953
2025-02-20 01:53:26,236 - masked_mape : 0.22963617742061615
2025-02-20 01:53:26,237 - Evaluate on pemsbay_speed_block_imputation:
2025-02-20 01:53:32,593 - masked_mae : 29.22121810913086
2025-02-20 01:53:32,603 - masked_rmse : 32.438621520996094
2025-02-20 01:53:32,617 - masked_mape : 0.5572623610496521
2025-02-20 01:53:32,617 - Evaluate on metrla_speed_point_imputation:
2025-02-20 01:53:38,438 - masked_mae : 12.169583320617676
2025-02-20 01:53:38,439 - masked_rmse : 16.71254539489746
2025-02-20 01:53:38,441 - masked_mape : 0.31641900539398193
2025-02-20 01:53:38,441 - Evaluate on metrla_speed_block_imputation:
2025-02-20 01:53:44,320 - masked_mae : 23.960018157958984
2025-02-20 01:53:44,322 - masked_rmse : 29.23544692993164
2025-02-20 01:53:44,329 - masked_mape : 0.5968825221061707
2025-02-20 01:54:22,058 - [Epoch 8] Pretrain Loss: 26.4849
2025-02-20 01:54:22,059 - ************************************************************   Forecasting Task   ************************************************************
2025-02-20 01:54:22,059 - Evaluate on pems03_flow_short_term_forecasting:
2025-02-20 01:54:35,430 - masked_mae : 17.333436965942383
2025-02-20 01:54:35,450 - masked_rmse : 27.8264217376709
2025-02-20 01:54:35,488 - masked_mape : 0.19274036586284637
2025-02-20 01:54:35,489 - Evaluate on pems03_flow_long_term_forecasting:
2025-02-20 01:54:55,939 - masked_mae : 22.463088989257812
2025-02-20 01:54:56,010 - masked_rmse : 36.36826705932617
2025-02-20 01:54:56,146 - masked_mape : 0.2613798677921295
2025-02-20 01:54:56,146 - Evaluate on pems04_flow_short_term_forecasting:
2025-02-20 01:55:05,900 - masked_mae : 24.094192504882812
2025-02-20 01:55:05,912 - masked_rmse : 38.0174674987793
2025-02-20 01:55:05,933 - masked_mape : 0.17837007343769073
2025-02-20 01:55:05,933 - Evaluate on pems04_flow_long_term_forecasting:
2025-02-20 01:55:19,603 - masked_mae : 31.589624404907227
2025-02-20 01:55:19,642 - masked_rmse : 48.65498352050781
2025-02-20 01:55:19,717 - masked_mape : 0.26008984446525574
2025-02-20 01:55:19,717 - Evaluate on pems07_flow_short_term_forecasting:
2025-02-20 01:55:45,000 - masked_mae : 28.776487350463867
2025-02-20 01:55:45,049 - masked_rmse : 43.170867919921875
2025-02-20 01:55:45,142 - masked_mape : 0.16293901205062866
2025-02-20 01:55:45,143 - Evaluate on pems07_flow_long_term_forecasting:
2025-02-20 01:56:28,254 - masked_mae : 40.03947830200195
2025-02-20 01:56:28,429 - masked_rmse : 60.37705993652344
2025-02-20 01:56:28,765 - masked_mape : 0.2454986423254013
2025-02-20 01:56:28,766 - Evaluate on pems08_flow_short_term_forecasting:
2025-02-20 01:56:37,020 - masked_mae : 18.21019172668457
2025-02-20 01:56:37,027 - masked_rmse : 28.86582374572754
2025-02-20 01:56:37,042 - masked_mape : 0.19710057973861694
2025-02-20 01:56:37,042 - Evaluate on pems08_flow_long_term_forecasting:
2025-02-20 01:56:47,727 - masked_mae : 23.667741775512695
2025-02-20 01:56:47,753 - masked_rmse : 37.47910690307617
2025-02-20 01:56:47,801 - masked_mape : 0.264798641204834
2025-02-20 01:56:47,801 - Evaluate on occpairs_occupancy_short_term_forecasting:
2025-02-20 01:57:03,063 - masked_mae : 0.9739958643913269
2025-02-20 01:57:03,088 - masked_rmse : 2.307213068008423
2025-02-20 01:57:03,135 - masked_mape : 0.16536693274974823
2025-02-20 01:57:03,135 - Evaluate on occpairs_occupancy_long_term_forecasting:
2025-02-20 01:57:27,133 - masked_mae : 1.267226219177246
2025-02-20 01:57:27,220 - masked_rmse : 2.6927947998046875
2025-02-20 01:57:27,387 - masked_mape : 0.22869892418384552
2025-02-20 01:57:27,387 - Evaluate on occhamburg_occupancy_short_term_forecasting:
2025-02-20 01:57:38,936 - masked_mae : 5.668337345123291
2025-02-20 01:57:38,952 - masked_rmse : 9.71667194366455
2025-02-20 01:57:38,981 - masked_mape : 0.5318472981452942
2025-02-20 01:57:38,982 - Evaluate on occhamburg_occupancy_long_term_forecasting:
2025-02-20 01:57:55,990 - masked_mae : 5.892428874969482
2025-02-20 01:57:56,045 - masked_rmse : 9.884095191955566
2025-02-20 01:57:56,150 - masked_mape : 0.5709788799285889
2025-02-20 01:57:56,150 - Evaluate on pemsbay_speed_short_term_forecasting:
2025-02-20 01:58:17,334 - masked_mae : 2.145703077316284
2025-02-20 01:58:17,373 - masked_rmse : 4.530371189117432
2025-02-20 01:58:17,447 - masked_mape : 0.05663928762078285
2025-02-20 01:58:17,448 - Evaluate on pemsbay_speed_long_term_forecasting:
2025-02-20 01:58:52,916 - masked_mae : 3.2657241821289062
2025-02-20 01:58:53,056 - masked_rmse : 6.254186630249023
2025-02-20 01:58:53,324 - masked_mape : 0.0849313959479332
2025-02-20 01:58:53,324 - Evaluate on metrla_speed_short_term_forecasting:
2025-02-20 01:59:05,751 - masked_mae : 4.947347640991211
2025-02-20 01:59:05,769 - masked_rmse : 10.311102867126465
2025-02-20 01:59:05,803 - masked_mape : 0.13386330008506775
2025-02-20 01:59:05,803 - Evaluate on metrla_speed_long_term_forecasting:
2025-02-20 01:59:24,475 - masked_mae : 6.794561862945557
2025-02-20 01:59:24,538 - masked_rmse : 12.472825050354004
2025-02-20 01:59:24,657 - masked_mape : 0.1831979900598526
2025-02-20 01:59:24,657 - Evaluate on trafficsh_speed_short_term_forecasting:
2025-02-20 01:59:36,078 - masked_mae : 0.5495495200157166
2025-02-20 01:59:36,094 - masked_rmse : 0.8578372001647949
2025-02-20 01:59:36,123 - masked_mape : 0.06110745668411255
2025-02-20 01:59:36,123 - Evaluate on trafficsh_speed_long_term_forecasting:
2025-02-20 01:59:52,664 - masked_mae : 0.6433350443840027
2025-02-20 01:59:52,717 - masked_rmse : 0.9915818572044373
2025-02-20 01:59:52,818 - masked_mape : 0.0799376368522644
2025-02-20 01:59:52,818 - Evaluate on bikenyc_inflow_short_term_forecasting:
2025-02-20 02:00:01,799 - masked_mae : 0.994238555431366
2025-02-20 02:00:01,808 - masked_rmse : 3.4725112915039062
2025-02-20 02:00:01,826 - masked_mape : 0.37642017006874084
2025-02-20 02:00:01,826 - Evaluate on bikenyc_inflow_long_term_forecasting:
2025-02-20 02:00:13,967 - masked_mae : 1.3158756494522095
2025-02-20 02:00:13,999 - masked_rmse : 4.476786136627197
2025-02-20 02:00:14,060 - masked_mape : 0.4692426025867462
2025-02-20 02:00:14,061 - Evaluate on taxinyc_inflow_short_term_forecasting:
2025-02-20 02:00:23,026 - masked_mae : 5.479316234588623
2025-02-20 02:00:23,036 - masked_rmse : 17.27077293395996
2025-02-20 02:00:23,054 - masked_mape : 0.4340933561325073
2025-02-20 02:00:23,054 - Evaluate on taxinyc_inflow_long_term_forecasting:
2025-02-20 02:00:35,198 - masked_mae : 7.329418182373047
2025-02-20 02:00:35,230 - masked_rmse : 22.325777053833008
2025-02-20 02:00:35,292 - masked_mape : 0.6815940737724304
2025-02-20 02:00:35,292 - Evaluate on tdrive_inflow_short_term_forecasting:
2025-02-20 02:01:05,431 - masked_mae : 16.52131462097168
2025-02-20 02:01:05,492 - masked_rmse : 31.957387924194336
2025-02-20 02:01:05,608 - masked_mape : 0.28948915004730225
2025-02-20 02:01:05,608 - Evaluate on tdrive_inflow_long_term_forecasting:
2025-02-20 02:01:58,098 - masked_mae : 22.016006469726562
2025-02-20 02:01:58,316 - masked_rmse : 41.38698959350586
2025-02-20 02:01:58,734 - masked_mape : 0.4177199602127075
2025-02-20 02:01:58,734 - ************************************************************   Imputation Task   ************************************************************
2025-02-20 02:01:58,734 - Evaluate on pems03_flow_point_imputation:
2025-02-20 02:02:04,623 - masked_mae : 61.2122802734375
2025-02-20 02:02:04,625 - masked_rmse : 85.99720001220703
2025-02-20 02:02:04,629 - masked_mape : 1.0248297452926636
2025-02-20 02:02:04,629 - Evaluate on pems03_flow_block_imputation:
2025-02-20 02:02:10,525 - masked_mae : 77.89588165283203
2025-02-20 02:02:10,526 - masked_rmse : 100.37635803222656
2025-02-20 02:02:10,529 - masked_mape : 1.230451226234436
2025-02-20 02:02:10,534 - Evaluate on pems04_flow_point_imputation:
2025-02-20 02:02:16,273 - masked_mae : 76.96990203857422
2025-02-20 02:02:16,274 - masked_rmse : 105.63854217529297
2025-02-20 02:02:16,277 - masked_mape : 0.683931827545166
2025-02-20 02:02:16,277 - Evaluate on pems04_flow_block_imputation:
2025-02-20 02:02:22,019 - masked_mae : 93.90611267089844
2025-02-20 02:02:22,020 - masked_rmse : 117.84224700927734
2025-02-20 02:02:22,022 - masked_mape : 0.7855880856513977
2025-02-20 02:02:22,022 - Evaluate on pems07_flow_point_imputation:
2025-02-20 02:02:28,501 - masked_mae : 92.09916687011719
2025-02-20 02:02:28,520 - masked_rmse : 121.39820861816406
2025-02-20 02:02:28,549 - masked_mape : 0.6212642192840576
2025-02-20 02:02:28,558 - Evaluate on pems07_flow_block_imputation:
2025-02-20 02:02:35,008 - masked_mae : 139.4637451171875
2025-02-20 02:02:35,023 - masked_rmse : 162.40023803710938
2025-02-20 02:02:35,046 - masked_mape : 0.854434072971344
2025-02-20 02:02:35,046 - Evaluate on pems08_flow_point_imputation:
2025-02-20 02:02:40,679 - masked_mae : 62.01298141479492
2025-02-20 02:02:40,680 - masked_rmse : 87.95848846435547
2025-02-20 02:02:40,682 - masked_mape : 0.6831892132759094
2025-02-20 02:02:40,682 - Evaluate on pems08_flow_block_imputation:
2025-02-20 02:02:46,421 - masked_mae : 91.58184051513672
2025-02-20 02:02:46,422 - masked_rmse : 113.25756072998047
2025-02-20 02:02:46,424 - masked_mape : 1.036483883857727
2025-02-20 02:02:46,424 - Evaluate on pemsbay_speed_point_imputation:
2025-02-20 02:02:52,756 - masked_mae : 10.352728843688965
2025-02-20 02:02:52,772 - masked_rmse : 13.543211936950684
2025-02-20 02:02:52,796 - masked_mape : 0.20760568976402283
2025-02-20 02:02:52,801 - Evaluate on pemsbay_speed_block_imputation:
2025-02-20 02:02:59,137 - masked_mae : 28.222179412841797
2025-02-20 02:02:59,147 - masked_rmse : 31.426307678222656
2025-02-20 02:02:59,158 - masked_mape : 0.5392034649848938
2025-02-20 02:02:59,163 - Evaluate on metrla_speed_point_imputation:
2025-02-20 02:03:04,990 - masked_mae : 11.069657325744629
2025-02-20 02:03:04,992 - masked_rmse : 15.874608039855957
2025-02-20 02:03:04,999 - masked_mape : 0.2950318455696106
2025-02-20 02:03:04,999 - Evaluate on metrla_speed_block_imputation:
2025-02-20 02:03:10,860 - masked_mae : 22.85796356201172
2025-02-20 02:03:10,861 - masked_rmse : 28.093732833862305
2025-02-20 02:03:10,863 - masked_mape : 0.5725544691085815
2025-02-20 02:03:48,608 - [Epoch 9] Pretrain Loss: 25.9134
2025-02-20 02:03:48,609 - ************************************************************   Forecasting Task   ************************************************************
2025-02-20 02:03:48,609 - Evaluate on pems03_flow_short_term_forecasting:
2025-02-20 02:04:02,061 - masked_mae : 17.13216209411621
2025-02-20 02:04:02,081 - masked_rmse : 27.511133193969727
2025-02-20 02:04:02,119 - masked_mape : 0.18258315324783325
2025-02-20 02:04:02,120 - Evaluate on pems03_flow_long_term_forecasting:
2025-02-20 02:04:22,665 - masked_mae : 21.183969497680664
2025-02-20 02:04:22,736 - masked_rmse : 33.96814727783203
2025-02-20 02:04:22,872 - masked_mape : 0.23313641548156738
2025-02-20 02:04:22,873 - Evaluate on pems04_flow_short_term_forecasting:
2025-02-20 02:04:32,661 - masked_mae : 23.82291603088379
2025-02-20 02:04:32,672 - masked_rmse : 37.64981460571289
2025-02-20 02:04:32,694 - masked_mape : 0.16915710270404816
2025-02-20 02:04:32,694 - Evaluate on pems04_flow_long_term_forecasting:
2025-02-20 02:04:46,350 - masked_mae : 29.799232482910156
2025-02-20 02:04:46,389 - masked_rmse : 45.93509292602539
2025-02-20 02:04:46,464 - masked_mape : 0.23340511322021484
2025-02-20 02:04:46,464 - Evaluate on pems07_flow_short_term_forecasting:
2025-02-20 02:05:11,666 - masked_mae : 28.458877563476562
2025-02-20 02:05:11,715 - masked_rmse : 42.51403045654297
2025-02-20 02:05:11,809 - masked_mape : 0.15541638433933258
2025-02-20 02:05:11,809 - Evaluate on pems07_flow_long_term_forecasting:
2025-02-20 02:05:54,907 - masked_mae : 37.34818649291992
2025-02-20 02:05:55,082 - masked_rmse : 55.17560958862305
2025-02-20 02:05:55,418 - masked_mape : 0.20775556564331055
2025-02-20 02:05:55,419 - Evaluate on pems08_flow_short_term_forecasting:
2025-02-20 02:06:03,664 - masked_mae : 18.180700302124023
2025-02-20 02:06:03,672 - masked_rmse : 28.739809036254883
2025-02-20 02:06:03,686 - masked_mape : 0.1932268589735031
2025-02-20 02:06:03,686 - Evaluate on pems08_flow_long_term_forecasting:
2025-02-20 02:06:14,430 - masked_mae : 22.5007381439209
2025-02-20 02:06:14,456 - masked_rmse : 35.14973831176758
2025-02-20 02:06:14,504 - masked_mape : 0.23094381392002106
2025-02-20 02:06:14,504 - Evaluate on occpairs_occupancy_short_term_forecasting:
2025-02-20 02:06:29,720 - masked_mae : 0.9654276371002197
2025-02-20 02:06:29,744 - masked_rmse : 2.3070313930511475
2025-02-20 02:06:29,791 - masked_mape : 0.16506345570087433
2025-02-20 02:06:29,791 - Evaluate on occpairs_occupancy_long_term_forecasting:
2025-02-20 02:06:53,822 - masked_mae : 1.2230398654937744
2025-02-20 02:06:53,909 - masked_rmse : 2.6323421001434326
2025-02-20 02:06:54,076 - masked_mape : 0.2174655944108963
2025-02-20 02:06:54,077 - Evaluate on occhamburg_occupancy_short_term_forecasting:
2025-02-20 02:07:05,640 - masked_mae : 5.736644744873047
2025-02-20 02:07:05,656 - masked_rmse : 9.809430122375488
2025-02-20 02:07:05,686 - masked_mape : 0.5394087433815002
2025-02-20 02:07:05,686 - Evaluate on occhamburg_occupancy_long_term_forecasting:
2025-02-20 02:07:22,751 - masked_mae : 5.85666036605835
2025-02-20 02:07:22,807 - masked_rmse : 9.861300468444824
2025-02-20 02:07:22,912 - masked_mape : 0.5593276023864746
2025-02-20 02:07:22,912 - Evaluate on pemsbay_speed_short_term_forecasting:
2025-02-20 02:07:44,081 - masked_mae : 2.053093671798706
2025-02-20 02:07:44,120 - masked_rmse : 4.440101146697998
2025-02-20 02:07:44,195 - masked_mape : 0.055175840854644775
2025-02-20 02:07:44,195 - Evaluate on pemsbay_speed_long_term_forecasting:
2025-02-20 02:08:19,613 - masked_mae : 3.1639087200164795
2025-02-20 02:08:19,752 - masked_rmse : 6.154519557952881
2025-02-20 02:08:20,020 - masked_mape : 0.0828036293387413
2025-02-20 02:08:20,020 - Evaluate on metrla_speed_short_term_forecasting:
2025-02-20 02:08:32,428 - masked_mae : 4.680460453033447
2025-02-20 02:08:32,446 - masked_rmse : 9.640303611755371
2025-02-20 02:08:32,480 - masked_mape : 0.12849102914333344
2025-02-20 02:08:32,480 - Evaluate on metrla_speed_long_term_forecasting:
2025-02-20 02:08:51,169 - masked_mae : 6.468199253082275
2025-02-20 02:08:51,231 - masked_rmse : 11.732124328613281
2025-02-20 02:08:51,351 - masked_mape : 0.1764175146818161
2025-02-20 02:08:51,351 - Evaluate on trafficsh_speed_short_term_forecasting:
2025-02-20 02:09:02,734 - masked_mae : 0.5411761403083801
2025-02-20 02:09:02,750 - masked_rmse : 0.8697962760925293
2025-02-20 02:09:02,778 - masked_mape : 0.058372631669044495
2025-02-20 02:09:02,779 - Evaluate on trafficsh_speed_long_term_forecasting:
2025-02-20 02:09:19,419 - masked_mae : 0.6459293365478516
2025-02-20 02:09:19,472 - masked_rmse : 0.997491180896759
2025-02-20 02:09:19,573 - masked_mape : 0.07871254533529282
2025-02-20 02:09:19,573 - Evaluate on bikenyc_inflow_short_term_forecasting:
2025-02-20 02:09:28,605 - masked_mae : 0.9848044514656067
2025-02-20 02:09:28,615 - masked_rmse : 3.499737501144409
2025-02-20 02:09:28,633 - masked_mape : 0.36521896719932556
2025-02-20 02:09:28,633 - Evaluate on bikenyc_inflow_long_term_forecasting:
2025-02-20 02:09:40,795 - masked_mae : 1.2559336423873901
2025-02-20 02:09:40,827 - masked_rmse : 4.354772567749023
2025-02-20 02:09:40,889 - masked_mape : 0.4461042881011963
2025-02-20 02:09:40,889 - Evaluate on taxinyc_inflow_short_term_forecasting:
2025-02-20 02:09:49,994 - masked_mae : 6.087345600128174
2025-02-20 02:09:50,003 - masked_rmse : 17.963130950927734
2025-02-20 02:09:50,021 - masked_mape : 0.5353990197181702
2025-02-20 02:09:50,021 - Evaluate on taxinyc_inflow_long_term_forecasting:
2025-02-20 02:10:02,179 - masked_mae : 7.12360143661499
2025-02-20 02:10:02,212 - masked_rmse : 21.687423706054688
2025-02-20 02:10:02,273 - masked_mape : 0.6391766667366028
2025-02-20 02:10:02,273 - Evaluate on tdrive_inflow_short_term_forecasting:
2025-02-20 02:10:32,371 - masked_mae : 16.34982681274414
2025-02-20 02:10:32,431 - masked_rmse : 32.39669418334961
2025-02-20 02:10:32,548 - masked_mape : 0.2937401235103607
2025-02-20 02:10:32,548 - Evaluate on tdrive_inflow_long_term_forecasting:
2025-02-20 02:11:24,974 - masked_mae : 20.868722915649414
2025-02-20 02:11:25,192 - masked_rmse : 39.45877456665039
2025-02-20 02:11:25,609 - masked_mape : 0.37164178490638733
2025-02-20 02:11:25,610 - ************************************************************   Imputation Task   ************************************************************
2025-02-20 02:11:25,610 - Evaluate on pems03_flow_point_imputation:
2025-02-20 02:11:31,533 - masked_mae : 57.516761779785156
2025-02-20 02:11:31,535 - masked_rmse : 80.59838104248047
2025-02-20 02:11:31,541 - masked_mape : 0.9913648962974548
2025-02-20 02:11:31,541 - Evaluate on pems03_flow_block_imputation:
2025-02-20 02:11:37,454 - masked_mae : 73.06552124023438
2025-02-20 02:11:37,457 - masked_rmse : 94.83963012695312
2025-02-20 02:11:37,458 - masked_mape : 1.1814178228378296
2025-02-20 02:11:37,459 - Evaluate on pems04_flow_point_imputation:
2025-02-20 02:11:43,238 - masked_mae : 73.91409301757812
2025-02-20 02:11:43,240 - masked_rmse : 101.3643798828125
2025-02-20 02:11:43,248 - masked_mape : 0.6850042939186096
2025-02-20 02:11:43,252 - Evaluate on pems04_flow_block_imputation:
2025-02-20 02:11:48,984 - masked_mae : 89.51924133300781
2025-02-20 02:11:48,985 - masked_rmse : 113.1053237915039
2025-02-20 02:11:48,994 - masked_mape : 0.7677630186080933
2025-02-20 02:11:48,994 - Evaluate on pems07_flow_point_imputation:
2025-02-20 02:11:55,527 - masked_mae : 86.46056365966797
2025-02-20 02:11:55,546 - masked_rmse : 115.31062316894531
2025-02-20 02:11:55,576 - masked_mape : 0.5782475471496582
2025-02-20 02:11:55,576 - Evaluate on pems07_flow_block_imputation:
2025-02-20 02:12:02,025 - masked_mae : 132.41616821289062
2025-02-20 02:12:02,033 - masked_rmse : 154.82229614257812
2025-02-20 02:12:02,048 - masked_mape : 0.8125735521316528
2025-02-20 02:12:02,048 - Evaluate on pems08_flow_point_imputation:
2025-02-20 02:12:07,704 - masked_mae : 58.033504486083984
2025-02-20 02:12:07,705 - masked_rmse : 82.85400390625
2025-02-20 02:12:07,706 - masked_mape : 0.630971372127533
2025-02-20 02:12:07,707 - Evaluate on pems08_flow_block_imputation:
2025-02-20 02:12:13,354 - masked_mae : 86.0945816040039
2025-02-20 02:12:13,355 - masked_rmse : 106.90425872802734
2025-02-20 02:12:13,357 - masked_mape : 0.9715979695320129
2025-02-20 02:12:13,357 - Evaluate on pemsbay_speed_point_imputation:
2025-02-20 02:12:19,713 - masked_mae : 9.534852981567383
2025-02-20 02:12:19,723 - masked_rmse : 12.822930335998535
2025-02-20 02:12:19,747 - masked_mape : 0.19168688356876373
2025-02-20 02:12:19,753 - Evaluate on pemsbay_speed_block_imputation:
2025-02-20 02:12:26,101 - masked_mae : 27.663015365600586
2025-02-20 02:12:26,111 - masked_rmse : 30.86650848388672
2025-02-20 02:12:26,116 - masked_mape : 0.5281890034675598
2025-02-20 02:12:26,116 - Evaluate on metrla_speed_point_imputation:
2025-02-20 02:12:31,974 - masked_mae : 10.151400566101074
2025-02-20 02:12:31,976 - masked_rmse : 15.19450569152832
2025-02-20 02:12:31,982 - masked_mape : 0.2718140482902527
2025-02-20 02:12:31,982 - Evaluate on metrla_speed_block_imputation:
2025-02-20 02:12:37,822 - masked_mae : 21.928951263427734
2025-02-20 02:12:37,824 - masked_rmse : 27.166772842407227
2025-02-20 02:12:37,826 - masked_mape : 0.5500299334526062
2025-02-20 02:13:15,602 - [Epoch 10] Pretrain Loss: 25.5812
2025-02-20 02:13:15,602 - ************************************************************   Forecasting Task   ************************************************************
2025-02-20 02:13:15,602 - Evaluate on pems03_flow_short_term_forecasting:
2025-02-20 02:13:29,042 - masked_mae : 17.120588302612305
2025-02-20 02:13:29,062 - masked_rmse : 27.440889358520508
2025-02-20 02:13:29,101 - masked_mape : 0.19345808029174805
2025-02-20 02:13:29,101 - Evaluate on pems03_flow_long_term_forecasting:
2025-02-20 02:13:49,669 - masked_mae : 20.15917205810547
2025-02-20 02:13:49,740 - masked_rmse : 32.25712203979492
2025-02-20 02:13:49,876 - masked_mape : 0.22919471561908722
2025-02-20 02:13:49,877 - Evaluate on pems04_flow_short_term_forecasting:
2025-02-20 02:13:59,707 - masked_mae : 23.61968994140625
2025-02-20 02:13:59,718 - masked_rmse : 37.336063385009766
2025-02-20 02:13:59,740 - masked_mape : 0.16890974342823029
2025-02-20 02:13:59,740 - Evaluate on pems04_flow_long_term_forecasting:
2025-02-20 02:14:13,412 - masked_mae : 28.52055549621582
2025-02-20 02:14:13,451 - masked_rmse : 44.03421401977539
2025-02-20 02:14:13,526 - masked_mape : 0.22368896007537842
2025-02-20 02:14:13,526 - Evaluate on pems07_flow_short_term_forecasting:
2025-02-20 02:14:38,738 - masked_mae : 28.400182723999023
2025-02-20 02:14:38,787 - masked_rmse : 42.49075698852539
2025-02-20 02:14:38,880 - masked_mape : 0.163433238863945
2025-02-20 02:14:38,881 - Evaluate on pems07_flow_long_term_forecasting:
2025-02-20 02:15:21,944 - masked_mae : 35.5529899597168
2025-02-20 02:15:22,119 - masked_rmse : 52.01153564453125
2025-02-20 02:15:22,455 - masked_mape : 0.2001618891954422
2025-02-20 02:15:22,456 - Evaluate on pems08_flow_short_term_forecasting:
2025-02-20 02:15:30,762 - masked_mae : 18.116865158081055
2025-02-20 02:15:30,769 - masked_rmse : 28.786767959594727
2025-02-20 02:15:30,784 - masked_mape : 0.21322526037693024
2025-02-20 02:15:30,784 - Evaluate on pems08_flow_long_term_forecasting:
2025-02-20 02:15:41,541 - masked_mae : 21.44085121154785
2025-02-20 02:15:41,567 - masked_rmse : 33.52581787109375
2025-02-20 02:15:41,615 - masked_mape : 0.2272386997938156
2025-02-20 02:15:41,615 - Evaluate on occpairs_occupancy_short_term_forecasting:
2025-02-20 02:15:56,929 - masked_mae : 0.9603529572486877
2025-02-20 02:15:56,954 - masked_rmse : 2.317925214767456
2025-02-20 02:15:57,001 - masked_mape : 0.16103924810886383
2025-02-20 02:15:57,001 - Evaluate on occpairs_occupancy_long_term_forecasting:
2025-02-20 02:16:21,054 - masked_mae : 1.1883066892623901
2025-02-20 02:16:21,141 - masked_rmse : 2.60495662689209
2025-02-20 02:16:21,308 - masked_mape : 0.2069835662841797
2025-02-20 02:16:21,309 - Evaluate on occhamburg_occupancy_short_term_forecasting:
2025-02-20 02:16:32,959 - masked_mae : 5.74648904800415
2025-02-20 02:16:32,975 - masked_rmse : 9.842854499816895
2025-02-20 02:16:33,005 - masked_mape : 0.536362886428833
2025-02-20 02:16:33,005 - Evaluate on occhamburg_occupancy_long_term_forecasting:
2025-02-20 02:16:50,058 - masked_mae : 5.79727029800415
2025-02-20 02:16:50,113 - masked_rmse : 9.823447227478027
2025-02-20 02:16:50,219 - masked_mape : 0.5436028242111206
2025-02-20 02:16:50,219 - Evaluate on pemsbay_speed_short_term_forecasting:
2025-02-20 02:17:11,388 - masked_mae : 1.997796893119812
2025-02-20 02:17:11,427 - masked_rmse : 4.351048469543457
2025-02-20 02:17:11,502 - masked_mape : 0.054806772619485855
2025-02-20 02:17:11,502 - Evaluate on pemsbay_speed_long_term_forecasting:
2025-02-20 02:17:46,936 - masked_mae : 3.0318710803985596
2025-02-20 02:17:47,076 - masked_rmse : 5.9935173988342285
2025-02-20 02:17:47,344 - masked_mape : 0.08057812601327896
2025-02-20 02:17:47,344 - Evaluate on metrla_speed_short_term_forecasting:
2025-02-20 02:17:59,775 - masked_mae : 4.639892101287842
2025-02-20 02:17:59,793 - masked_rmse : 9.35770320892334
2025-02-20 02:17:59,827 - masked_mape : 0.12863771617412567
2025-02-20 02:17:59,827 - Evaluate on metrla_speed_long_term_forecasting:
2025-02-20 02:18:18,506 - masked_mae : 6.283682346343994
2025-02-20 02:18:18,569 - masked_rmse : 11.382633209228516
2025-02-20 02:18:18,688 - masked_mape : 0.17286159098148346
2025-02-20 02:18:18,688 - Evaluate on trafficsh_speed_short_term_forecasting:
2025-02-20 02:18:30,090 - masked_mae : 0.6079303622245789
2025-02-20 02:18:30,105 - masked_rmse : 0.9315707087516785
2025-02-20 02:18:30,134 - masked_mape : 0.06131543591618538
2025-02-20 02:18:30,134 - Evaluate on trafficsh_speed_long_term_forecasting:
2025-02-20 02:18:46,740 - masked_mae : 0.6632080674171448
2025-02-20 02:18:46,793 - masked_rmse : 1.0095791816711426
2025-02-20 02:18:46,894 - masked_mape : 0.07682888954877853
2025-02-20 02:18:46,894 - Evaluate on bikenyc_inflow_short_term_forecasting:
2025-02-20 02:18:55,945 - masked_mae : 0.996178925037384
2025-02-20 02:18:55,954 - masked_rmse : 3.5307815074920654
2025-02-20 02:18:55,972 - masked_mape : 0.36134764552116394
2025-02-20 02:18:55,972 - Evaluate on bikenyc_inflow_long_term_forecasting:
2025-02-20 02:19:08,208 - masked_mae : 1.2290239334106445
2025-02-20 02:19:08,240 - masked_rmse : 4.320768356323242
2025-02-20 02:19:08,302 - masked_mape : 0.42821797728538513
2025-02-20 02:19:08,302 - Evaluate on taxinyc_inflow_short_term_forecasting:
2025-02-20 02:19:17,327 - masked_mae : 6.539451599121094
2025-02-20 02:19:17,337 - masked_rmse : 18.449581146240234
2025-02-20 02:19:17,355 - masked_mape : 0.6020654439926147
2025-02-20 02:19:17,355 - Evaluate on taxinyc_inflow_long_term_forecasting:
2025-02-20 02:19:29,560 - masked_mae : 7.1009368896484375
2025-02-20 02:19:29,593 - masked_rmse : 21.509811401367188
2025-02-20 02:19:29,654 - masked_mape : 0.6176396012306213
2025-02-20 02:19:29,654 - Evaluate on tdrive_inflow_short_term_forecasting:
2025-02-20 02:19:59,844 - masked_mae : 16.102584838867188
2025-02-20 02:19:59,905 - masked_rmse : 32.66775131225586
2025-02-20 02:20:00,021 - masked_mape : 0.3150363266468048
2025-02-20 02:20:00,021 - Evaluate on tdrive_inflow_long_term_forecasting:
2025-02-20 02:20:52,612 - masked_mae : 19.737415313720703
2025-02-20 02:20:52,830 - masked_rmse : 37.96990966796875
2025-02-20 02:20:53,248 - masked_mape : 0.35999202728271484
2025-02-20 02:20:53,249 - ************************************************************   Imputation Task   ************************************************************
2025-02-20 02:20:53,249 - Evaluate on pems03_flow_point_imputation:
2025-02-20 02:20:59,186 - masked_mae : 56.145751953125
2025-02-20 02:20:59,187 - masked_rmse : 78.6061019897461
2025-02-20 02:20:59,191 - masked_mape : 0.9700263738632202
2025-02-20 02:20:59,191 - Evaluate on pems03_flow_block_imputation:
2025-02-20 02:21:05,115 - masked_mae : 71.55615234375
2025-02-20 02:21:05,117 - masked_rmse : 92.83928680419922
2025-02-20 02:21:05,119 - masked_mape : 1.1410390138626099
2025-02-20 02:21:05,119 - Evaluate on pems04_flow_point_imputation:
2025-02-20 02:21:10,881 - masked_mae : 71.97554016113281
2025-02-20 02:21:10,882 - masked_rmse : 99.06241607666016
2025-02-20 02:21:10,884 - masked_mape : 0.6760361194610596
2025-02-20 02:21:10,884 - Evaluate on pems04_flow_block_imputation:
2025-02-20 02:21:16,631 - masked_mae : 88.04495239257812
2025-02-20 02:21:16,632 - masked_rmse : 111.27816772460938
2025-02-20 02:21:16,634 - masked_mape : 0.7457294464111328
2025-02-20 02:21:16,640 - Evaluate on pems07_flow_point_imputation:
2025-02-20 02:21:23,170 - masked_mae : 84.26984405517578
2025-02-20 02:21:23,189 - masked_rmse : 112.69639587402344
2025-02-20 02:21:23,218 - masked_mape : 0.571370005607605
2025-02-20 02:21:23,224 - Evaluate on pems07_flow_block_imputation:
2025-02-20 02:21:29,768 - masked_mae : 130.80474853515625
2025-02-20 02:21:29,783 - masked_rmse : 152.9555206298828
2025-02-20 02:21:29,806 - masked_mape : 0.7911719083786011
2025-02-20 02:21:29,811 - Evaluate on pems08_flow_point_imputation:
2025-02-20 02:21:35,500 - masked_mae : 56.84442901611328
2025-02-20 02:21:35,501 - masked_rmse : 81.37608337402344
2025-02-20 02:21:35,503 - masked_mape : 0.6383492350578308
2025-02-20 02:21:35,503 - Evaluate on pems08_flow_block_imputation:
2025-02-20 02:21:41,197 - masked_mae : 84.78577423095703
2025-02-20 02:21:41,198 - masked_rmse : 105.00804138183594
2025-02-20 02:21:41,199 - masked_mape : 0.9436764121055603
2025-02-20 02:21:41,199 - Evaluate on pemsbay_speed_point_imputation:
2025-02-20 02:21:47,551 - masked_mae : 9.32798957824707
2025-02-20 02:21:47,560 - masked_rmse : 12.580533981323242
2025-02-20 02:21:47,584 - masked_mape : 0.1875331997871399
2025-02-20 02:21:47,591 - Evaluate on pemsbay_speed_block_imputation:
2025-02-20 02:21:53,967 - masked_mae : 27.533937454223633
2025-02-20 02:21:53,978 - masked_rmse : 30.72379493713379
2025-02-20 02:21:53,984 - masked_mape : 0.5250126123428345
2025-02-20 02:21:53,984 - Evaluate on metrla_speed_point_imputation:
2025-02-20 02:21:59,863 - masked_mae : 9.996220588684082
2025-02-20 02:21:59,866 - masked_rmse : 15.10466194152832
2025-02-20 02:21:59,872 - masked_mape : 0.26692426204681396
2025-02-20 02:21:59,872 - Evaluate on metrla_speed_block_imputation:
2025-02-20 02:22:05,792 - masked_mae : 21.802101135253906
2025-02-20 02:22:05,793 - masked_rmse : 27.05414581298828
2025-02-20 02:22:05,795 - masked_mape : 0.5449814200401306
2025-02-20 02:22:46,875 - [Epoch 11] Pretrain Loss: 25.1783
2025-02-20 02:22:46,875 - ************************************************************   Forecasting Task   ************************************************************
2025-02-20 02:22:46,875 - Evaluate on pems03_flow_short_term_forecasting:
2025-02-20 02:23:00,395 - masked_mae : 16.864036560058594
2025-02-20 02:23:00,415 - masked_rmse : 27.43180274963379
2025-02-20 02:23:00,454 - masked_mape : 0.17609946429729462
2025-02-20 02:23:00,454 - Evaluate on pems03_flow_long_term_forecasting:
2025-02-20 02:23:21,025 - masked_mae : 19.52577781677246
2025-02-20 02:23:21,097 - masked_rmse : 31.451913833618164
2025-02-20 02:23:21,233 - masked_mape : 0.20344795286655426
2025-02-20 02:23:21,233 - Evaluate on pems04_flow_short_term_forecasting:
2025-02-20 02:23:31,070 - masked_mae : 23.47715187072754
2025-02-20 02:23:31,081 - masked_rmse : 37.34904861450195
2025-02-20 02:23:31,102 - masked_mape : 0.15989169478416443
2025-02-20 02:23:31,103 - Evaluate on pems04_flow_long_term_forecasting:
2025-02-20 02:23:44,772 - masked_mae : 28.043197631835938
2025-02-20 02:23:44,811 - masked_rmse : 43.59245681762695
2025-02-20 02:23:44,886 - masked_mape : 0.20350635051727295
2025-02-20 02:23:44,886 - Evaluate on pems07_flow_short_term_forecasting:
2025-02-20 02:24:10,093 - masked_mae : 28.23308563232422
2025-02-20 02:24:10,142 - masked_rmse : 42.478153228759766
2025-02-20 02:24:10,236 - masked_mape : 0.1526256501674652
2025-02-20 02:24:10,236 - Evaluate on pems07_flow_long_term_forecasting:
2025-02-20 02:24:53,433 - masked_mae : 34.75154113769531
2025-02-20 02:24:53,608 - masked_rmse : 51.23233413696289
2025-02-20 02:24:53,944 - masked_mape : 0.17954616248607635
2025-02-20 02:24:53,945 - Evaluate on pems08_flow_short_term_forecasting:
2025-02-20 02:25:02,230 - masked_mae : 17.960790634155273
2025-02-20 02:25:02,238 - masked_rmse : 28.848800659179688
2025-02-20 02:25:02,252 - masked_mape : 0.198392853140831
2025-02-20 02:25:02,252 - Evaluate on pems08_flow_long_term_forecasting:
2025-02-20 02:25:13,029 - masked_mae : 20.902746200561523
2025-02-20 02:25:13,055 - masked_rmse : 33.01448440551758
2025-02-20 02:25:13,103 - masked_mape : 0.20121343433856964
2025-02-20 02:25:13,103 - Evaluate on occpairs_occupancy_short_term_forecasting:
2025-02-20 02:25:28,375 - masked_mae : 0.9976189136505127
2025-02-20 02:25:28,400 - masked_rmse : 2.3418571949005127
2025-02-20 02:25:28,446 - masked_mape : 0.16700966656208038
2025-02-20 02:25:28,447 - Evaluate on occpairs_occupancy_long_term_forecasting:
2025-02-20 02:25:52,597 - masked_mae : 1.1795402765274048
2025-02-20 02:25:52,684 - masked_rmse : 2.5738327503204346
2025-02-20 02:25:52,851 - masked_mape : 0.19904613494873047
2025-02-20 02:25:52,851 - Evaluate on occhamburg_occupancy_short_term_forecasting:
2025-02-20 02:26:04,501 - masked_mae : 5.811319351196289
2025-02-20 02:26:04,517 - masked_rmse : 9.884917259216309
2025-02-20 02:26:04,546 - masked_mape : 0.5402485728263855
2025-02-20 02:26:04,547 - Evaluate on occhamburg_occupancy_long_term_forecasting:
2025-02-20 02:26:21,605 - masked_mae : 5.795722484588623
2025-02-20 02:26:21,660 - masked_rmse : 9.84642505645752
2025-02-20 02:26:21,765 - masked_mape : 0.5251261591911316
2025-02-20 02:26:21,765 - Evaluate on pemsbay_speed_short_term_forecasting:
2025-02-20 02:26:43,010 - masked_mae : 2.027229070663452
2025-02-20 02:26:43,049 - masked_rmse : 4.325649738311768
2025-02-20 02:26:43,124 - masked_mape : 0.0546097494661808
2025-02-20 02:26:43,124 - Evaluate on pemsbay_speed_long_term_forecasting:
2025-02-20 02:27:18,542 - masked_mae : 3.1024017333984375
2025-02-20 02:27:18,682 - masked_rmse : 6.020862579345703
2025-02-20 02:27:18,949 - masked_mape : 0.08060996234416962
2025-02-20 02:27:18,950 - Evaluate on metrla_speed_short_term_forecasting:
2025-02-20 02:27:31,384 - masked_mae : 4.7482523918151855
2025-02-20 02:27:31,402 - masked_rmse : 9.311471939086914
2025-02-20 02:27:31,436 - masked_mape : 0.13058918714523315
2025-02-20 02:27:31,436 - Evaluate on metrla_speed_long_term_forecasting:
2025-02-20 02:27:50,152 - masked_mae : 6.421191692352295
2025-02-20 02:27:50,215 - masked_rmse : 11.371211051940918
2025-02-20 02:27:50,334 - masked_mape : 0.1742735654115677
2025-02-20 02:27:50,334 - Evaluate on trafficsh_speed_short_term_forecasting:
2025-02-20 02:28:01,809 - masked_mae : 0.6621627807617188
2025-02-20 02:28:01,824 - masked_rmse : 0.9395721554756165
2025-02-20 02:28:01,853 - masked_mape : 0.06982553005218506
2025-02-20 02:28:01,853 - Evaluate on trafficsh_speed_long_term_forecasting:
2025-02-20 02:28:18,439 - masked_mae : 0.7038102149963379
2025-02-20 02:28:18,492 - masked_rmse : 1.0217307806015015
2025-02-20 02:28:18,593 - masked_mape : 0.0835338830947876
2025-02-20 02:28:18,593 - Evaluate on bikenyc_inflow_short_term_forecasting:
2025-02-20 02:28:27,624 - masked_mae : 1.0523326396942139
2025-02-20 02:28:27,633 - masked_rmse : 3.541651487350464
2025-02-20 02:28:27,651 - masked_mape : 0.3761143982410431
2025-02-20 02:28:27,651 - Evaluate on bikenyc_inflow_long_term_forecasting:
2025-02-20 02:28:39,843 - masked_mae : 1.2023259401321411
2025-02-20 02:28:39,875 - masked_rmse : 4.167813777923584
2025-02-20 02:28:39,937 - masked_mape : 0.40960970520973206
2025-02-20 02:28:39,937 - Evaluate on taxinyc_inflow_short_term_forecasting:
2025-02-20 02:28:48,978 - masked_mae : 7.429628372192383
2025-02-20 02:28:48,987 - masked_rmse : 18.928258895874023
2025-02-20 02:28:49,005 - masked_mape : 0.7820396423339844
2025-02-20 02:28:49,005 - Evaluate on taxinyc_inflow_long_term_forecasting:
2025-02-20 02:29:01,229 - masked_mae : 7.467613220214844
2025-02-20 02:29:01,261 - masked_rmse : 21.165695190429688
2025-02-20 02:29:01,323 - masked_mape : 0.7177054286003113
2025-02-20 02:29:01,323 - Evaluate on tdrive_inflow_short_term_forecasting:
2025-02-20 02:29:31,466 - masked_mae : 16.775606155395508
2025-02-20 02:29:31,527 - masked_rmse : 32.915348052978516
2025-02-20 02:29:31,643 - masked_mape : 0.3739471137523651
2025-02-20 02:29:31,644 - Evaluate on tdrive_inflow_long_term_forecasting:
2025-02-20 02:30:24,073 - masked_mae : 19.027177810668945
2025-02-20 02:30:24,290 - masked_rmse : 36.84333419799805
2025-02-20 02:30:24,708 - masked_mape : 0.38105884194374084
2025-02-20 02:30:24,709 - ************************************************************   Imputation Task   ************************************************************
2025-02-20 02:30:24,709 - Evaluate on pems03_flow_point_imputation:
2025-02-20 02:30:30,639 - masked_mae : 55.36123275756836
2025-02-20 02:30:30,641 - masked_rmse : 77.73375701904297
2025-02-20 02:30:30,649 - masked_mape : 0.9842789769172668
2025-02-20 02:30:30,649 - Evaluate on pems03_flow_block_imputation:
2025-02-20 02:30:36,584 - masked_mae : 76.61317443847656
2025-02-20 02:30:36,586 - masked_rmse : 98.1940689086914
2025-02-20 02:30:36,589 - masked_mape : 1.211493730545044
2025-02-20 02:30:36,589 - Evaluate on pems04_flow_point_imputation:
2025-02-20 02:30:42,360 - masked_mae : 70.09342193603516
2025-02-20 02:30:42,362 - masked_rmse : 96.5298843383789
2025-02-20 02:30:42,364 - masked_mape : 0.6840167045593262
2025-02-20 02:30:42,364 - Evaluate on pems04_flow_block_imputation:
2025-02-20 02:30:48,167 - masked_mae : 94.10520935058594
2025-02-20 02:30:48,168 - masked_rmse : 117.4027099609375
2025-02-20 02:30:48,170 - masked_mape : 0.7925815582275391
2025-02-20 02:30:48,170 - Evaluate on pems07_flow_point_imputation:
2025-02-20 02:30:54,672 - masked_mae : 83.47525787353516
2025-02-20 02:30:54,691 - masked_rmse : 111.36836242675781
2025-02-20 02:30:54,719 - masked_mape : 0.58914715051651
2025-02-20 02:30:54,729 - Evaluate on pems07_flow_block_imputation:
2025-02-20 02:31:01,283 - masked_mae : 143.8106689453125
2025-02-20 02:31:01,293 - masked_rmse : 166.27993774414062
2025-02-20 02:31:01,303 - masked_mape : 0.8460091948509216
2025-02-20 02:31:01,304 - Evaluate on pems08_flow_point_imputation:
2025-02-20 02:31:06,967 - masked_mae : 55.97513961791992
2025-02-20 02:31:06,968 - masked_rmse : 80.40007019042969
2025-02-20 02:31:06,969 - masked_mape : 0.6710899472236633
2025-02-20 02:31:06,969 - Evaluate on pems08_flow_block_imputation:
2025-02-20 02:31:12,680 - masked_mae : 92.86078643798828
2025-02-20 02:31:12,681 - masked_rmse : 112.97965240478516
2025-02-20 02:31:12,682 - masked_mape : 0.9995176792144775
2025-02-20 02:31:12,682 - Evaluate on pemsbay_speed_point_imputation:
2025-02-20 02:31:19,037 - masked_mae : 10.748838424682617
2025-02-20 02:31:19,051 - masked_rmse : 13.82908821105957
2025-02-20 02:31:19,073 - masked_mape : 0.21379710733890533
2025-02-20 02:31:19,073 - Evaluate on pemsbay_speed_block_imputation:
2025-02-20 02:31:25,439 - masked_mae : 29.691709518432617
2025-02-20 02:31:25,449 - masked_rmse : 33.00106430053711
2025-02-20 02:31:25,462 - masked_mape : 0.5668185949325562
2025-02-20 02:31:25,462 - Evaluate on metrla_speed_point_imputation:
2025-02-20 02:31:31,343 - masked_mae : 11.050837516784668
2025-02-20 02:31:31,345 - masked_rmse : 16.05594825744629
2025-02-20 02:31:31,346 - masked_mape : 0.29280465841293335
2025-02-20 02:31:31,347 - Evaluate on metrla_speed_block_imputation:
2025-02-20 02:31:37,235 - masked_mae : 23.650781631469727
2025-02-20 02:31:37,237 - masked_rmse : 29.06382942199707
2025-02-20 02:31:37,243 - masked_mape : 0.5907066464424133
2025-02-20 02:32:15,044 - [Epoch 12] Pretrain Loss: 24.8659
2025-02-20 02:32:15,045 - ************************************************************   Forecasting Task   ************************************************************
2025-02-20 02:32:15,045 - Evaluate on pems03_flow_short_term_forecasting:
2025-02-20 02:32:28,480 - masked_mae : 17.06355857849121
2025-02-20 02:32:28,500 - masked_rmse : 27.447114944458008
2025-02-20 02:32:28,539 - masked_mape : 0.1925593763589859
2025-02-20 02:32:28,539 - Evaluate on pems03_flow_long_term_forecasting:
2025-02-20 02:32:49,127 - masked_mae : 19.508285522460938
2025-02-20 02:32:49,198 - masked_rmse : 30.996559143066406
2025-02-20 02:32:49,334 - masked_mape : 0.2256009429693222
2025-02-20 02:32:49,335 - Evaluate on pems04_flow_short_term_forecasting:
2025-02-20 02:32:59,164 - masked_mae : 23.635536193847656
2025-02-20 02:32:59,175 - masked_rmse : 37.30563735961914
2025-02-20 02:32:59,197 - masked_mape : 0.17053698003292084
2025-02-20 02:32:59,197 - Evaluate on pems04_flow_long_term_forecasting:
2025-02-20 02:33:12,864 - masked_mae : 27.775156021118164
2025-02-20 02:33:12,903 - masked_rmse : 42.66676712036133
2025-02-20 02:33:12,978 - masked_mape : 0.22410716116428375
2025-02-20 02:33:12,978 - Evaluate on pems07_flow_short_term_forecasting:
2025-02-20 02:33:38,308 - masked_mae : 28.489044189453125
2025-02-20 02:33:38,357 - masked_rmse : 42.616111755371094
2025-02-20 02:33:38,450 - masked_mape : 0.16449785232543945
2025-02-20 02:33:38,451 - Evaluate on pems07_flow_long_term_forecasting:
2025-02-20 02:34:21,608 - masked_mae : 34.393035888671875
2025-02-20 02:34:21,783 - masked_rmse : 49.90481948852539
2025-02-20 02:34:22,119 - masked_mape : 0.1947472095489502
2025-02-20 02:34:22,120 - Evaluate on pems08_flow_short_term_forecasting:
2025-02-20 02:34:30,395 - masked_mae : 18.130746841430664
2025-02-20 02:34:30,403 - masked_rmse : 28.880075454711914
2025-02-20 02:34:30,417 - masked_mape : 0.2137564867734909
2025-02-20 02:34:30,417 - Evaluate on pems08_flow_long_term_forecasting:
2025-02-20 02:34:41,175 - masked_mae : 20.904664993286133
2025-02-20 02:34:41,200 - masked_rmse : 32.52573013305664
2025-02-20 02:34:41,249 - masked_mape : 0.21724863350391388
2025-02-20 02:34:41,249 - Evaluate on occpairs_occupancy_short_term_forecasting:
2025-02-20 02:34:56,503 - masked_mae : 0.9470129609107971
2025-02-20 02:34:56,528 - masked_rmse : 2.3491508960723877
2025-02-20 02:34:56,575 - masked_mape : 0.15776892006397247
2025-02-20 02:34:56,575 - Evaluate on occpairs_occupancy_long_term_forecasting:
2025-02-20 02:35:20,685 - masked_mae : 1.152129054069519
2025-02-20 02:35:20,773 - masked_rmse : 2.5378177165985107
2025-02-20 02:35:20,940 - masked_mape : 0.20191842317581177
2025-02-20 02:35:20,940 - Evaluate on occhamburg_occupancy_short_term_forecasting:
2025-02-20 02:35:32,555 - masked_mae : 5.765201091766357
2025-02-20 02:35:32,571 - masked_rmse : 9.90288257598877
2025-02-20 02:35:32,601 - masked_mape : 0.5366675853729248
2025-02-20 02:35:32,601 - Evaluate on occhamburg_occupancy_long_term_forecasting:
2025-02-20 02:35:49,751 - masked_mae : 5.773933410644531
2025-02-20 02:35:49,806 - masked_rmse : 9.771824836730957
2025-02-20 02:35:49,911 - masked_mape : 0.5468719601631165
2025-02-20 02:35:49,912 - Evaluate on pemsbay_speed_short_term_forecasting:
2025-02-20 02:36:11,157 - masked_mae : 1.9398514032363892
2025-02-20 02:36:11,196 - masked_rmse : 4.285031795501709
2025-02-20 02:36:11,270 - masked_mape : 0.05365212261676788
2025-02-20 02:36:11,271 - Evaluate on pemsbay_speed_long_term_forecasting:
2025-02-20 02:36:46,695 - masked_mae : 2.9305648803710938
2025-02-20 02:36:46,835 - masked_rmse : 5.900721073150635
2025-02-20 02:36:47,103 - masked_mape : 0.07843068242073059
2025-02-20 02:36:47,103 - Evaluate on metrla_speed_short_term_forecasting:
2025-02-20 02:36:59,533 - masked_mae : 4.550778388977051
2025-02-20 02:36:59,551 - masked_rmse : 9.175053596496582
2025-02-20 02:36:59,585 - masked_mape : 0.12667357921600342
2025-02-20 02:36:59,585 - Evaluate on metrla_speed_long_term_forecasting:
2025-02-20 02:37:18,313 - masked_mae : 6.095512390136719
2025-02-20 02:37:18,375 - masked_rmse : 11.147273063659668
2025-02-20 02:37:18,494 - masked_mape : 0.16856497526168823
2025-02-20 02:37:18,495 - Evaluate on trafficsh_speed_short_term_forecasting:
2025-02-20 02:37:29,909 - masked_mae : 0.6182751655578613
2025-02-20 02:37:29,924 - masked_rmse : 0.923976719379425
2025-02-20 02:37:29,953 - masked_mape : 0.06300827115774155
2025-02-20 02:37:29,953 - Evaluate on trafficsh_speed_long_term_forecasting:
2025-02-20 02:37:46,576 - masked_mae : 0.6401318907737732
2025-02-20 02:37:46,629 - masked_rmse : 0.9801347255706787
2025-02-20 02:37:46,730 - masked_mape : 0.07644891738891602
2025-02-20 02:37:46,730 - Evaluate on bikenyc_inflow_short_term_forecasting:
2025-02-20 02:37:55,774 - masked_mae : 0.9748123288154602
2025-02-20 02:37:55,784 - masked_rmse : 3.552652359008789
2025-02-20 02:37:55,802 - masked_mape : 0.3527783155441284
2025-02-20 02:37:55,802 - Evaluate on bikenyc_inflow_long_term_forecasting:
2025-02-20 02:38:07,993 - masked_mae : 1.1646753549575806
2025-02-20 02:38:08,025 - masked_rmse : 4.09535026550293
2025-02-20 02:38:08,087 - masked_mape : 0.41515085101127625
2025-02-20 02:38:08,087 - Evaluate on taxinyc_inflow_short_term_forecasting:
2025-02-20 02:38:17,160 - masked_mae : 6.108631134033203
2025-02-20 02:38:17,169 - masked_rmse : 18.477359771728516
2025-02-20 02:38:17,187 - masked_mape : 0.49457135796546936
2025-02-20 02:38:17,187 - Evaluate on taxinyc_inflow_long_term_forecasting:
2025-02-20 02:38:29,386 - masked_mae : 6.435174942016602
2025-02-20 02:38:29,418 - masked_rmse : 20.17249298095703
2025-02-20 02:38:29,480 - masked_mape : 0.5399808287620544
2025-02-20 02:38:29,480 - Evaluate on tdrive_inflow_short_term_forecasting:
2025-02-20 02:38:59,642 - masked_mae : 15.92725658416748
2025-02-20 02:38:59,702 - masked_rmse : 33.176448822021484
2025-02-20 02:38:59,819 - masked_mape : 0.28206196427345276
2025-02-20 02:38:59,819 - Evaluate on tdrive_inflow_long_term_forecasting:
2025-02-20 02:39:52,327 - masked_mae : 18.993070602416992
2025-02-20 02:39:52,545 - masked_rmse : 36.38443374633789
2025-02-20 02:39:52,963 - masked_mape : 0.3321228325366974
2025-02-20 02:39:52,964 - ************************************************************   Imputation Task   ************************************************************
2025-02-20 02:39:52,964 - Evaluate on pems03_flow_point_imputation:
2025-02-20 02:39:58,925 - masked_mae : 53.49711608886719
2025-02-20 02:39:58,927 - masked_rmse : 75.3932876586914
2025-02-20 02:39:58,930 - masked_mape : 0.9767149686813354
2025-02-20 02:39:58,930 - Evaluate on pems03_flow_block_imputation:
2025-02-20 02:40:04,880 - masked_mae : 71.5390396118164
2025-02-20 02:40:04,882 - masked_rmse : 92.69947814941406
2025-02-20 02:40:04,884 - masked_mape : 1.1674983501434326
2025-02-20 02:40:04,890 - Evaluate on pems04_flow_point_imputation:
2025-02-20 02:40:10,653 - masked_mae : 67.64421081542969
2025-02-20 02:40:10,654 - masked_rmse : 93.86199188232422
2025-02-20 02:40:10,655 - masked_mape : 0.6745845675468445
2025-02-20 02:40:10,656 - Evaluate on pems04_flow_block_imputation:
2025-02-20 02:40:16,420 - masked_mae : 88.01802062988281
2025-02-20 02:40:16,420 - masked_rmse : 111.03234100341797
2025-02-20 02:40:16,422 - masked_mape : 0.7526723146438599
2025-02-20 02:40:16,422 - Evaluate on pems07_flow_point_imputation:
2025-02-20 02:40:22,958 - masked_mae : 79.57746887207031
2025-02-20 02:40:22,978 - masked_rmse : 107.55017852783203
2025-02-20 02:40:23,006 - masked_mape : 0.5798900723457336
2025-02-20 02:40:23,015 - Evaluate on pems07_flow_block_imputation:
2025-02-20 02:40:29,539 - masked_mae : 133.38742065429688
2025-02-20 02:40:29,553 - masked_rmse : 155.46170043945312
2025-02-20 02:40:29,575 - masked_mape : 0.8024737238883972
2025-02-20 02:40:29,575 - Evaluate on pems08_flow_point_imputation:
2025-02-20 02:40:35,269 - masked_mae : 53.548011779785156
2025-02-20 02:40:35,269 - masked_rmse : 77.86271667480469
2025-02-20 02:40:35,271 - masked_mape : 0.6702097058296204
2025-02-20 02:40:35,271 - Evaluate on pems08_flow_block_imputation:
2025-02-20 02:40:40,978 - masked_mae : 86.08232879638672
2025-02-20 02:40:40,978 - masked_rmse : 105.75882720947266
2025-02-20 02:40:40,980 - masked_mape : 0.9542264938354492
2025-02-20 02:40:40,980 - Evaluate on pemsbay_speed_point_imputation:
2025-02-20 02:40:47,370 - masked_mae : 9.451469421386719
2025-02-20 02:40:47,385 - masked_rmse : 12.673471450805664
2025-02-20 02:40:47,408 - masked_mape : 0.19067880511283875
2025-02-20 02:40:47,413 - Evaluate on pemsbay_speed_block_imputation:
2025-02-20 02:40:53,758 - masked_mae : 27.483837127685547
2025-02-20 02:40:53,769 - masked_rmse : 30.652280807495117
2025-02-20 02:40:53,783 - masked_mape : 0.5249223709106445
2025-02-20 02:40:53,787 - Evaluate on metrla_speed_point_imputation:
2025-02-20 02:40:59,704 - masked_mae : 10.142016410827637
2025-02-20 02:40:59,707 - masked_rmse : 15.380465507507324
2025-02-20 02:40:59,713 - masked_mape : 0.27215516567230225
2025-02-20 02:40:59,713 - Evaluate on metrla_speed_block_imputation:
2025-02-20 02:41:05,590 - masked_mae : 21.944000244140625
2025-02-20 02:41:05,591 - masked_rmse : 27.187658309936523
2025-02-20 02:41:05,594 - masked_mape : 0.5493249893188477
2025-02-20 02:41:43,419 - [Epoch 13] Pretrain Loss: 24.7833
2025-02-20 02:41:43,419 - ************************************************************   Forecasting Task   ************************************************************
2025-02-20 02:41:43,419 - Evaluate on pems03_flow_short_term_forecasting:
2025-02-20 02:41:56,853 - masked_mae : 17.13471221923828
2025-02-20 02:41:56,873 - masked_rmse : 27.764604568481445
2025-02-20 02:41:56,912 - masked_mape : 0.18753384053707123
2025-02-20 02:41:56,912 - Evaluate on pems03_flow_long_term_forecasting:
2025-02-20 02:42:17,487 - masked_mae : 18.75782012939453
2025-02-20 02:42:17,559 - masked_rmse : 30.048917770385742
2025-02-20 02:42:17,695 - masked_mape : 0.20805083215236664
2025-02-20 02:42:17,695 - Evaluate on pems04_flow_short_term_forecasting:
2025-02-20 02:42:27,543 - masked_mae : 23.696229934692383
2025-02-20 02:42:27,554 - masked_rmse : 37.644676208496094
2025-02-20 02:42:27,576 - masked_mape : 0.16560614109039307
2025-02-20 02:42:27,576 - Evaluate on pems04_flow_long_term_forecasting:
2025-02-20 02:42:41,296 - masked_mae : 27.092065811157227
2025-02-20 02:42:41,335 - masked_rmse : 42.042381286621094
2025-02-20 02:42:41,410 - masked_mape : 0.20693473517894745
2025-02-20 02:42:41,410 - Evaluate on pems07_flow_short_term_forecasting:
2025-02-20 02:43:06,726 - masked_mae : 28.588048934936523
2025-02-20 02:43:06,775 - masked_rmse : 43.08760070800781
2025-02-20 02:43:06,868 - masked_mape : 0.16335223615169525
2025-02-20 02:43:06,869 - Evaluate on pems07_flow_long_term_forecasting:
2025-02-20 02:43:50,065 - masked_mae : 33.21017074584961
2025-02-20 02:43:50,241 - masked_rmse : 48.79212951660156
2025-02-20 02:43:50,577 - masked_mape : 0.17994844913482666
2025-02-20 02:43:50,577 - Evaluate on pems08_flow_short_term_forecasting:
2025-02-20 02:43:58,871 - masked_mae : 18.33650779724121
2025-02-20 02:43:58,879 - masked_rmse : 29.34255027770996
2025-02-20 02:43:58,893 - masked_mape : 0.2170478254556656
2025-02-20 02:43:58,893 - Evaluate on pems08_flow_long_term_forecasting:
2025-02-20 02:44:09,645 - masked_mae : 20.15618324279785
2025-02-20 02:44:09,671 - masked_rmse : 31.806406021118164
2025-02-20 02:44:09,719 - masked_mape : 0.2044604867696762
2025-02-20 02:44:09,720 - Evaluate on occpairs_occupancy_short_term_forecasting:
2025-02-20 02:44:25,071 - masked_mae : 0.9550372958183289
2025-02-20 02:44:25,095 - masked_rmse : 2.3853771686553955
2025-02-20 02:44:25,142 - masked_mape : 0.15474461019039154
2025-02-20 02:44:25,142 - Evaluate on occpairs_occupancy_long_term_forecasting:
2025-02-20 02:44:49,267 - masked_mae : 1.1210603713989258
2025-02-20 02:44:49,354 - masked_rmse : 2.5106160640716553
2025-02-20 02:44:49,521 - masked_mape : 0.18747563660144806
2025-02-20 02:44:49,521 - Evaluate on occhamburg_occupancy_short_term_forecasting:
2025-02-20 02:45:01,152 - masked_mae : 5.775674819946289
2025-02-20 02:45:01,168 - masked_rmse : 9.949315071105957
2025-02-20 02:45:01,197 - masked_mape : 0.5274553894996643
2025-02-20 02:45:01,198 - Evaluate on occhamburg_occupancy_long_term_forecasting:
2025-02-20 02:45:18,280 - masked_mae : 5.725869655609131
2025-02-20 02:45:18,335 - masked_rmse : 9.7744779586792
2025-02-20 02:45:18,440 - masked_mape : 0.5222007632255554
2025-02-20 02:45:18,440 - Evaluate on pemsbay_speed_short_term_forecasting:
2025-02-20 02:45:39,643 - masked_mae : 1.9637037515640259
2025-02-20 02:45:39,682 - masked_rmse : 4.279866695404053
2025-02-20 02:45:39,757 - masked_mape : 0.053947027772665024
2025-02-20 02:45:39,757 - Evaluate on pemsbay_speed_long_term_forecasting:
2025-02-20 02:46:15,206 - masked_mae : 2.9911270141601562
2025-02-20 02:46:15,346 - masked_rmse : 5.9190802574157715
2025-02-20 02:46:15,614 - masked_mape : 0.07888913154602051
2025-02-20 02:46:15,614 - Evaluate on metrla_speed_short_term_forecasting:
2025-02-20 02:46:28,056 - masked_mae : 4.599496364593506
2025-02-20 02:46:28,074 - masked_rmse : 9.168499946594238
2025-02-20 02:46:28,108 - masked_mape : 0.12788091599941254
2025-02-20 02:46:28,108 - Evaluate on metrla_speed_long_term_forecasting:
2025-02-20 02:46:46,812 - masked_mae : 6.179662704467773
2025-02-20 02:46:46,874 - masked_rmse : 11.105201721191406
2025-02-20 02:46:46,994 - masked_mape : 0.16952121257781982
2025-02-20 02:46:46,994 - Evaluate on trafficsh_speed_short_term_forecasting:
2025-02-20 02:46:58,443 - masked_mae : 0.6576690077781677
2025-02-20 02:46:58,458 - masked_rmse : 0.9477748274803162
2025-02-20 02:46:58,487 - masked_mape : 0.06723987311124802
2025-02-20 02:46:58,487 - Evaluate on trafficsh_speed_long_term_forecasting:
2025-02-20 02:47:15,087 - masked_mae : 0.6753396987915039
2025-02-20 02:47:15,140 - masked_rmse : 0.9994895458221436
2025-02-20 02:47:15,241 - masked_mape : 0.07955100387334824
2025-02-20 02:47:15,241 - Evaluate on bikenyc_inflow_short_term_forecasting:
2025-02-20 02:47:24,278 - masked_mae : 0.9839468598365784
2025-02-20 02:47:24,287 - masked_rmse : 3.5677621364593506
2025-02-20 02:47:24,305 - masked_mape : 0.35283032059669495
2025-02-20 02:47:24,305 - Evaluate on bikenyc_inflow_long_term_forecasting:
2025-02-20 02:47:36,485 - masked_mae : 1.1212654113769531
2025-02-20 02:47:36,518 - masked_rmse : 3.949903726577759
2025-02-20 02:47:36,579 - masked_mape : 0.3920951783657074
2025-02-20 02:47:36,579 - Evaluate on taxinyc_inflow_short_term_forecasting:
2025-02-20 02:47:45,621 - masked_mae : 6.401351451873779
2025-02-20 02:47:45,631 - masked_rmse : 18.96759605407715
2025-02-20 02:47:45,649 - masked_mape : 0.539885401725769
2025-02-20 02:47:45,649 - Evaluate on taxinyc_inflow_long_term_forecasting:
2025-02-20 02:47:57,836 - masked_mae : 6.405118465423584
2025-02-20 02:47:57,868 - masked_rmse : 19.867347717285156
2025-02-20 02:47:57,930 - masked_mape : 0.5527970790863037
2025-02-20 02:47:57,930 - Evaluate on tdrive_inflow_short_term_forecasting:
2025-02-20 02:48:28,088 - masked_mae : 16.1146240234375
2025-02-20 02:48:28,149 - masked_rmse : 33.7738151550293
2025-02-20 02:48:28,265 - masked_mape : 0.2876914441585541
2025-02-20 02:48:28,265 - Evaluate on tdrive_inflow_long_term_forecasting:
2025-02-20 02:49:20,797 - masked_mae : 17.83086395263672
2025-02-20 02:49:21,015 - masked_rmse : 34.98813247680664
2025-02-20 02:49:21,432 - masked_mape : 0.31906887888908386
2025-02-20 02:49:21,433 - ************************************************************   Imputation Task   ************************************************************
2025-02-20 02:49:21,433 - Evaluate on pems03_flow_point_imputation:
2025-02-20 02:49:27,382 - masked_mae : 51.898128509521484
2025-02-20 02:49:27,384 - masked_rmse : 72.87104034423828
2025-02-20 02:49:27,391 - masked_mape : 0.9390771389007568
2025-02-20 02:49:27,391 - Evaluate on pems03_flow_block_imputation:
2025-02-20 02:49:33,336 - masked_mae : 72.3302001953125
2025-02-20 02:49:33,339 - masked_rmse : 93.0943832397461
2025-02-20 02:49:33,341 - masked_mape : 1.1382116079330444
2025-02-20 02:49:33,341 - Evaluate on pems04_flow_point_imputation:
2025-02-20 02:49:39,100 - masked_mae : 65.6535873413086
2025-02-20 02:49:39,102 - masked_rmse : 90.8576889038086
2025-02-20 02:49:39,109 - masked_mape : 0.646221399307251
2025-02-20 02:49:39,113 - Evaluate on pems04_flow_block_imputation:
2025-02-20 02:49:44,898 - masked_mae : 90.76663970947266
2025-02-20 02:49:44,904 - masked_rmse : 113.45783233642578
2025-02-20 02:49:44,907 - masked_mape : 0.7529210448265076
2025-02-20 02:49:44,907 - Evaluate on pems07_flow_point_imputation:
2025-02-20 02:49:51,427 - masked_mae : 78.31661224365234
2025-02-20 02:49:51,441 - masked_rmse : 105.2545394897461
2025-02-20 02:49:51,466 - masked_mape : 0.5531118512153625
2025-02-20 02:49:51,473 - Evaluate on pems07_flow_block_imputation:
2025-02-20 02:49:57,979 - masked_mae : 139.43096923828125
2025-02-20 02:49:57,994 - masked_rmse : 161.68002319335938
2025-02-20 02:49:58,012 - masked_mape : 0.8060694336891174
2025-02-20 02:49:58,017 - Evaluate on pems08_flow_point_imputation:
2025-02-20 02:50:03,727 - masked_mae : 52.4588737487793
2025-02-20 02:50:03,728 - masked_rmse : 75.72924041748047
2025-02-20 02:50:03,729 - masked_mape : 0.6422412395477295
2025-02-20 02:50:03,729 - Evaluate on pems08_flow_block_imputation:
2025-02-20 02:50:09,412 - masked_mae : 89.241943359375
2025-02-20 02:50:09,412 - masked_rmse : 108.67577362060547
2025-02-20 02:50:09,414 - masked_mape : 0.9463711977005005
2025-02-20 02:50:09,415 - Evaluate on pemsbay_speed_point_imputation:
2025-02-20 02:50:15,763 - masked_mae : 10.26289176940918
2025-02-20 02:50:15,772 - masked_rmse : 13.35586929321289
2025-02-20 02:50:15,796 - masked_mape : 0.20535975694656372
2025-02-20 02:50:15,803 - Evaluate on pemsbay_speed_block_imputation:
2025-02-20 02:50:22,190 - masked_mae : 28.66045570373535
2025-02-20 02:50:22,201 - masked_rmse : 31.91798973083496
2025-02-20 02:50:22,206 - masked_mape : 0.5468834638595581
2025-02-20 02:50:22,206 - Evaluate on metrla_speed_point_imputation:
2025-02-20 02:50:28,126 - masked_mae : 10.661174774169922
2025-02-20 02:50:28,129 - masked_rmse : 15.8635835647583
2025-02-20 02:50:28,134 - masked_mape : 0.2829461693763733
2025-02-20 02:50:28,134 - Evaluate on metrla_speed_block_imputation:
2025-02-20 02:50:34,003 - masked_mae : 22.79761505126953
2025-02-20 02:50:34,004 - masked_rmse : 28.1739559173584
2025-02-20 02:50:34,007 - masked_mape : 0.5682620406150818
2025-02-20 02:51:11,777 - [Epoch 14] Pretrain Loss: 24.5501
2025-02-20 02:51:11,778 - ************************************************************   Forecasting Task   ************************************************************
2025-02-20 02:51:11,778 - Evaluate on pems03_flow_short_term_forecasting:
2025-02-20 02:51:25,194 - masked_mae : 17.30678939819336
2025-02-20 02:51:25,214 - masked_rmse : 28.23871421813965
2025-02-20 02:51:25,252 - masked_mape : 0.1781386286020279
2025-02-20 02:51:25,253 - Evaluate on pems03_flow_long_term_forecasting:
2025-02-20 02:51:45,790 - masked_mae : 19.066194534301758
2025-02-20 02:51:45,861 - masked_rmse : 30.293127059936523
2025-02-20 02:51:45,997 - masked_mape : 0.206343412399292
2025-02-20 02:51:45,998 - Evaluate on pems04_flow_short_term_forecasting:
2025-02-20 02:51:55,813 - masked_mae : 24.225980758666992
2025-02-20 02:51:55,825 - masked_rmse : 38.613128662109375
2025-02-20 02:51:55,846 - masked_mape : 0.16592203080654144
2025-02-20 02:51:55,847 - Evaluate on pems04_flow_long_term_forecasting:
2025-02-20 02:52:09,499 - masked_mae : 27.075952529907227
2025-02-20 02:52:09,539 - masked_rmse : 42.03122329711914
2025-02-20 02:52:09,613 - masked_mape : 0.20629136264324188
2025-02-20 02:52:09,614 - Evaluate on pems07_flow_short_term_forecasting:
2025-02-20 02:52:34,864 - masked_mae : 28.884613037109375
2025-02-20 02:52:34,913 - masked_rmse : 43.84049606323242
2025-02-20 02:52:35,007 - masked_mape : 0.15527641773223877
2025-02-20 02:52:35,007 - Evaluate on pems07_flow_long_term_forecasting:
2025-02-20 02:53:18,118 - masked_mae : 33.04961013793945
2025-02-20 02:53:18,294 - masked_rmse : 48.634464263916016
2025-02-20 02:53:18,630 - masked_mape : 0.18085022270679474
2025-02-20 02:53:18,630 - Evaluate on pems08_flow_short_term_forecasting:
2025-02-20 02:53:26,897 - masked_mae : 18.37979507446289
2025-02-20 02:53:26,905 - masked_rmse : 29.673049926757812
2025-02-20 02:53:26,919 - masked_mape : 0.1968841701745987
2025-02-20 02:53:26,919 - Evaluate on pems08_flow_long_term_forecasting:
2025-02-20 02:53:37,628 - masked_mae : 20.423315048217773
2025-02-20 02:53:37,653 - masked_rmse : 32.08185958862305
2025-02-20 02:53:37,702 - masked_mape : 0.20833726227283478
2025-02-20 02:53:37,702 - Evaluate on occpairs_occupancy_short_term_forecasting:
2025-02-20 02:53:52,923 - masked_mae : 1.0064789056777954
2025-02-20 02:53:52,948 - masked_rmse : 2.526634693145752
2025-02-20 02:53:52,995 - masked_mape : 0.16574326157569885
2025-02-20 02:53:52,995 - Evaluate on occpairs_occupancy_long_term_forecasting:
2025-02-20 02:54:16,994 - masked_mae : 1.1443209648132324
2025-02-20 02:54:17,082 - masked_rmse : 2.5212886333465576
2025-02-20 02:54:17,249 - masked_mape : 0.2040039300918579
2025-02-20 02:54:17,249 - Evaluate on occhamburg_occupancy_short_term_forecasting:
2025-02-20 02:54:28,801 - masked_mae : 5.918419361114502
2025-02-20 02:54:28,817 - masked_rmse : 10.20247745513916
2025-02-20 02:54:28,846 - masked_mape : 0.5454049110412598
2025-02-20 02:54:28,847 - Evaluate on occhamburg_occupancy_long_term_forecasting:
2025-02-20 02:54:45,938 - masked_mae : 5.7552170753479
2025-02-20 02:54:45,993 - masked_rmse : 9.788639068603516
2025-02-20 02:54:46,098 - masked_mape : 0.5429933071136475
2025-02-20 02:54:46,098 - Evaluate on pemsbay_speed_short_term_forecasting:
2025-02-20 02:55:07,303 - masked_mae : 1.893933653831482
2025-02-20 02:55:07,342 - masked_rmse : 4.256025791168213
2025-02-20 02:55:07,417 - masked_mape : 0.052244510501623154
2025-02-20 02:55:07,417 - Evaluate on pemsbay_speed_long_term_forecasting:
2025-02-20 02:55:42,809 - masked_mae : 2.8786258697509766
2025-02-20 02:55:42,948 - masked_rmse : 5.848028182983398
2025-02-20 02:55:43,216 - masked_mape : 0.07681932300329208
2025-02-20 02:55:43,216 - Evaluate on metrla_speed_short_term_forecasting:
2025-02-20 02:55:55,634 - masked_mae : 4.434906005859375
2025-02-20 02:55:55,652 - masked_rmse : 9.089484214782715
2025-02-20 02:55:55,686 - masked_mape : 0.12291416525840759
2025-02-20 02:55:55,686 - Evaluate on metrla_speed_long_term_forecasting:
2025-02-20 02:56:14,406 - masked_mae : 5.965033054351807
2025-02-20 02:56:14,468 - masked_rmse : 11.012974739074707
2025-02-20 02:56:14,588 - masked_mape : 0.16467370092868805
2025-02-20 02:56:14,588 - Evaluate on trafficsh_speed_short_term_forecasting:
2025-02-20 02:56:26,057 - masked_mae : 0.606480598449707
2025-02-20 02:56:26,073 - masked_rmse : 0.9102115631103516
2025-02-20 02:56:26,102 - masked_mape : 0.06305768340826035
2025-02-20 02:56:26,102 - Evaluate on trafficsh_speed_long_term_forecasting:
2025-02-20 02:56:42,725 - masked_mae : 0.6114826202392578
2025-02-20 02:56:42,778 - masked_rmse : 0.9571151733398438
2025-02-20 02:56:42,879 - masked_mape : 0.07442056387662888
2025-02-20 02:56:42,879 - Evaluate on bikenyc_inflow_short_term_forecasting:
2025-02-20 02:56:51,925 - masked_mae : 1.0437670946121216
2025-02-20 02:56:51,934 - masked_rmse : 3.8384618759155273
2025-02-20 02:56:51,952 - masked_mape : 0.37543582916259766
2025-02-20 02:56:51,952 - Evaluate on bikenyc_inflow_long_term_forecasting:
2025-02-20 02:57:04,150 - masked_mae : 1.1276578903198242
2025-02-20 02:57:04,182 - masked_rmse : 3.906172752380371
2025-02-20 02:57:04,244 - masked_mape : 0.41036346554756165
2025-02-20 02:57:04,244 - Evaluate on taxinyc_inflow_short_term_forecasting:
2025-02-20 02:57:13,267 - masked_mae : 7.073451519012451
2025-02-20 02:57:13,276 - masked_rmse : 21.3603458404541
2025-02-20 02:57:13,294 - masked_mape : 0.5834493041038513
2025-02-20 02:57:13,294 - Evaluate on taxinyc_inflow_long_term_forecasting:
2025-02-20 02:57:25,513 - masked_mae : 6.590737819671631
2025-02-20 02:57:25,546 - masked_rmse : 19.396745681762695
2025-02-20 02:57:25,607 - masked_mape : 0.5927683711051941
2025-02-20 02:57:25,607 - Evaluate on tdrive_inflow_short_term_forecasting:
2025-02-20 02:57:55,688 - masked_mae : 17.698945999145508
2025-02-20 02:57:55,749 - masked_rmse : 38.00651168823242
2025-02-20 02:57:55,865 - masked_mape : 0.3077101707458496
2025-02-20 02:57:55,866 - Evaluate on tdrive_inflow_long_term_forecasting:
2025-02-20 02:58:48,180 - masked_mae : 18.39743995666504
2025-02-20 02:58:48,398 - masked_rmse : 35.08357620239258
2025-02-20 02:58:48,816 - masked_mape : 0.34786319732666016
2025-02-20 02:58:48,816 - ************************************************************   Imputation Task   ************************************************************
2025-02-20 02:58:48,817 - Evaluate on pems03_flow_point_imputation:
2025-02-20 02:58:54,810 - masked_mae : 50.86146545410156
2025-02-20 02:58:54,811 - masked_rmse : 72.21871185302734
2025-02-20 02:58:54,815 - masked_mape : 0.9326371550559998
2025-02-20 02:58:54,815 - Evaluate on pems03_flow_block_imputation:
2025-02-20 02:59:00,719 - masked_mae : 66.33426666259766
2025-02-20 02:59:00,723 - masked_rmse : 86.95841217041016
2025-02-20 02:59:00,725 - masked_mape : 1.0960140228271484
2025-02-20 02:59:00,725 - Evaluate on pems04_flow_point_imputation:
2025-02-20 02:59:06,497 - masked_mae : 65.0823974609375
2025-02-20 02:59:06,498 - masked_rmse : 90.77006530761719
2025-02-20 02:59:06,499 - masked_mape : 0.6514348387718201
2025-02-20 02:59:06,500 - Evaluate on pems04_flow_block_imputation:
2025-02-20 02:59:12,251 - masked_mae : 83.42705535888672
2025-02-20 02:59:12,252 - masked_rmse : 106.33160400390625
2025-02-20 02:59:12,254 - masked_mape : 0.7177210450172424
2025-02-20 02:59:12,261 - Evaluate on pems07_flow_point_imputation:
2025-02-20 02:59:18,767 - masked_mae : 76.52061462402344
2025-02-20 02:59:18,786 - masked_rmse : 104.80915069580078
2025-02-20 02:59:18,810 - masked_mape : 0.5633821487426758
2025-02-20 02:59:18,820 - Evaluate on pems07_flow_block_imputation:
2025-02-20 02:59:25,358 - masked_mae : 124.79232025146484
2025-02-20 02:59:25,371 - masked_rmse : 146.8017578125
2025-02-20 02:59:25,390 - masked_mape : 0.7584195733070374
2025-02-20 02:59:25,397 - Evaluate on pems08_flow_point_imputation:
2025-02-20 02:59:31,050 - masked_mae : 51.407432556152344
2025-02-20 02:59:31,051 - masked_rmse : 75.63689422607422
2025-02-20 02:59:31,053 - masked_mape : 0.6716346144676208
2025-02-20 02:59:31,053 - Evaluate on pems08_flow_block_imputation:
2025-02-20 02:59:36,729 - masked_mae : 80.02444458007812
2025-02-20 02:59:36,730 - masked_rmse : 99.43573760986328
2025-02-20 02:59:36,731 - masked_mape : 0.8975176811218262
2025-02-20 02:59:36,731 - Evaluate on pemsbay_speed_point_imputation:
2025-02-20 02:59:43,096 - masked_mae : 8.858846664428711
2025-02-20 02:59:43,107 - masked_rmse : 12.247937202453613
2025-02-20 02:59:43,132 - masked_mape : 0.1810583621263504
2025-02-20 02:59:43,139 - Evaluate on pemsbay_speed_block_imputation:
2025-02-20 02:59:49,502 - masked_mae : 25.731426239013672
2025-02-20 02:59:49,514 - masked_rmse : 28.837810516357422
2025-02-20 02:59:49,520 - masked_mape : 0.4922773540019989
2025-02-20 02:59:49,520 - Evaluate on metrla_speed_point_imputation:
2025-02-20 02:59:55,474 - masked_mae : 9.726884841918945
2025-02-20 02:59:55,477 - masked_rmse : 15.39806079864502
2025-02-20 02:59:55,483 - masked_mape : 0.26314064860343933
2025-02-20 02:59:55,483 - Evaluate on metrla_speed_block_imputation:
2025-02-20 03:00:01,414 - masked_mae : 20.51667594909668
2025-02-20 03:00:01,415 - masked_rmse : 25.750207901000977
2025-02-20 03:00:01,417 - masked_mape : 0.5146318674087524
2025-02-20 03:00:39,271 - [Epoch 15] Pretrain Loss: 24.6203
2025-02-20 03:00:39,272 - ************************************************************   Forecasting Task   ************************************************************
2025-02-20 03:00:39,272 - Evaluate on pems03_flow_short_term_forecasting:
2025-02-20 03:00:52,691 - masked_mae : 17.725019454956055
2025-02-20 03:00:52,711 - masked_rmse : 28.37506866455078
2025-02-20 03:00:52,749 - masked_mape : 0.20381379127502441
2025-02-20 03:00:52,749 - Evaluate on pems03_flow_long_term_forecasting:
2025-02-20 03:01:13,336 - masked_mae : 18.383996963500977
2025-02-20 03:01:13,407 - masked_rmse : 29.38776969909668
2025-02-20 03:01:13,543 - masked_mape : 0.2046581357717514
2025-02-20 03:01:13,543 - Evaluate on pems04_flow_short_term_forecasting:
2025-02-20 03:01:23,373 - masked_mae : 23.98664665222168
2025-02-20 03:01:23,385 - masked_rmse : 37.85014724731445
2025-02-20 03:01:23,406 - masked_mape : 0.17044739425182343
2025-02-20 03:01:23,407 - Evaluate on pems04_flow_long_term_forecasting:
2025-02-20 03:01:37,101 - masked_mae : 26.593053817749023
2025-02-20 03:01:37,140 - masked_rmse : 41.366329193115234
2025-02-20 03:01:37,215 - masked_mape : 0.19929450750350952
2025-02-20 03:01:37,215 - Evaluate on pems07_flow_short_term_forecasting:
2025-02-20 03:02:02,562 - masked_mae : 29.15010643005371
2025-02-20 03:02:02,611 - masked_rmse : 43.70941162109375
2025-02-20 03:02:02,705 - masked_mape : 0.17465372383594513
2025-02-20 03:02:02,705 - Evaluate on pems07_flow_long_term_forecasting:
2025-02-20 03:02:45,862 - masked_mae : 32.46247482299805
2025-02-20 03:02:46,037 - masked_rmse : 47.78496170043945
2025-02-20 03:02:46,373 - masked_mape : 0.17649562656879425
2025-02-20 03:02:46,373 - Evaluate on pems08_flow_short_term_forecasting:
2025-02-20 03:02:54,675 - masked_mae : 18.967554092407227
2025-02-20 03:02:54,683 - masked_rmse : 30.008283615112305
2025-02-20 03:02:54,697 - masked_mape : 0.2371271699666977
2025-02-20 03:02:54,697 - Evaluate on pems08_flow_long_term_forecasting:
2025-02-20 03:03:05,420 - masked_mae : 19.964338302612305
2025-02-20 03:03:05,445 - masked_rmse : 31.42995262145996
2025-02-20 03:03:05,494 - masked_mape : 0.207372784614563
2025-02-20 03:03:05,494 - Evaluate on occpairs_occupancy_short_term_forecasting:
2025-02-20 03:03:20,830 - masked_mae : 0.9363665580749512
2025-02-20 03:03:20,855 - masked_rmse : 2.3819189071655273
2025-02-20 03:03:20,902 - masked_mape : 0.15213893353939056
2025-02-20 03:03:20,902 - Evaluate on occpairs_occupancy_long_term_forecasting:
2025-02-20 03:03:44,953 - masked_mae : 1.097241759300232
2025-02-20 03:03:45,040 - masked_rmse : 2.491868734359741
2025-02-20 03:03:45,207 - masked_mape : 0.18064306676387787
2025-02-20 03:03:45,208 - Evaluate on occhamburg_occupancy_short_term_forecasting:
2025-02-20 03:03:56,810 - masked_mae : 5.790064334869385
2025-02-20 03:03:56,826 - masked_rmse : 9.996073722839355
2025-02-20 03:03:56,856 - masked_mape : 0.5289705395698547
2025-02-20 03:03:56,856 - Evaluate on occhamburg_occupancy_long_term_forecasting:
2025-02-20 03:04:13,917 - masked_mae : 5.721078872680664
2025-02-20 03:04:13,972 - masked_rmse : 9.795093536376953
2025-02-20 03:04:14,077 - masked_mape : 0.5153823494911194
2025-02-20 03:04:14,077 - Evaluate on pemsbay_speed_short_term_forecasting:
2025-02-20 03:04:35,318 - masked_mae : 1.9551585912704468
2025-02-20 03:04:35,357 - masked_rmse : 4.2606682777404785
2025-02-20 03:04:35,432 - masked_mape : 0.05438436195254326
2025-02-20 03:04:35,432 - Evaluate on pemsbay_speed_long_term_forecasting:
2025-02-20 03:05:10,953 - masked_mae : 2.900131940841675
2025-02-20 03:05:11,093 - masked_rmse : 5.813335418701172
2025-02-20 03:05:11,360 - masked_mape : 0.07741845399141312
2025-02-20 03:05:11,361 - Evaluate on metrla_speed_short_term_forecasting:
2025-02-20 03:05:23,822 - masked_mae : 4.6273193359375
2025-02-20 03:05:23,840 - masked_rmse : 9.161903381347656
2025-02-20 03:05:23,874 - masked_mape : 0.12892353534698486
2025-02-20 03:05:23,874 - Evaluate on metrla_speed_long_term_forecasting:
2025-02-20 03:05:42,647 - masked_mae : 6.0834221839904785
2025-02-20 03:05:42,710 - masked_rmse : 10.909756660461426
2025-02-20 03:05:42,829 - masked_mape : 0.1673085242509842
2025-02-20 03:05:42,830 - Evaluate on trafficsh_speed_short_term_forecasting:
2025-02-20 03:05:54,260 - masked_mae : 0.710120677947998
2025-02-20 03:05:54,276 - masked_rmse : 1.0027320384979248
2025-02-20 03:05:54,304 - masked_mape : 0.07071590423583984
2025-02-20 03:05:54,305 - Evaluate on trafficsh_speed_long_term_forecasting:
2025-02-20 03:06:10,879 - masked_mae : 0.7241160273551941
2025-02-20 03:06:10,932 - masked_rmse : 1.031389594078064
2025-02-20 03:06:11,033 - masked_mape : 0.08259399980306625
2025-02-20 03:06:11,033 - Evaluate on bikenyc_inflow_short_term_forecasting:
2025-02-20 03:06:20,105 - masked_mae : 0.9408471584320068
2025-02-20 03:06:20,115 - masked_rmse : 3.4815990924835205
2025-02-20 03:06:20,132 - masked_mape : 0.3418527841567993
2025-02-20 03:06:20,133 - Evaluate on bikenyc_inflow_long_term_forecasting:
2025-02-20 03:06:32,333 - masked_mae : 1.0804001092910767
2025-02-20 03:06:32,365 - masked_rmse : 3.8176448345184326
2025-02-20 03:06:32,427 - masked_mape : 0.37851524353027344
2025-02-20 03:06:32,427 - Evaluate on taxinyc_inflow_short_term_forecasting:
2025-02-20 03:06:41,502 - masked_mae : 5.62750244140625
2025-02-20 03:06:41,511 - masked_rmse : 18.143877029418945
2025-02-20 03:06:41,529 - masked_mape : 0.3958714008331299
2025-02-20 03:06:41,529 - Evaluate on taxinyc_inflow_long_term_forecasting:
2025-02-20 03:06:53,739 - masked_mae : 5.981479167938232
2025-02-20 03:06:53,771 - masked_rmse : 19.207855224609375
2025-02-20 03:06:53,832 - masked_mape : 0.48673853278160095
2025-02-20 03:06:53,833 - Evaluate on tdrive_inflow_short_term_forecasting:
2025-02-20 03:07:24,019 - masked_mae : 15.84927749633789
2025-02-20 03:07:24,080 - masked_rmse : 33.16692352294922
2025-02-20 03:07:24,196 - masked_mape : 0.25830909609794617
2025-02-20 03:07:24,196 - Evaluate on tdrive_inflow_long_term_forecasting:
2025-02-20 03:08:16,686 - masked_mae : 17.145437240600586
2025-02-20 03:08:16,904 - masked_rmse : 34.07831954956055
2025-02-20 03:08:17,322 - masked_mape : 0.2987561523914337
2025-02-20 03:08:17,323 - ************************************************************   Imputation Task   ************************************************************
2025-02-20 03:08:17,323 - Evaluate on pems03_flow_point_imputation:
2025-02-20 03:08:23,234 - masked_mae : 45.548519134521484
2025-02-20 03:08:23,236 - masked_rmse : 63.803524017333984
2025-02-20 03:08:23,243 - masked_mape : 0.8408079147338867
2025-02-20 03:08:23,243 - Evaluate on pems03_flow_block_imputation:
2025-02-20 03:08:29,164 - masked_mae : 66.02845001220703
2025-02-20 03:08:29,166 - masked_rmse : 85.60042572021484
2025-02-20 03:08:29,168 - masked_mape : 0.9976165294647217
2025-02-20 03:08:29,168 - Evaluate on pems04_flow_point_imputation:
2025-02-20 03:08:34,970 - masked_mae : 57.168731689453125
2025-02-20 03:08:34,972 - masked_rmse : 79.19963073730469
2025-02-20 03:08:34,975 - masked_mape : 0.5658226013183594
2025-02-20 03:08:34,975 - Evaluate on pems04_flow_block_imputation:
2025-02-20 03:08:40,759 - masked_mae : 84.72655487060547
2025-02-20 03:08:40,760 - masked_rmse : 106.53206634521484
2025-02-20 03:08:40,762 - masked_mape : 0.6783223748207092
2025-02-20 03:08:40,762 - Evaluate on pems07_flow_point_imputation:
2025-02-20 03:08:47,368 - masked_mae : 68.85592651367188
2025-02-20 03:08:47,385 - masked_rmse : 92.94477081298828
2025-02-20 03:08:47,411 - masked_mape : 0.48289793729782104
2025-02-20 03:08:47,422 - Evaluate on pems07_flow_block_imputation:
2025-02-20 03:08:53,965 - masked_mae : 130.82772827148438
2025-02-20 03:08:53,975 - masked_rmse : 152.7309112548828
2025-02-20 03:08:53,985 - masked_mape : 0.7343065142631531
2025-02-20 03:08:53,986 - Evaluate on pems08_flow_point_imputation:
2025-02-20 03:08:59,688 - masked_mae : 45.85292053222656
2025-02-20 03:08:59,689 - masked_rmse : 65.96145629882812
2025-02-20 03:08:59,690 - masked_mape : 0.5514852404594421
2025-02-20 03:08:59,691 - Evaluate on pems08_flow_block_imputation:
2025-02-20 03:09:05,370 - masked_mae : 83.61883544921875
2025-02-20 03:09:05,370 - masked_rmse : 101.9769287109375
2025-02-20 03:09:05,372 - masked_mape : 0.860564649105072
2025-02-20 03:09:05,373 - Evaluate on pemsbay_speed_point_imputation:
2025-02-20 03:09:11,771 - masked_mae : 9.448675155639648
2025-02-20 03:09:11,786 - masked_rmse : 12.565978050231934
2025-02-20 03:09:11,809 - masked_mape : 0.1910291612148285
2025-02-20 03:09:11,809 - Evaluate on pemsbay_speed_block_imputation:
2025-02-20 03:09:18,238 - masked_mae : 26.22782325744629
2025-02-20 03:09:18,247 - masked_rmse : 29.336185455322266
2025-02-20 03:09:18,259 - masked_mape : 0.5000910758972168
2025-02-20 03:09:18,259 - Evaluate on metrla_speed_point_imputation:
2025-02-20 03:09:24,197 - masked_mae : 10.022200584411621
2025-02-20 03:09:24,199 - masked_rmse : 15.421786308288574
2025-02-20 03:09:24,200 - masked_mape : 0.2660546898841858
2025-02-20 03:09:24,201 - Evaluate on metrla_speed_block_imputation:
2025-02-20 03:09:30,100 - masked_mae : 21.09273910522461
2025-02-20 03:09:30,102 - masked_rmse : 26.356658935546875
2025-02-20 03:09:30,108 - masked_mape : 0.5232614874839783
2025-02-20 03:10:07,872 - [Epoch 16] Pretrain Loss: 24.4463
2025-02-20 03:10:07,873 - ************************************************************   Forecasting Task   ************************************************************
2025-02-20 03:10:07,873 - Evaluate on pems03_flow_short_term_forecasting:
2025-02-20 03:10:21,352 - masked_mae : 18.05132484436035
2025-02-20 03:10:21,372 - masked_rmse : 29.16309928894043
2025-02-20 03:10:21,411 - masked_mape : 0.1940046101808548
2025-02-20 03:10:21,411 - Evaluate on pems03_flow_long_term_forecasting:
2025-02-20 03:10:41,925 - masked_mae : 18.380510330200195
2025-02-20 03:10:41,996 - masked_rmse : 29.762435913085938
2025-02-20 03:10:42,132 - masked_mape : 0.19259296357631683
2025-02-20 03:10:42,133 - Evaluate on pems04_flow_short_term_forecasting:
2025-02-20 03:10:51,942 - masked_mae : 24.505104064941406
2025-02-20 03:10:51,953 - masked_rmse : 38.697540283203125
2025-02-20 03:10:51,975 - masked_mape : 0.16843223571777344
2025-02-20 03:10:51,975 - Evaluate on pems04_flow_long_term_forecasting:
2025-02-20 03:11:05,649 - masked_mae : 26.348052978515625
2025-02-20 03:11:05,688 - masked_rmse : 41.15276336669922
2025-02-20 03:11:05,763 - masked_mape : 0.1921319216489792
2025-02-20 03:11:05,763 - Evaluate on pems07_flow_short_term_forecasting:
2025-02-20 03:11:31,071 - masked_mae : 30.065404891967773
2025-02-20 03:11:31,120 - masked_rmse : 44.97453689575195
2025-02-20 03:11:31,214 - masked_mape : 0.17105360329151154
2025-02-20 03:11:31,214 - Evaluate on pems07_flow_long_term_forecasting:
2025-02-20 03:12:14,398 - masked_mae : 32.3945198059082
2025-02-20 03:12:14,574 - masked_rmse : 47.34321975708008
2025-02-20 03:12:14,910 - masked_mape : 0.17133264243602753
2025-02-20 03:12:14,910 - Evaluate on pems08_flow_short_term_forecasting:
2025-02-20 03:12:23,233 - masked_mae : 19.392419815063477
2025-02-20 03:12:23,241 - masked_rmse : 30.77422523498535
2025-02-20 03:12:23,255 - masked_mape : 0.22837167978286743
2025-02-20 03:12:23,255 - Evaluate on pems08_flow_long_term_forecasting:
2025-02-20 03:12:33,971 - masked_mae : 20.11046600341797
2025-02-20 03:12:33,996 - masked_rmse : 31.720956802368164
2025-02-20 03:12:34,045 - masked_mape : 0.20057420432567596
2025-02-20 03:12:34,045 - Evaluate on occpairs_occupancy_short_term_forecasting:
2025-02-20 03:12:52,606 - masked_mae : 0.9699977040290833
2025-02-20 03:12:52,630 - masked_rmse : 2.4672508239746094
2025-02-20 03:12:52,677 - masked_mape : 0.15409307181835175
2025-02-20 03:12:52,678 - Evaluate on occpairs_occupancy_long_term_forecasting:
2025-02-20 03:13:16,837 - masked_mae : 1.1077889204025269
2025-02-20 03:13:16,924 - masked_rmse : 2.514572858810425
2025-02-20 03:13:17,091 - masked_mape : 0.18263012170791626
2025-02-20 03:13:17,092 - Evaluate on occhamburg_occupancy_short_term_forecasting:
2025-02-20 03:13:28,723 - masked_mae : 5.8228230476379395
2025-02-20 03:13:28,738 - masked_rmse : 10.06916332244873
2025-02-20 03:13:28,768 - masked_mape : 0.5272309184074402
2025-02-20 03:13:28,768 - Evaluate on occhamburg_occupancy_long_term_forecasting:
2025-02-20 03:13:45,890 - masked_mae : 5.679468631744385
2025-02-20 03:13:45,945 - masked_rmse : 9.761296272277832
2025-02-20 03:13:46,050 - masked_mape : 0.5053135752677917
2025-02-20 03:13:46,051 - Evaluate on pemsbay_speed_short_term_forecasting:
2025-02-20 03:14:07,257 - masked_mae : 1.988795280456543
2025-02-20 03:14:07,296 - masked_rmse : 4.277763843536377
2025-02-20 03:14:07,371 - masked_mape : 0.05465661361813545
2025-02-20 03:14:07,371 - Evaluate on pemsbay_speed_long_term_forecasting:
2025-02-20 03:14:42,888 - masked_mae : 2.806774139404297
2025-02-20 03:14:43,028 - masked_rmse : 5.741191864013672
2025-02-20 03:14:43,295 - masked_mape : 0.07564093917608261
2025-02-20 03:14:43,296 - Evaluate on metrla_speed_short_term_forecasting:
2025-02-20 03:14:55,738 - masked_mae : 4.7408447265625
2025-02-20 03:14:55,756 - masked_rmse : 9.169397354125977
2025-02-20 03:14:55,790 - masked_mape : 0.1299849897623062
2025-02-20 03:14:55,790 - Evaluate on metrla_speed_long_term_forecasting:
2025-02-20 03:15:14,521 - masked_mae : 6.038649082183838
2025-02-20 03:15:14,584 - masked_rmse : 10.807414054870605
2025-02-20 03:15:14,703 - masked_mape : 0.1654011756181717
2025-02-20 03:15:14,703 - Evaluate on trafficsh_speed_short_term_forecasting:
2025-02-20 03:15:26,191 - masked_mae : 0.7697014808654785
2025-02-20 03:15:26,206 - masked_rmse : 1.0313230752944946
2025-02-20 03:15:26,235 - masked_mape : 0.0793299451470375
2025-02-20 03:15:26,236 - Evaluate on trafficsh_speed_long_term_forecasting:
2025-02-20 03:15:42,882 - masked_mae : 0.7839990258216858
2025-02-20 03:15:42,935 - masked_rmse : 1.067667007446289
2025-02-20 03:15:43,036 - masked_mape : 0.08988652378320694
2025-02-20 03:15:43,036 - Evaluate on bikenyc_inflow_short_term_forecasting:
2025-02-20 03:15:52,141 - masked_mae : 0.9979655742645264
2025-02-20 03:15:52,150 - masked_rmse : 3.7030656337738037
2025-02-20 03:15:52,168 - masked_mape : 0.3532770872116089
2025-02-20 03:15:52,168 - Evaluate on bikenyc_inflow_long_term_forecasting:
2025-02-20 03:16:04,367 - masked_mae : 1.1074638366699219
2025-02-20 03:16:04,399 - masked_rmse : 3.958331346511841
2025-02-20 03:16:04,461 - masked_mape : 0.38125085830688477
2025-02-20 03:16:04,461 - Evaluate on taxinyc_inflow_short_term_forecasting:
2025-02-20 03:16:13,497 - masked_mae : 6.369661808013916
2025-02-20 03:16:13,506 - masked_rmse : 19.79044532775879
2025-02-20 03:16:13,524 - masked_mape : 0.4775431454181671
2025-02-20 03:16:13,525 - Evaluate on taxinyc_inflow_long_term_forecasting:
2025-02-20 03:16:25,740 - masked_mae : 6.413875102996826
2025-02-20 03:16:25,772 - masked_rmse : 19.75471305847168
2025-02-20 03:16:25,834 - masked_mape : 0.5202046036720276
2025-02-20 03:16:25,834 - Evaluate on tdrive_inflow_short_term_forecasting:
2025-02-20 03:16:55,861 - masked_mae : 17.136144638061523
2025-02-20 03:16:55,921 - masked_rmse : 36.34597396850586
2025-02-20 03:16:56,037 - masked_mape : 0.26578664779663086
2025-02-20 03:16:56,038 - Evaluate on tdrive_inflow_long_term_forecasting:
2025-02-20 03:17:48,531 - masked_mae : 17.842954635620117
2025-02-20 03:17:48,749 - masked_rmse : 35.77471160888672
2025-02-20 03:17:49,167 - masked_mape : 0.2876589298248291
2025-02-20 03:17:49,167 - ************************************************************   Imputation Task   ************************************************************
2025-02-20 03:17:49,167 - Evaluate on pems03_flow_point_imputation:
2025-02-20 03:17:55,097 - masked_mae : 45.41496276855469
2025-02-20 03:17:55,099 - masked_rmse : 63.49822235107422
2025-02-20 03:17:55,107 - masked_mape : 0.8380504846572876
2025-02-20 03:17:55,107 - Evaluate on pems03_flow_block_imputation:
2025-02-20 03:18:01,047 - masked_mae : 64.43363189697266
2025-02-20 03:18:01,048 - masked_rmse : 84.04264068603516
2025-02-20 03:18:01,050 - masked_mape : 0.9890866279602051
2025-02-20 03:18:01,055 - Evaluate on pems04_flow_point_imputation:
2025-02-20 03:18:06,853 - masked_mae : 56.777103424072266
2025-02-20 03:18:06,854 - masked_rmse : 78.70636749267578
2025-02-20 03:18:06,857 - masked_mape : 0.5645998120307922
2025-02-20 03:18:06,857 - Evaluate on pems04_flow_block_imputation:
2025-02-20 03:18:12,624 - masked_mae : 81.68411254882812
2025-02-20 03:18:12,625 - masked_rmse : 103.4856185913086
2025-02-20 03:18:12,627 - masked_mape : 0.6666044592857361
2025-02-20 03:18:12,627 - Evaluate on pems07_flow_point_imputation:
2025-02-20 03:18:19,177 - masked_mae : 68.50584411621094
2025-02-20 03:18:19,195 - masked_rmse : 92.56037902832031
2025-02-20 03:18:19,222 - masked_mape : 0.4842005670070648
2025-02-20 03:18:19,231 - Evaluate on pems07_flow_block_imputation:
2025-02-20 03:18:25,769 - masked_mae : 124.49840545654297
2025-02-20 03:18:25,782 - masked_rmse : 146.116455078125
2025-02-20 03:18:25,801 - masked_mape : 0.7153162360191345
2025-02-20 03:18:25,802 - Evaluate on pems08_flow_point_imputation:
2025-02-20 03:18:31,481 - masked_mae : 45.800010681152344
2025-02-20 03:18:31,482 - masked_rmse : 65.79585266113281
2025-02-20 03:18:31,483 - masked_mape : 0.5539775490760803
2025-02-20 03:18:31,484 - Evaluate on pems08_flow_block_imputation:
2025-02-20 03:18:37,213 - masked_mae : 80.27184295654297
2025-02-20 03:18:37,214 - masked_rmse : 98.50452423095703
2025-02-20 03:18:37,215 - masked_mape : 0.8429693579673767
2025-02-20 03:18:37,215 - Evaluate on pemsbay_speed_point_imputation:
2025-02-20 03:18:43,606 - masked_mae : 8.891979217529297
2025-02-20 03:18:43,621 - masked_rmse : 12.123387336730957
2025-02-20 03:18:43,644 - masked_mape : 0.1816374510526657
2025-02-20 03:18:43,649 - Evaluate on pemsbay_speed_block_imputation:
2025-02-20 03:18:50,065 - masked_mae : 24.605810165405273
2025-02-20 03:18:50,077 - masked_rmse : 27.62305450439453
2025-02-20 03:18:50,090 - masked_mape : 0.47028809785842896
2025-02-20 03:18:50,094 - Evaluate on metrla_speed_point_imputation:
2025-02-20 03:18:56,010 - masked_mae : 9.757232666015625
2025-02-20 03:18:56,013 - masked_rmse : 15.370200157165527
2025-02-20 03:18:56,018 - masked_mape : 0.26107823848724365
2025-02-20 03:18:56,018 - Evaluate on metrla_speed_block_imputation:
2025-02-20 03:19:01,904 - masked_mae : 20.05955696105957
2025-02-20 03:19:01,905 - masked_rmse : 25.264780044555664
2025-02-20 03:19:01,907 - masked_mape : 0.500156044960022
2025-02-20 03:19:39,668 - [Epoch 17] Pretrain Loss: 24.3402
2025-02-20 03:19:39,669 - ************************************************************   Forecasting Task   ************************************************************
2025-02-20 03:19:39,669 - Evaluate on pems03_flow_short_term_forecasting:
2025-02-20 03:19:53,163 - masked_mae : 16.744688034057617
2025-02-20 03:19:53,183 - masked_rmse : 27.41922950744629
2025-02-20 03:19:53,222 - masked_mape : 0.1737743467092514
2025-02-20 03:19:53,222 - Evaluate on pems03_flow_long_term_forecasting:
2025-02-20 03:20:13,801 - masked_mae : 17.964523315429688
2025-02-20 03:20:13,873 - masked_rmse : 28.758432388305664
2025-02-20 03:20:14,009 - masked_mape : 0.19196951389312744
2025-02-20 03:20:14,009 - Evaluate on pems04_flow_short_term_forecasting:
2025-02-20 03:20:23,864 - masked_mae : 23.3847713470459
2025-02-20 03:20:23,875 - masked_rmse : 37.283504486083984
2025-02-20 03:20:23,897 - masked_mape : 0.16209661960601807
2025-02-20 03:20:23,897 - Evaluate on pems04_flow_long_term_forecasting:
2025-02-20 03:20:37,634 - masked_mae : 26.095293045043945
2025-02-20 03:20:37,673 - masked_rmse : 40.56831359863281
2025-02-20 03:20:37,748 - masked_mape : 0.1959749013185501
2025-02-20 03:20:37,748 - Evaluate on pems07_flow_short_term_forecasting:
2025-02-20 03:21:03,017 - masked_mae : 28.022489547729492
2025-02-20 03:21:03,065 - masked_rmse : 42.386539459228516
2025-02-20 03:21:03,159 - masked_mape : 0.15397848188877106
2025-02-20 03:21:03,160 - Evaluate on pems07_flow_long_term_forecasting:
2025-02-20 03:21:46,302 - masked_mae : 31.8192195892334
2025-02-20 03:21:46,478 - masked_rmse : 46.974239349365234
2025-02-20 03:21:46,814 - masked_mape : 0.1677226424217224
2025-02-20 03:21:46,814 - Evaluate on pems08_flow_short_term_forecasting:
2025-02-20 03:21:55,190 - masked_mae : 17.872081756591797
2025-02-20 03:21:55,198 - masked_rmse : 28.9093017578125
2025-02-20 03:21:55,212 - masked_mape : 0.19704242050647736
2025-02-20 03:21:55,212 - Evaluate on pems08_flow_long_term_forecasting:
2025-02-20 03:22:05,918 - masked_mae : 19.530094146728516
2025-02-20 03:22:05,944 - masked_rmse : 30.958715438842773
2025-02-20 03:22:05,992 - masked_mape : 0.19089050590991974
2025-02-20 03:22:05,992 - Evaluate on occpairs_occupancy_short_term_forecasting:
2025-02-20 03:22:21,289 - masked_mae : 0.9350733160972595
2025-02-20 03:22:21,314 - masked_rmse : 2.3940751552581787
2025-02-20 03:22:21,360 - masked_mape : 0.15254643559455872
2025-02-20 03:22:21,361 - Evaluate on occpairs_occupancy_long_term_forecasting:
2025-02-20 03:22:45,468 - masked_mae : 1.0840392112731934
2025-02-20 03:22:45,555 - masked_rmse : 2.4516122341156006
2025-02-20 03:22:45,722 - masked_mape : 0.18317222595214844
2025-02-20 03:22:45,722 - Evaluate on occhamburg_occupancy_short_term_forecasting:
2025-02-20 03:22:57,340 - masked_mae : 5.777727127075195
2025-02-20 03:22:57,355 - masked_rmse : 10.016276359558105
2025-02-20 03:22:57,385 - masked_mape : 0.5249300599098206
2025-02-20 03:22:57,385 - Evaluate on occhamburg_occupancy_long_term_forecasting:
2025-02-20 03:23:14,533 - masked_mae : 5.688343048095703
2025-02-20 03:23:14,588 - masked_rmse : 9.73385238647461
2025-02-20 03:23:14,693 - masked_mape : 0.5178327560424805
2025-02-20 03:23:14,694 - Evaluate on pemsbay_speed_short_term_forecasting:
2025-02-20 03:23:35,963 - masked_mae : 1.8823204040527344
2025-02-20 03:23:36,002 - masked_rmse : 4.234792709350586
2025-02-20 03:23:36,076 - masked_mape : 0.05205483362078667
2025-02-20 03:23:36,077 - Evaluate on pemsbay_speed_long_term_forecasting:
2025-02-20 03:24:11,507 - masked_mae : 2.799459457397461
2025-02-20 03:24:11,647 - masked_rmse : 5.7538371086120605
2025-02-20 03:24:11,915 - masked_mape : 0.07515735179185867
2025-02-20 03:24:11,915 - Evaluate on metrla_speed_short_term_forecasting:
2025-02-20 03:24:24,370 - masked_mae : 4.455671310424805
2025-02-20 03:24:24,388 - masked_rmse : 9.032242774963379
2025-02-20 03:24:24,422 - masked_mape : 0.12281942367553711
2025-02-20 03:24:24,422 - Evaluate on metrla_speed_long_term_forecasting:
2025-02-20 03:24:43,144 - masked_mae : 5.895474910736084
2025-02-20 03:24:43,207 - masked_rmse : 10.76366901397705
2025-02-20 03:24:43,326 - masked_mape : 0.16195900738239288
2025-02-20 03:24:43,326 - Evaluate on trafficsh_speed_short_term_forecasting:
2025-02-20 03:24:54,745 - masked_mae : 0.6299800276756287
2025-02-20 03:24:54,760 - masked_rmse : 0.916157066822052
2025-02-20 03:24:54,789 - masked_mape : 0.06600792706012726
2025-02-20 03:24:54,789 - Evaluate on trafficsh_speed_long_term_forecasting:
2025-02-20 03:25:11,455 - masked_mae : 0.6827659606933594
2025-02-20 03:25:11,508 - masked_rmse : 0.9892397522926331
2025-02-20 03:25:11,609 - masked_mape : 0.08059468120336533
2025-02-20 03:25:11,609 - Evaluate on bikenyc_inflow_short_term_forecasting:
2025-02-20 03:25:20,645 - masked_mae : 0.9297981262207031
2025-02-20 03:25:20,655 - masked_rmse : 3.460369825363159
2025-02-20 03:25:20,673 - masked_mape : 0.3445156514644623
2025-02-20 03:25:20,673 - Evaluate on bikenyc_inflow_long_term_forecasting:
2025-02-20 03:25:32,828 - masked_mae : 1.0388023853302002
2025-02-20 03:25:32,860 - masked_rmse : 3.620455026626587
2025-02-20 03:25:32,922 - masked_mape : 0.3791745603084564
2025-02-20 03:25:32,922 - Evaluate on taxinyc_inflow_short_term_forecasting:
2025-02-20 03:25:41,968 - masked_mae : 5.512083530426025
2025-02-20 03:25:41,977 - masked_rmse : 18.255949020385742
2025-02-20 03:25:41,995 - masked_mape : 0.3819199502468109
2025-02-20 03:25:41,995 - Evaluate on taxinyc_inflow_long_term_forecasting:
2025-02-20 03:25:54,170 - masked_mae : 5.6356892585754395
2025-02-20 03:25:54,203 - masked_rmse : 18.10742950439453
2025-02-20 03:25:54,264 - masked_mape : 0.4880450963973999
2025-02-20 03:25:54,265 - Evaluate on tdrive_inflow_short_term_forecasting:
2025-02-20 03:26:24,407 - masked_mae : 15.031153678894043
2025-02-20 03:26:24,467 - masked_rmse : 32.90098571777344
2025-02-20 03:26:24,583 - masked_mape : 0.20772767066955566
2025-02-20 03:26:24,584 - Evaluate on tdrive_inflow_long_term_forecasting:
2025-02-20 03:27:16,958 - masked_mae : 16.472143173217773
2025-02-20 03:27:17,176 - masked_rmse : 32.42474365234375
2025-02-20 03:27:17,594 - masked_mape : 0.29087066650390625
2025-02-20 03:27:17,594 - ************************************************************   Imputation Task   ************************************************************
2025-02-20 03:27:17,594 - Evaluate on pems03_flow_point_imputation:
2025-02-20 03:27:23,598 - masked_mae : 43.42973709106445
2025-02-20 03:27:23,599 - masked_rmse : 61.39466857910156
2025-02-20 03:27:23,607 - masked_mape : 0.8265681862831116
2025-02-20 03:27:23,607 - Evaluate on pems03_flow_block_imputation:
2025-02-20 03:27:29,530 - masked_mae : 64.20038604736328
2025-02-20 03:27:29,533 - masked_rmse : 83.63751983642578
2025-02-20 03:27:29,535 - masked_mape : 0.9772268533706665
2025-02-20 03:27:29,535 - Evaluate on pems04_flow_point_imputation:
2025-02-20 03:27:35,321 - masked_mae : 53.689300537109375
2025-02-20 03:27:35,323 - masked_rmse : 75.26881408691406
2025-02-20 03:27:35,325 - masked_mape : 0.5470251441001892
2025-02-20 03:27:35,325 - Evaluate on pems04_flow_block_imputation:
2025-02-20 03:27:41,073 - masked_mae : 81.915283203125
2025-02-20 03:27:41,074 - masked_rmse : 103.48248291015625
2025-02-20 03:27:41,076 - masked_mape : 0.6589688658714294
2025-02-20 03:27:41,076 - Evaluate on pems07_flow_point_imputation:
2025-02-20 03:27:47,641 - masked_mae : 65.33638763427734
2025-02-20 03:27:47,659 - masked_rmse : 89.23157501220703
2025-02-20 03:27:47,686 - masked_mape : 0.47471174597740173
2025-02-20 03:27:47,694 - Evaluate on pems07_flow_block_imputation:
2025-02-20 03:27:54,247 - masked_mae : 125.9946517944336
2025-02-20 03:27:54,257 - masked_rmse : 147.55670166015625
2025-02-20 03:27:54,274 - masked_mape : 0.7169153094291687
2025-02-20 03:27:54,274 - Evaluate on pems08_flow_point_imputation:
2025-02-20 03:27:59,951 - masked_mae : 43.42577362060547
2025-02-20 03:27:59,952 - masked_rmse : 63.34122848510742
2025-02-20 03:27:59,953 - masked_mape : 0.5443879961967468
2025-02-20 03:27:59,953 - Evaluate on pems08_flow_block_imputation:
2025-02-20 03:28:05,662 - masked_mae : 81.2096939086914
2025-02-20 03:28:05,663 - masked_rmse : 99.20477294921875
2025-02-20 03:28:05,665 - masked_mape : 0.8470115661621094
2025-02-20 03:28:05,665 - Evaluate on pemsbay_speed_point_imputation:
2025-02-20 03:28:12,045 - masked_mae : 8.726771354675293
2025-02-20 03:28:12,056 - masked_rmse : 12.086545944213867
2025-02-20 03:28:12,081 - masked_mape : 0.17921318113803864
2025-02-20 03:28:12,088 - Evaluate on pemsbay_speed_block_imputation:
2025-02-20 03:28:18,454 - masked_mae : 24.519685745239258
2025-02-20 03:28:18,464 - masked_rmse : 27.543643951416016
2025-02-20 03:28:18,469 - masked_mape : 0.4686330258846283
2025-02-20 03:28:18,469 - Evaluate on metrla_speed_point_imputation:
2025-02-20 03:28:24,406 - masked_mae : 9.653306007385254
2025-02-20 03:28:24,409 - masked_rmse : 15.385401725769043
2025-02-20 03:28:24,414 - masked_mape : 0.2598365247249603
2025-02-20 03:28:24,414 - Evaluate on metrla_speed_block_imputation:
2025-02-20 03:28:30,300 - masked_mae : 20.073732376098633
2025-02-20 03:28:30,301 - masked_rmse : 25.287321090698242
2025-02-20 03:28:30,304 - masked_mape : 0.49939996004104614
2025-02-20 03:29:08,167 - [Epoch 18] Pretrain Loss: 24.0171
2025-02-20 03:29:08,167 - ************************************************************   Forecasting Task   ************************************************************
2025-02-20 03:29:08,167 - Evaluate on pems03_flow_short_term_forecasting:
2025-02-20 03:29:21,631 - masked_mae : 17.19731903076172
2025-02-20 03:29:21,651 - masked_rmse : 27.83725929260254
2025-02-20 03:29:21,690 - masked_mape : 0.1905515342950821
2025-02-20 03:29:21,690 - Evaluate on pems03_flow_long_term_forecasting:
2025-02-20 03:29:42,209 - masked_mae : 17.64514923095703
2025-02-20 03:29:42,281 - masked_rmse : 28.28973960876465
2025-02-20 03:29:42,416 - masked_mape : 0.19474971294403076
2025-02-20 03:29:42,417 - Evaluate on pems04_flow_short_term_forecasting:
2025-02-20 03:29:52,267 - masked_mae : 23.697641372680664
2025-02-20 03:29:52,278 - masked_rmse : 37.579349517822266
2025-02-20 03:29:52,300 - masked_mape : 0.16763579845428467
2025-02-20 03:29:52,300 - Evaluate on pems04_flow_long_term_forecasting:
2025-02-20 03:30:06,013 - masked_mae : 25.705236434936523
2025-02-20 03:30:06,053 - masked_rmse : 40.09440994262695
2025-02-20 03:30:06,128 - masked_mape : 0.19516317546367645
2025-02-20 03:30:06,128 - Evaluate on pems07_flow_short_term_forecasting:
2025-02-20 03:30:31,487 - masked_mae : 28.493398666381836
2025-02-20 03:30:31,536 - masked_rmse : 42.897342681884766
2025-02-20 03:30:31,629 - masked_mape : 0.1642402559518814
2025-02-20 03:30:31,630 - Evaluate on pems07_flow_long_term_forecasting:
2025-02-20 03:31:14,839 - masked_mae : 31.184982299804688
2025-02-20 03:31:15,014 - masked_rmse : 46.02984619140625
2025-02-20 03:31:15,350 - masked_mape : 0.1692609339952469
2025-02-20 03:31:15,350 - Evaluate on pems08_flow_short_term_forecasting:
2025-02-20 03:31:23,619 - masked_mae : 18.363698959350586
2025-02-20 03:31:23,627 - masked_rmse : 29.37683868408203
2025-02-20 03:31:23,641 - masked_mape : 0.21423538029193878
2025-02-20 03:31:23,641 - Evaluate on pems08_flow_long_term_forecasting:
2025-02-20 03:31:34,393 - masked_mae : 19.21538734436035
2025-02-20 03:31:34,419 - masked_rmse : 30.488685607910156
2025-02-20 03:31:34,467 - masked_mape : 0.19516199827194214
2025-02-20 03:31:34,467 - Evaluate on occpairs_occupancy_short_term_forecasting:
2025-02-20 03:31:49,724 - masked_mae : 0.9252514839172363
2025-02-20 03:31:49,748 - masked_rmse : 2.3755698204040527
2025-02-20 03:31:49,795 - masked_mape : 0.1519543081521988
2025-02-20 03:31:49,795 - Evaluate on occpairs_occupancy_long_term_forecasting:
2025-02-20 03:32:13,911 - masked_mae : 1.074302315711975
2025-02-20 03:32:13,999 - masked_rmse : 2.4461488723754883
2025-02-20 03:32:14,166 - masked_mape : 0.18020451068878174
2025-02-20 03:32:14,166 - Evaluate on occhamburg_occupancy_short_term_forecasting:
2025-02-20 03:32:25,796 - masked_mae : 5.795324802398682
2025-02-20 03:32:25,812 - masked_rmse : 10.035136222839355
2025-02-20 03:32:25,842 - masked_mape : 0.5312145352363586
2025-02-20 03:32:25,842 - Evaluate on occhamburg_occupancy_long_term_forecasting:
2025-02-20 03:32:42,955 - masked_mae : 5.658348083496094
2025-02-20 03:32:43,010 - masked_rmse : 9.707587242126465
2025-02-20 03:32:43,115 - masked_mape : 0.5137395858764648
2025-02-20 03:32:43,115 - Evaluate on pemsbay_speed_short_term_forecasting:
2025-02-20 03:33:04,367 - masked_mae : 1.8648381233215332
2025-02-20 03:33:04,406 - masked_rmse : 4.221851348876953
2025-02-20 03:33:04,480 - masked_mape : 0.05224202200770378
2025-02-20 03:33:04,481 - Evaluate on pemsbay_speed_long_term_forecasting:
2025-02-20 03:33:40,021 - masked_mae : 2.7667675018310547
2025-02-20 03:33:40,160 - masked_rmse : 5.734132289886475
2025-02-20 03:33:40,428 - masked_mape : 0.07500229775905609
2025-02-20 03:33:40,428 - Evaluate on metrla_speed_short_term_forecasting:
2025-02-20 03:33:52,886 - masked_mae : 4.4119720458984375
2025-02-20 03:33:52,904 - masked_rmse : 9.07531452178955
2025-02-20 03:33:52,938 - masked_mape : 0.12280034273862839
2025-02-20 03:33:52,938 - Evaluate on metrla_speed_long_term_forecasting:
2025-02-20 03:34:11,646 - masked_mae : 5.769176006317139
2025-02-20 03:34:11,708 - masked_rmse : 10.687461853027344
2025-02-20 03:34:11,828 - masked_mape : 0.1603909134864807
2025-02-20 03:34:11,828 - Evaluate on trafficsh_speed_short_term_forecasting:
2025-02-20 03:34:23,293 - masked_mae : 0.6323263645172119
2025-02-20 03:34:23,308 - masked_rmse : 0.9335560202598572
2025-02-20 03:34:23,337 - masked_mape : 0.06400600075721741
2025-02-20 03:34:23,337 - Evaluate on trafficsh_speed_long_term_forecasting:
2025-02-20 03:34:39,954 - masked_mae : 0.6475684642791748
2025-02-20 03:34:40,007 - masked_rmse : 0.9618759155273438
2025-02-20 03:34:40,107 - masked_mape : 0.07614947855472565
2025-02-20 03:34:40,108 - Evaluate on bikenyc_inflow_short_term_forecasting:
2025-02-20 03:34:49,155 - masked_mae : 0.9218574166297913
2025-02-20 03:34:49,164 - masked_rmse : 3.4171760082244873
2025-02-20 03:34:49,182 - masked_mape : 0.3407609462738037
2025-02-20 03:34:49,182 - Evaluate on bikenyc_inflow_long_term_forecasting:
2025-02-20 03:35:01,404 - masked_mae : 1.0283377170562744
2025-02-20 03:35:01,436 - masked_rmse : 3.594670534133911
2025-02-20 03:35:01,498 - masked_mape : 0.3751954138278961
2025-02-20 03:35:01,498 - Evaluate on taxinyc_inflow_short_term_forecasting:
2025-02-20 03:35:10,543 - masked_mae : 5.414912700653076
2025-02-20 03:35:10,552 - masked_rmse : 17.971200942993164
2025-02-20 03:35:10,570 - masked_mape : 0.36460378766059875
2025-02-20 03:35:10,570 - Evaluate on taxinyc_inflow_long_term_forecasting:
2025-02-20 03:35:22,829 - masked_mae : 5.566062927246094
2025-02-20 03:35:22,861 - masked_rmse : 17.924318313598633
2025-02-20 03:35:22,923 - masked_mape : 0.4628429114818573
2025-02-20 03:35:22,923 - Evaluate on tdrive_inflow_short_term_forecasting:
2025-02-20 03:35:52,979 - masked_mae : 15.397964477539062
2025-02-20 03:35:53,040 - masked_rmse : 33.31270217895508
2025-02-20 03:35:53,156 - masked_mape : 0.22782038152217865
2025-02-20 03:35:53,157 - Evaluate on tdrive_inflow_long_term_forecasting:
2025-02-20 03:36:45,465 - masked_mae : 15.97675609588623
2025-02-20 03:36:45,683 - masked_rmse : 31.8273983001709
2025-02-20 03:36:46,100 - masked_mape : 0.2646040916442871
2025-02-20 03:36:46,101 - ************************************************************   Imputation Task   ************************************************************
2025-02-20 03:36:46,101 - Evaluate on pems03_flow_point_imputation:
2025-02-20 03:36:52,038 - masked_mae : 41.74842834472656
2025-02-20 03:36:52,040 - masked_rmse : 58.818180084228516
2025-02-20 03:36:52,043 - masked_mape : 0.7899000644683838
2025-02-20 03:36:52,043 - Evaluate on pems03_flow_block_imputation:
2025-02-20 03:36:57,985 - masked_mae : 61.181427001953125
2025-02-20 03:36:57,987 - masked_rmse : 79.94197082519531
2025-02-20 03:36:57,989 - masked_mape : 0.9141196012496948
2025-02-20 03:36:57,990 - Evaluate on pems04_flow_point_imputation:
2025-02-20 03:37:03,786 - masked_mae : 51.903114318847656
2025-02-20 03:37:03,787 - masked_rmse : 72.79904174804688
2025-02-20 03:37:03,795 - masked_mape : 0.5217040777206421
2025-02-20 03:37:03,800 - Evaluate on pems04_flow_block_imputation:
2025-02-20 03:37:09,627 - masked_mae : 78.88151550292969
2025-02-20 03:37:09,629 - masked_rmse : 99.95529174804688
2025-02-20 03:37:09,630 - masked_mape : 0.6263782978057861
2025-02-20 03:37:09,630 - Evaluate on pems07_flow_point_imputation:
2025-02-20 03:37:16,239 - masked_mae : 62.65190505981445
2025-02-20 03:37:16,261 - masked_rmse : 85.47993469238281
2025-02-20 03:37:16,292 - masked_mape : 0.46118953824043274
2025-02-20 03:37:16,298 - Evaluate on pems07_flow_block_imputation:
2025-02-20 03:37:22,843 - masked_mae : 119.96131896972656
2025-02-20 03:37:22,856 - masked_rmse : 140.88084411621094
2025-02-20 03:37:22,876 - masked_mape : 0.678418755531311
2025-02-20 03:37:22,882 - Evaluate on pems08_flow_point_imputation:
2025-02-20 03:37:28,547 - masked_mae : 41.869571685791016
2025-02-20 03:37:28,548 - masked_rmse : 60.597938537597656
2025-02-20 03:37:28,549 - masked_mape : 0.5263535976409912
2025-02-20 03:37:28,549 - Evaluate on pems08_flow_block_imputation:
2025-02-20 03:37:34,255 - masked_mae : 77.49365234375
2025-02-20 03:37:34,256 - masked_rmse : 94.99974060058594
2025-02-20 03:37:34,258 - masked_mape : 0.8042212128639221
2025-02-20 03:37:34,258 - Evaluate on pemsbay_speed_point_imputation:
2025-02-20 03:37:40,664 - masked_mae : 7.894204139709473
2025-02-20 03:37:40,675 - masked_rmse : 11.376152038574219
2025-02-20 03:37:40,699 - masked_mape : 0.16424448788166046
2025-02-20 03:37:40,706 - Evaluate on pemsbay_speed_block_imputation:
2025-02-20 03:37:47,088 - masked_mae : 22.796432495117188
2025-02-20 03:37:47,099 - masked_rmse : 25.682689666748047
2025-02-20 03:37:47,103 - masked_mape : 0.43567267060279846
2025-02-20 03:37:47,104 - Evaluate on metrla_speed_point_imputation:
2025-02-20 03:37:52,996 - masked_mae : 9.04355239868164
2025-02-20 03:37:52,999 - masked_rmse : 15.015974044799805
2025-02-20 03:37:53,005 - masked_mape : 0.24522432684898376
2025-02-20 03:37:53,005 - Evaluate on metrla_speed_block_imputation:
2025-02-20 03:37:58,937 - masked_mae : 18.918025970458984
2025-02-20 03:37:58,938 - masked_rmse : 23.989336013793945
2025-02-20 03:37:58,941 - masked_mape : 0.46998146176338196
2025-02-20 03:38:36,788 - [Epoch 19] Pretrain Loss: 24.0927
2025-02-20 03:38:36,789 - ************************************************************   Forecasting Task   ************************************************************
2025-02-20 03:38:36,789 - Evaluate on pems03_flow_short_term_forecasting:
2025-02-20 03:38:50,256 - masked_mae : 16.941896438598633
2025-02-20 03:38:50,276 - masked_rmse : 27.759050369262695
2025-02-20 03:38:50,315 - masked_mape : 0.16925330460071564
2025-02-20 03:38:50,315 - Evaluate on pems03_flow_long_term_forecasting:
2025-02-20 03:39:10,956 - masked_mae : 17.770523071289062
2025-02-20 03:39:11,027 - masked_rmse : 28.48443603515625
2025-02-20 03:39:11,163 - masked_mape : 0.18108312785625458
2025-02-20 03:39:11,164 - Evaluate on pems04_flow_short_term_forecasting:
2025-02-20 03:39:21,021 - masked_mae : 23.47615623474121
2025-02-20 03:39:21,032 - masked_rmse : 37.42336654663086
2025-02-20 03:39:21,054 - masked_mape : 0.15876594185829163
2025-02-20 03:39:21,054 - Evaluate on pems04_flow_long_term_forecasting:
2025-02-20 03:39:34,771 - masked_mae : 25.665857315063477
2025-02-20 03:39:34,810 - masked_rmse : 40.2694206237793
2025-02-20 03:39:34,885 - masked_mape : 0.1814720183610916
2025-02-20 03:39:34,885 - Evaluate on pems07_flow_short_term_forecasting:
2025-02-20 03:40:00,138 - masked_mae : 28.094430923461914
2025-02-20 03:40:00,186 - masked_rmse : 42.42681121826172
2025-02-20 03:40:00,280 - masked_mape : 0.15025581419467926
2025-02-20 03:40:00,281 - Evaluate on pems07_flow_long_term_forecasting:
2025-02-20 03:40:43,381 - masked_mae : 30.957931518554688
2025-02-20 03:40:43,556 - masked_rmse : 46.07736587524414
2025-02-20 03:40:43,892 - masked_mape : 0.15503937005996704
2025-02-20 03:40:43,893 - Evaluate on pems08_flow_short_term_forecasting:
2025-02-20 03:40:52,153 - masked_mae : 18.074726104736328
2025-02-20 03:40:52,161 - masked_rmse : 29.161272048950195
2025-02-20 03:40:52,175 - masked_mape : 0.1905100792646408
2025-02-20 03:40:52,176 - Evaluate on pems08_flow_long_term_forecasting:
2025-02-20 03:41:02,896 - masked_mae : 19.135299682617188
2025-02-20 03:41:02,922 - masked_rmse : 30.58624267578125
2025-02-20 03:41:02,970 - masked_mape : 0.1750173568725586
2025-02-20 03:41:02,970 - Evaluate on occpairs_occupancy_short_term_forecasting:
2025-02-20 03:41:18,225 - masked_mae : 0.9093301892280579
2025-02-20 03:41:18,250 - masked_rmse : 2.314664125442505
2025-02-20 03:41:18,297 - masked_mape : 0.14928121864795685
2025-02-20 03:41:18,297 - Evaluate on occpairs_occupancy_long_term_forecasting:
2025-02-20 03:41:42,439 - masked_mae : 1.086974024772644
2025-02-20 03:41:42,527 - masked_rmse : 2.454972267150879
2025-02-20 03:41:42,693 - masked_mape : 0.1815022975206375
2025-02-20 03:41:42,694 - Evaluate on occhamburg_occupancy_short_term_forecasting:
2025-02-20 03:41:54,270 - masked_mae : 5.790428161621094
2025-02-20 03:41:54,286 - masked_rmse : 10.049097061157227
2025-02-20 03:41:54,316 - masked_mape : 0.5235435366630554
2025-02-20 03:41:54,316 - Evaluate on occhamburg_occupancy_long_term_forecasting:
2025-02-20 03:42:11,439 - masked_mae : 5.698960781097412
2025-02-20 03:42:11,494 - masked_rmse : 9.779605865478516
2025-02-20 03:42:11,599 - masked_mape : 0.5070455074310303
2025-02-20 03:42:11,600 - Evaluate on pemsbay_speed_short_term_forecasting:
2025-02-20 03:42:32,835 - masked_mae : 1.865983486175537
2025-02-20 03:42:32,874 - masked_rmse : 4.22156286239624
2025-02-20 03:42:32,948 - masked_mape : 0.05135190859436989
2025-02-20 03:42:32,949 - Evaluate on pemsbay_speed_long_term_forecasting:
2025-02-20 03:43:08,473 - masked_mae : 2.7607040405273438
2025-02-20 03:43:08,613 - masked_rmse : 5.733090877532959
2025-02-20 03:43:08,881 - masked_mape : 0.07389234751462936
2025-02-20 03:43:08,881 - Evaluate on metrla_speed_short_term_forecasting:
2025-02-20 03:43:21,342 - masked_mae : 4.434194564819336
2025-02-20 03:43:21,360 - masked_rmse : 9.071837425231934
2025-02-20 03:43:21,394 - masked_mape : 0.1215166226029396
2025-02-20 03:43:21,394 - Evaluate on metrla_speed_long_term_forecasting:
2025-02-20 03:43:40,116 - masked_mae : 5.8344197273254395
2025-02-20 03:43:40,179 - masked_rmse : 10.692420959472656
2025-02-20 03:43:40,298 - masked_mape : 0.1596882939338684
2025-02-20 03:43:40,298 - Evaluate on trafficsh_speed_short_term_forecasting:
2025-02-20 03:43:51,730 - masked_mae : 0.6338678002357483
2025-02-20 03:43:51,745 - masked_rmse : 0.9120873808860779
2025-02-20 03:43:51,774 - masked_mape : 0.06812173873186111
2025-02-20 03:43:51,774 - Evaluate on trafficsh_speed_long_term_forecasting:
2025-02-20 03:44:08,443 - masked_mae : 0.7020372748374939
2025-02-20 03:44:08,495 - masked_rmse : 0.9938780665397644
2025-02-20 03:44:08,596 - masked_mape : 0.08432662487030029
2025-02-20 03:44:08,597 - Evaluate on bikenyc_inflow_short_term_forecasting:
2025-02-20 03:44:17,675 - masked_mae : 0.9142470955848694
2025-02-20 03:44:17,684 - masked_rmse : 3.2873668670654297
2025-02-20 03:44:17,702 - masked_mape : 0.3452695608139038
2025-02-20 03:44:17,702 - Evaluate on bikenyc_inflow_long_term_forecasting:
2025-02-20 03:44:29,943 - masked_mae : 1.0507718324661255
2025-02-20 03:44:29,976 - masked_rmse : 3.5998735427856445
2025-02-20 03:44:30,037 - masked_mape : 0.3856181204319
2025-02-20 03:44:30,037 - Evaluate on taxinyc_inflow_short_term_forecasting:
2025-02-20 03:44:39,074 - masked_mae : 5.34743070602417
2025-02-20 03:44:39,083 - masked_rmse : 16.861371994018555
2025-02-20 03:44:39,101 - masked_mape : 0.3956442177295685
2025-02-20 03:44:39,101 - Evaluate on taxinyc_inflow_long_term_forecasting:
2025-02-20 03:44:51,275 - masked_mae : 5.895904064178467
2025-02-20 03:44:51,308 - masked_rmse : 18.05185317993164
2025-02-20 03:44:51,369 - masked_mape : 0.5313225388526917
2025-02-20 03:44:51,370 - Evaluate on tdrive_inflow_short_term_forecasting:
2025-02-20 03:45:21,442 - masked_mae : 14.88976764678955
2025-02-20 03:45:21,503 - masked_rmse : 31.65352439880371
2025-02-20 03:45:21,619 - masked_mape : 0.2074563056230545
2025-02-20 03:45:21,620 - Evaluate on tdrive_inflow_long_term_forecasting:
2025-02-20 03:46:14,009 - masked_mae : 16.412391662597656
2025-02-20 03:46:14,226 - masked_rmse : 32.13524627685547
2025-02-20 03:46:14,644 - masked_mape : 0.30991116166114807
2025-02-20 03:46:14,645 - ************************************************************   Imputation Task   ************************************************************
2025-02-20 03:46:14,645 - Evaluate on pems03_flow_point_imputation:
2025-02-20 03:46:20,596 - masked_mae : 42.711753845214844
2025-02-20 03:46:20,598 - masked_rmse : 59.79547119140625
2025-02-20 03:46:20,607 - masked_mape : 0.815436065196991
2025-02-20 03:46:20,607 - Evaluate on pems03_flow_block_imputation:
2025-02-20 03:46:26,548 - masked_mae : 65.9237060546875
2025-02-20 03:46:26,550 - masked_rmse : 85.45030212402344
2025-02-20 03:46:26,553 - masked_mape : 0.97922682762146
2025-02-20 03:46:26,553 - Evaluate on pems04_flow_point_imputation:
2025-02-20 03:46:32,330 - masked_mae : 52.00545120239258
2025-02-20 03:46:32,332 - masked_rmse : 72.17451477050781
2025-02-20 03:46:32,334 - masked_mape : 0.5324247479438782
2025-02-20 03:46:32,334 - Evaluate on pems04_flow_block_imputation:
2025-02-20 03:46:38,101 - masked_mae : 84.08541107177734
2025-02-20 03:46:38,102 - masked_rmse : 105.53862762451172
2025-02-20 03:46:38,104 - masked_mape : 0.670633852481842
2025-02-20 03:46:38,104 - Evaluate on pems07_flow_point_imputation:
2025-02-20 03:46:44,613 - masked_mae : 64.17515563964844
2025-02-20 03:46:44,633 - masked_rmse : 86.3432388305664
2025-02-20 03:46:44,661 - masked_mape : 0.47663670778274536
2025-02-20 03:46:44,671 - Evaluate on pems07_flow_block_imputation:
2025-02-20 03:46:51,179 - masked_mae : 128.91856384277344
2025-02-20 03:46:51,188 - masked_rmse : 150.3634490966797
2025-02-20 03:46:51,197 - masked_mape : 0.7260648608207703
2025-02-20 03:46:51,197 - Evaluate on pems08_flow_point_imputation:
2025-02-20 03:46:56,923 - masked_mae : 43.17443084716797
2025-02-20 03:46:56,923 - masked_rmse : 61.39990997314453
2025-02-20 03:46:56,925 - masked_mape : 0.5397676825523376
2025-02-20 03:46:56,925 - Evaluate on pems08_flow_block_imputation:
2025-02-20 03:47:02,629 - masked_mae : 83.97482299804688
2025-02-20 03:47:02,630 - masked_rmse : 102.00576782226562
2025-02-20 03:47:02,632 - masked_mape : 0.8595052361488342
2025-02-20 03:47:02,632 - Evaluate on pemsbay_speed_point_imputation:
2025-02-20 03:47:09,057 - masked_mae : 8.360939979553223
2025-02-20 03:47:09,072 - masked_rmse : 11.852150917053223
2025-02-20 03:47:09,097 - masked_mape : 0.17314651608467102
2025-02-20 03:47:09,097 - Evaluate on pemsbay_speed_block_imputation:
2025-02-20 03:47:15,471 - masked_mae : 23.69068717956543
2025-02-20 03:47:15,480 - masked_rmse : 26.659582138061523
2025-02-20 03:47:15,491 - masked_mape : 0.45397520065307617
2025-02-20 03:47:15,491 - Evaluate on metrla_speed_point_imputation:
2025-02-20 03:47:21,391 - masked_mae : 9.459399223327637
2025-02-20 03:47:21,392 - masked_rmse : 15.335627555847168
2025-02-20 03:47:21,394 - masked_mape : 0.256191223859787
2025-02-20 03:47:21,394 - Evaluate on metrla_speed_block_imputation:
2025-02-20 03:47:27,301 - masked_mae : 19.807586669921875
2025-02-20 03:47:27,302 - masked_rmse : 24.970951080322266
2025-02-20 03:47:27,309 - masked_mape : 0.49388545751571655
2025-02-20 03:48:05,129 - [Epoch 20] Pretrain Loss: 24.0058
2025-02-20 03:48:05,130 - ************************************************************   Forecasting Task   ************************************************************
2025-02-20 03:48:05,130 - Evaluate on pems03_flow_short_term_forecasting:
2025-02-20 03:48:18,569 - masked_mae : 17.435749053955078
2025-02-20 03:48:18,589 - masked_rmse : 28.41736602783203
2025-02-20 03:48:18,627 - masked_mape : 0.18028199672698975
2025-02-20 03:48:18,627 - Evaluate on pems03_flow_long_term_forecasting:
2025-02-20 03:48:39,195 - masked_mae : 17.438980102539062
2025-02-20 03:48:39,266 - masked_rmse : 28.111536026000977
2025-02-20 03:48:39,402 - masked_mape : 0.1818644255399704
2025-02-20 03:48:39,402 - Evaluate on pems04_flow_short_term_forecasting:
2025-02-20 03:48:49,217 - masked_mae : 24.005311965942383
2025-02-20 03:48:49,229 - masked_rmse : 38.19741439819336
2025-02-20 03:48:49,250 - masked_mape : 0.1641625314950943
2025-02-20 03:48:49,251 - Evaluate on pems04_flow_long_term_forecasting:
2025-02-20 03:49:03,014 - masked_mae : 25.37370491027832
2025-02-20 03:49:03,053 - masked_rmse : 39.93825149536133
2025-02-20 03:49:03,128 - masked_mape : 0.18396830558776855
2025-02-20 03:49:03,128 - Evaluate on pems07_flow_short_term_forecasting:
2025-02-20 03:49:28,440 - masked_mae : 28.775802612304688
2025-02-20 03:49:28,489 - masked_rmse : 43.4312858581543
2025-02-20 03:49:28,583 - masked_mape : 0.158730149269104
2025-02-20 03:49:28,583 - Evaluate on pems07_flow_long_term_forecasting:
2025-02-20 03:50:11,732 - masked_mae : 30.517921447753906
2025-02-20 03:50:11,907 - masked_rmse : 45.54058837890625
2025-02-20 03:50:12,243 - masked_mape : 0.15832149982452393
2025-02-20 03:50:12,244 - Evaluate on pems08_flow_short_term_forecasting:
2025-02-20 03:50:20,513 - masked_mae : 18.73921775817871
2025-02-20 03:50:20,521 - masked_rmse : 30.03041648864746
2025-02-20 03:50:20,536 - masked_mape : 0.204472616314888
2025-02-20 03:50:20,536 - Evaluate on pems08_flow_long_term_forecasting:
2025-02-20 03:50:31,244 - masked_mae : 18.724018096923828
2025-02-20 03:50:31,270 - masked_rmse : 30.20697593688965
2025-02-20 03:50:31,318 - masked_mape : 0.18101026117801666
2025-02-20 03:50:31,319 - Evaluate on occpairs_occupancy_short_term_forecasting:
2025-02-20 03:50:46,601 - masked_mae : 0.9341626167297363
2025-02-20 03:50:46,626 - masked_rmse : 2.380962610244751
2025-02-20 03:50:46,672 - masked_mape : 0.15222524106502533
2025-02-20 03:50:46,673 - Evaluate on occpairs_occupancy_long_term_forecasting:
2025-02-20 03:51:10,857 - masked_mae : 1.0702720880508423
2025-02-20 03:51:10,944 - masked_rmse : 2.434265613555908
2025-02-20 03:51:11,111 - masked_mape : 0.17997927963733673
2025-02-20 03:51:11,111 - Evaluate on occhamburg_occupancy_short_term_forecasting:
2025-02-20 03:51:22,755 - masked_mae : 5.868450164794922
2025-02-20 03:51:22,770 - masked_rmse : 10.19819164276123
2025-02-20 03:51:22,800 - masked_mape : 0.5350331664085388
2025-02-20 03:51:22,800 - Evaluate on occhamburg_occupancy_long_term_forecasting:
2025-02-20 03:51:39,946 - masked_mae : 5.655235290527344
2025-02-20 03:51:40,001 - masked_rmse : 9.746875762939453
2025-02-20 03:51:40,106 - masked_mape : 0.5061695575714111
2025-02-20 03:51:40,106 - Evaluate on pemsbay_speed_short_term_forecasting:
2025-02-20 03:52:01,309 - masked_mae : 1.843623161315918
2025-02-20 03:52:01,349 - masked_rmse : 4.205046653747559
2025-02-20 03:52:01,423 - masked_mape : 0.0512591190636158
2025-02-20 03:52:01,424 - Evaluate on pemsbay_speed_long_term_forecasting:
2025-02-20 03:52:36,895 - masked_mae : 2.7177064418792725
2025-02-20 03:52:37,034 - masked_rmse : 5.69481086730957
2025-02-20 03:52:37,302 - masked_mape : 0.07354859262704849
2025-02-20 03:52:37,303 - Evaluate on metrla_speed_short_term_forecasting:
2025-02-20 03:52:49,753 - masked_mae : 4.366283893585205
2025-02-20 03:52:49,771 - masked_rmse : 9.0771484375
2025-02-20 03:52:49,805 - masked_mape : 0.12049094587564468
2025-02-20 03:52:49,805 - Evaluate on metrla_speed_long_term_forecasting:
2025-02-20 03:53:08,533 - masked_mae : 5.735000133514404
2025-02-20 03:53:08,595 - masked_rmse : 10.656895637512207
2025-02-20 03:53:08,714 - masked_mape : 0.15826590359210968
2025-02-20 03:53:08,715 - Evaluate on trafficsh_speed_short_term_forecasting:
2025-02-20 03:53:20,137 - masked_mae : 0.6315213441848755
2025-02-20 03:53:20,152 - masked_rmse : 0.9251977801322937
2025-02-20 03:53:20,181 - masked_mape : 0.06630898267030716
2025-02-20 03:53:20,181 - Evaluate on trafficsh_speed_long_term_forecasting:
2025-02-20 03:53:36,883 - masked_mae : 0.6620049476623535
2025-02-20 03:53:36,936 - masked_rmse : 0.9656023979187012
2025-02-20 03:53:37,037 - masked_mape : 0.07900278270244598
2025-02-20 03:53:37,037 - Evaluate on bikenyc_inflow_short_term_forecasting:
2025-02-20 03:53:46,061 - masked_mae : 0.9360499978065491
2025-02-20 03:53:46,071 - masked_rmse : 3.4051759243011475
2025-02-20 03:53:46,089 - masked_mape : 0.34850892424583435
2025-02-20 03:53:46,089 - Evaluate on bikenyc_inflow_long_term_forecasting:
2025-02-20 03:53:58,321 - masked_mae : 1.0114259719848633
2025-02-20 03:53:58,354 - masked_rmse : 3.472111463546753
2025-02-20 03:53:58,416 - masked_mape : 0.375855952501297
2025-02-20 03:53:58,416 - Evaluate on taxinyc_inflow_short_term_forecasting:
2025-02-20 03:54:07,482 - masked_mae : 5.743764877319336
2025-02-20 03:54:07,491 - masked_rmse : 18.312911987304688
2025-02-20 03:54:07,509 - masked_mape : 0.3903733789920807
2025-02-20 03:54:07,509 - Evaluate on taxinyc_inflow_long_term_forecasting:
2025-02-20 03:54:19,794 - masked_mae : 5.57904052734375
2025-02-20 03:54:19,827 - masked_rmse : 17.204984664916992
2025-02-20 03:54:19,888 - masked_mape : 0.48439744114875793
2025-02-20 03:54:19,888 - Evaluate on tdrive_inflow_short_term_forecasting:
2025-02-20 03:54:50,115 - masked_mae : 16.102088928222656
2025-02-20 03:54:50,176 - masked_rmse : 34.597904205322266
2025-02-20 03:54:50,292 - masked_mape : 0.22188961505889893
2025-02-20 03:54:50,293 - Evaluate on tdrive_inflow_long_term_forecasting:
2025-02-20 03:55:42,737 - masked_mae : 15.581092834472656
2025-02-20 03:55:42,955 - masked_rmse : 30.819046020507812
2025-02-20 03:55:43,373 - masked_mape : 0.2712123990058899
2025-02-20 03:55:43,373 - ************************************************************   Imputation Task   ************************************************************
2025-02-20 03:55:43,373 - Evaluate on pems03_flow_point_imputation:
2025-02-20 03:55:49,337 - masked_mae : 40.98660659790039
2025-02-20 03:55:49,339 - masked_rmse : 57.42795181274414
2025-02-20 03:55:49,347 - masked_mape : 0.7619674205780029
2025-02-20 03:55:49,347 - Evaluate on pems03_flow_block_imputation:
2025-02-20 03:55:55,320 - masked_mae : 62.274715423583984
2025-02-20 03:55:55,322 - masked_rmse : 81.53056335449219
2025-02-20 03:55:55,324 - masked_mape : 0.9094136357307434
2025-02-20 03:55:55,329 - Evaluate on pems04_flow_point_imputation:
2025-02-20 03:56:01,099 - masked_mae : 50.45269012451172
2025-02-20 03:56:01,100 - masked_rmse : 70.22630310058594
2025-02-20 03:56:01,102 - masked_mape : 0.5039774179458618
2025-02-20 03:56:01,102 - Evaluate on pems04_flow_block_imputation:
2025-02-20 03:56:06,928 - masked_mae : 79.80852508544922
2025-02-20 03:56:06,929 - masked_rmse : 101.036865234375
2025-02-20 03:56:06,931 - masked_mape : 0.6284400820732117
2025-02-20 03:56:06,931 - Evaluate on pems07_flow_point_imputation:
2025-02-20 03:56:13,493 - masked_mae : 62.029605865478516
2025-02-20 03:56:13,515 - masked_rmse : 83.65861511230469
2025-02-20 03:56:13,546 - masked_mape : 0.45447489619255066
2025-02-20 03:56:13,546 - Evaluate on pems07_flow_block_imputation:
2025-02-20 03:56:20,093 - masked_mae : 122.45693969726562
2025-02-20 03:56:20,106 - masked_rmse : 143.7324676513672
2025-02-20 03:56:20,128 - masked_mape : 0.682982861995697
2025-02-20 03:56:20,129 - Evaluate on pems08_flow_point_imputation:
2025-02-20 03:56:25,806 - masked_mae : 41.61970901489258
2025-02-20 03:56:25,807 - masked_rmse : 58.9821891784668
2025-02-20 03:56:25,808 - masked_mape : 0.5115215182304382
2025-02-20 03:56:25,808 - Evaluate on pems08_flow_block_imputation:
2025-02-20 03:56:31,497 - masked_mae : 79.43341827392578
2025-02-20 03:56:31,498 - masked_rmse : 97.16348266601562
2025-02-20 03:56:31,500 - masked_mape : 0.8080105185508728
2025-02-20 03:56:31,500 - Evaluate on pemsbay_speed_point_imputation:
2025-02-20 03:56:37,920 - masked_mae : 7.966182231903076
2025-02-20 03:56:37,935 - masked_rmse : 11.532059669494629
2025-02-20 03:56:37,959 - masked_mape : 0.16612555086612701
2025-02-20 03:56:37,964 - Evaluate on pemsbay_speed_block_imputation:
2025-02-20 03:56:44,372 - masked_mae : 22.852073669433594
2025-02-20 03:56:44,382 - masked_rmse : 25.784048080444336
2025-02-20 03:56:44,394 - masked_mape : 0.4377121925354004
2025-02-20 03:56:44,398 - Evaluate on metrla_speed_point_imputation:
2025-02-20 03:56:50,277 - masked_mae : 9.152506828308105
2025-02-20 03:56:50,280 - masked_rmse : 15.225987434387207
2025-02-20 03:56:50,286 - masked_mape : 0.24826368689537048
2025-02-20 03:56:50,286 - Evaluate on metrla_speed_block_imputation:
2025-02-20 03:56:56,183 - masked_mae : 19.07748794555664
2025-02-20 03:56:56,184 - masked_rmse : 24.22245979309082
2025-02-20 03:56:56,186 - masked_mape : 0.4750153124332428
