2025-02-24 00:31:52,206 - logger name:log/foundation/urbanfm_downstream/dataset_ratio_100.0%/model_layer_4_4/16/record.log
2025-02-24 00:52:47,913 - 
============================== Model Parameters ==============================
2025-02-24 00:52:47,913 - Total Parameters: 400,193 (≈ 0.40 M or ≈ 0.00 B)
2025-02-24 00:52:47,913 - Trainable Parameters: 400,193 (≈ 0.40 M or ≈ 0.00 B)
2025-02-24 00:52:47,914 - ========================================================================

2025-02-24 00:54:11,115 - [Epoch 1] Pretrain Loss: 53.1120
2025-02-24 00:55:32,495 - [Epoch 2] Pretrain Loss: 30.8865
2025-02-24 00:56:54,021 - [Epoch 3] Pretrain Loss: 27.6499
2025-02-24 00:58:15,383 - [Epoch 4] Pretrain Loss: 26.5838
2025-02-24 00:59:36,745 - [Epoch 5] Pretrain Loss: 25.9516
2025-02-24 00:59:36,745 - ************************************************************   Forecasting Task   ************************************************************
2025-02-24 00:59:36,745 - Evaluate on pems03_flow_short_term_forecasting:
2025-02-24 00:59:52,416 - masked_mae : 23.957597732543945
2025-02-24 00:59:52,435 - masked_rmse : 36.86960983276367
2025-02-24 00:59:52,495 - masked_mape : 0.26318514347076416
2025-02-24 00:59:52,496 - Evaluate on pems03_flow_long_term_forecasting:
2025-02-24 01:00:16,747 - masked_mae : 22.276586532592773
2025-02-24 01:00:16,816 - masked_rmse : 34.85447692871094
2025-02-24 01:00:16,946 - masked_mape : 0.22189360857009888
2025-02-24 01:00:16,947 - Evaluate on pems04_flow_short_term_forecasting:
2025-02-24 01:00:27,920 - masked_mae : 30.456796646118164
2025-02-24 01:00:27,932 - masked_rmse : 46.70320129394531
2025-02-24 01:00:27,953 - masked_mape : 0.22255897521972656
2025-02-24 01:00:27,954 - Evaluate on pems04_flow_long_term_forecasting:
2025-02-24 01:00:43,760 - masked_mae : 29.88971519470215
2025-02-24 01:00:43,799 - masked_rmse : 46.03306198120117
2025-02-24 01:00:43,874 - masked_mape : 0.2149459570646286
2025-02-24 01:00:43,874 - Evaluate on pems07_flow_short_term_forecasting:
2025-02-24 01:01:16,963 - masked_mae : 39.329925537109375
2025-02-24 01:01:17,012 - masked_rmse : 56.889461517333984
2025-02-24 01:01:17,105 - masked_mape : 0.24017448723316193
2025-02-24 01:01:17,107 - Evaluate on pems07_flow_long_term_forecasting:
2025-02-24 01:02:12,642 - masked_mae : 36.611061096191406
2025-02-24 01:02:12,817 - masked_rmse : 53.53315353393555
2025-02-24 01:02:13,153 - masked_mape : 0.18412233889102936
2025-02-24 01:02:13,155 - Evaluate on pems08_flow_short_term_forecasting:
2025-02-24 01:02:21,658 - masked_mae : 29.35072898864746
2025-02-24 01:02:21,665 - masked_rmse : 42.55225372314453
2025-02-24 01:02:21,678 - masked_mape : 0.32005172967910767
2025-02-24 01:02:21,678 - Evaluate on pems08_flow_long_term_forecasting:
2025-02-24 01:02:32,946 - masked_mae : 25.325803756713867
2025-02-24 01:02:32,969 - masked_rmse : 37.80267333984375
2025-02-24 01:02:33,014 - masked_mape : 0.20479519665241241
2025-02-24 01:02:33,015 - Evaluate on occpairs_occupancy_short_term_forecasting:
2025-02-24 01:02:50,184 - masked_mae : 1.380865216255188
2025-02-24 01:02:50,206 - masked_rmse : 2.999351739883423
2025-02-24 01:02:50,247 - masked_mape : 0.21370287239551544
2025-02-24 01:02:50,248 - Evaluate on occpairs_occupancy_long_term_forecasting:
2025-02-24 01:03:16,998 - masked_mae : 1.4540596008300781
2025-02-24 01:03:17,074 - masked_rmse : 2.96600604057312
2025-02-24 01:03:17,221 - masked_mape : 0.23121587932109833
2025-02-24 01:03:17,222 - Evaluate on occhamburg_occupancy_short_term_forecasting:
2025-02-24 01:03:30,328 - masked_mae : 6.827325344085693
2025-02-24 01:03:30,343 - masked_rmse : 11.310993194580078
2025-02-24 01:03:30,371 - masked_mape : 0.616096556186676
2025-02-24 01:03:30,372 - Evaluate on occhamburg_occupancy_long_term_forecasting:
2025-02-24 01:03:49,870 - masked_mae : 6.374481201171875
2025-02-24 01:03:49,922 - masked_rmse : 10.460606575012207
2025-02-24 01:03:50,020 - masked_mape : 0.5386866927146912
2025-02-24 01:03:50,021 - Evaluate on pemsbay_speed_short_term_forecasting:
2025-02-24 01:04:14,712 - masked_mae : 2.4236886501312256
2025-02-24 01:04:14,746 - masked_rmse : 4.685573101043701
2025-02-24 01:04:14,811 - masked_mape : 0.05722958967089653
2025-02-24 01:04:14,812 - Evaluate on pemsbay_speed_long_term_forecasting:
2025-02-24 01:04:54,988 - masked_mae : 3.1672773361206055
2025-02-24 01:04:55,110 - masked_rmse : 6.2555832862854
2025-02-24 01:04:55,345 - masked_mape : 0.07286252081394196
2025-02-24 01:04:55,346 - Evaluate on metrla_speed_short_term_forecasting:
2025-02-24 01:05:08,427 - masked_mae : 5.888683319091797
2025-02-24 01:05:08,442 - masked_rmse : 10.439920425415039
2025-02-24 01:05:08,469 - masked_mape : 0.13821838796138763
2025-02-24 01:05:08,470 - Evaluate on metrla_speed_long_term_forecasting:
2025-02-24 01:05:27,842 - masked_mae : 6.974708557128906
2025-02-24 01:05:27,894 - masked_rmse : 12.308928489685059
2025-02-24 01:05:27,991 - masked_mape : 0.16016554832458496
2025-02-24 01:05:27,992 - Evaluate on trafficsh_speed_short_term_forecasting:
2025-02-24 01:05:41,442 - masked_mae : 0.9019171595573425
2025-02-24 01:05:41,457 - masked_rmse : 1.275469422340393
2025-02-24 01:05:41,486 - masked_mape : 0.09419363737106323
2025-02-24 01:05:41,487 - Evaluate on trafficsh_speed_long_term_forecasting:
2025-02-24 01:06:01,360 - masked_mae : 0.6710948348045349
2025-02-24 01:06:01,412 - masked_rmse : 1.019100546836853
2025-02-24 01:06:01,513 - masked_mape : 0.08408082276582718
2025-02-24 01:06:01,514 - Evaluate on bikenyc_inflow_short_term_forecasting:
2025-02-24 01:06:10,585 - masked_mae : 1.3471020460128784
2025-02-24 01:06:10,593 - masked_rmse : 4.099107265472412
2025-02-24 01:06:10,608 - masked_mape : 0.39707624912261963
2025-02-24 01:06:10,609 - Evaluate on bikenyc_inflow_long_term_forecasting:
2025-02-24 01:06:22,850 - masked_mae : 1.3880319595336914
2025-02-24 01:06:22,877 - masked_rmse : 4.442618370056152
2025-02-24 01:06:22,928 - masked_mape : 0.40588268637657166
2025-02-24 01:06:22,928 - Evaluate on taxinyc_inflow_short_term_forecasting:
2025-02-24 01:06:32,000 - masked_mae : 9.133506774902344
2025-02-24 01:06:32,008 - masked_rmse : 24.37665557861328
2025-02-24 01:06:32,023 - masked_mape : 0.6379840970039368
2025-02-24 01:06:32,023 - Evaluate on taxinyc_inflow_long_term_forecasting:
2025-02-24 01:06:44,246 - masked_mae : 8.502747535705566
2025-02-24 01:06:44,273 - masked_rmse : 22.530359268188477
2025-02-24 01:06:44,324 - masked_mape : 0.6085575819015503
2025-02-24 01:06:44,324 - Evaluate on tdrive_inflow_short_term_forecasting:
2025-02-24 01:07:24,421 - masked_mae : 24.06449317932129
2025-02-24 01:07:24,482 - masked_rmse : 46.07570266723633
2025-02-24 01:07:24,598 - masked_mape : 0.4229305684566498
2025-02-24 01:07:24,600 - Evaluate on tdrive_inflow_long_term_forecasting:
2025-02-24 01:08:32,454 - masked_mae : 22.583070755004883
2025-02-24 01:08:32,672 - masked_rmse : 42.5923957824707
2025-02-24 01:08:33,090 - masked_mape : 0.36403191089630127
2025-02-24 01:08:33,091 - ************************************************************   Imputation Task   ************************************************************
2025-02-24 01:08:33,092 - Evaluate on pems03_flow_point_imputation:
2025-02-24 01:08:38,678 - masked_mae : 49.914222717285156
2025-02-24 01:08:38,682 - masked_rmse : 72.81498718261719
2025-02-24 01:08:38,691 - masked_mre : 0.29642289876937866
2025-02-24 01:08:38,691 - Evaluate on pems03_flow_block_imputation:
2025-02-24 01:08:44,256 - masked_mae : 69.79467010498047
2025-02-24 01:08:44,257 - masked_rmse : 98.30811309814453
2025-02-24 01:08:44,259 - masked_mre : 0.4150865077972412
2025-02-24 01:08:44,260 - Evaluate on pems04_flow_point_imputation:
2025-02-24 01:08:49,612 - masked_mae : 58.00579833984375
2025-02-24 01:08:49,613 - masked_rmse : 80.96141815185547
2025-02-24 01:08:49,619 - masked_mre : 0.2747493088245392
2025-02-24 01:08:49,619 - Evaluate on pems04_flow_block_imputation:
2025-02-24 01:08:55,005 - masked_mae : 81.22709655761719
2025-02-24 01:08:55,007 - masked_rmse : 109.35575103759766
2025-02-24 01:08:55,010 - masked_mre : 0.3865607678890228
2025-02-24 01:08:55,010 - Evaluate on pems07_flow_point_imputation:
2025-02-24 01:09:01,245 - masked_mae : 79.62199401855469
2025-02-24 01:09:01,262 - masked_rmse : 107.8532943725586
2025-02-24 01:09:01,284 - masked_mre : 0.25951704382896423
2025-02-24 01:09:01,288 - Evaluate on pems07_flow_block_imputation:
2025-02-24 01:09:07,515 - masked_mae : 129.7328643798828
2025-02-24 01:09:07,527 - masked_rmse : 162.15670776367188
2025-02-24 01:09:07,548 - masked_mre : 0.42246004939079285
2025-02-24 01:09:07,549 - Evaluate on pems08_flow_point_imputation:
2025-02-24 01:09:12,768 - masked_mae : 55.13916015625
2025-02-24 01:09:12,769 - masked_rmse : 74.6739501953125
2025-02-24 01:09:12,770 - masked_mre : 0.24688617885112762
2025-02-24 01:09:12,775 - Evaluate on pems08_flow_block_imputation:
2025-02-24 01:09:17,980 - masked_mae : 89.66808319091797
2025-02-24 01:09:17,981 - masked_rmse : 114.21701049804688
2025-02-24 01:09:17,982 - masked_mre : 0.40184223651885986
2025-02-24 01:09:17,982 - Evaluate on pemsbay_speed_point_imputation:
2025-02-24 01:09:23,848 - masked_mae : 11.587361335754395
2025-02-24 01:09:23,857 - masked_rmse : 15.228082656860352
2025-02-24 01:09:23,871 - masked_mre : 0.1916174590587616
2025-02-24 01:09:23,871 - Evaluate on pemsbay_speed_block_imputation:
2025-02-24 01:09:29,753 - masked_mae : 32.39318084716797
2025-02-24 01:09:29,755 - masked_rmse : 34.892982482910156
2025-02-24 01:09:29,758 - masked_mre : 0.5361160039901733
2025-02-24 01:09:29,763 - Evaluate on metrla_speed_point_imputation:
2025-02-24 01:09:35,178 - masked_mae : 14.686903953552246
2025-02-24 01:09:35,181 - masked_rmse : 20.969985961914062
2025-02-24 01:09:35,184 - masked_mre : 0.2452244907617569
2025-02-24 01:09:35,188 - Evaluate on metrla_speed_block_imputation:
2025-02-24 01:09:40,610 - masked_mae : 28.697853088378906
2025-02-24 01:09:40,611 - masked_rmse : 32.71524429321289
2025-02-24 01:09:40,612 - masked_mre : 0.5253758430480957
2025-02-24 01:11:02,296 - [Epoch 6] Pretrain Loss: 25.6250
2025-02-24 01:11:02,296 - ************************************************************   Forecasting Task   ************************************************************
2025-02-24 01:11:02,296 - Evaluate on pems03_flow_short_term_forecasting:
2025-02-24 01:11:18,272 - masked_mae : 22.835351943969727
2025-02-24 01:11:18,291 - masked_rmse : 35.18597412109375
2025-02-24 01:11:18,328 - masked_mape : 0.2485431432723999
2025-02-24 01:11:18,329 - Evaluate on pems03_flow_long_term_forecasting:
2025-02-24 01:11:42,853 - masked_mae : 21.38666534423828
2025-02-24 01:11:42,921 - masked_rmse : 33.372535705566406
2025-02-24 01:11:43,051 - masked_mape : 0.21736598014831543
2025-02-24 01:11:43,052 - Evaluate on pems04_flow_short_term_forecasting:
2025-02-24 01:11:54,244 - masked_mae : 29.442773818969727
2025-02-24 01:11:54,255 - masked_rmse : 45.3010368347168
2025-02-24 01:11:54,277 - masked_mape : 0.21471279859542847
2025-02-24 01:11:54,277 - Evaluate on pems04_flow_long_term_forecasting:
2025-02-24 01:12:10,239 - masked_mae : 28.979211807250977
2025-02-24 01:12:10,278 - masked_rmse : 44.63618469238281
2025-02-24 01:12:10,353 - masked_mape : 0.2122199535369873
2025-02-24 01:12:10,354 - Evaluate on pems07_flow_short_term_forecasting:
2025-02-24 01:12:43,712 - masked_mae : 37.96730422973633
2025-02-24 01:12:43,761 - masked_rmse : 55.06498718261719
2025-02-24 01:12:43,855 - masked_mape : 0.22441691160202026
2025-02-24 01:12:43,856 - Evaluate on pems07_flow_long_term_forecasting:
2025-02-24 01:13:39,596 - masked_mae : 35.54972457885742
2025-02-24 01:13:39,771 - masked_rmse : 51.83964538574219
2025-02-24 01:13:40,107 - masked_mape : 0.182372584939003
2025-02-24 01:13:40,109 - Evaluate on pems08_flow_short_term_forecasting:
2025-02-24 01:13:48,783 - masked_mae : 28.04363441467285
2025-02-24 01:13:48,790 - masked_rmse : 40.77385330200195
2025-02-24 01:13:48,804 - masked_mape : 0.29122981429100037
2025-02-24 01:13:48,804 - Evaluate on pems08_flow_long_term_forecasting:
2025-02-24 01:14:00,216 - masked_mae : 24.577566146850586
2025-02-24 01:14:00,240 - masked_rmse : 36.701812744140625
2025-02-24 01:14:00,285 - masked_mape : 0.20270757377147675
2025-02-24 01:14:00,285 - Evaluate on occpairs_occupancy_short_term_forecasting:
2025-02-24 01:14:17,556 - masked_mae : 1.383234977722168
2025-02-24 01:14:17,578 - masked_rmse : 3.010446786880493
2025-02-24 01:14:17,619 - masked_mape : 0.2125614732503891
2025-02-24 01:14:17,620 - Evaluate on occpairs_occupancy_long_term_forecasting:
2025-02-24 01:14:44,526 - masked_mae : 1.4188232421875
2025-02-24 01:14:44,603 - masked_rmse : 2.9698429107666016
2025-02-24 01:14:44,749 - masked_mape : 0.2238977998495102
2025-02-24 01:14:44,750 - Evaluate on occhamburg_occupancy_short_term_forecasting:
2025-02-24 01:14:57,940 - masked_mae : 6.745750427246094
2025-02-24 01:14:57,955 - masked_rmse : 11.163130760192871
2025-02-24 01:14:57,983 - masked_mape : 0.6065992712974548
2025-02-24 01:14:57,983 - Evaluate on occhamburg_occupancy_long_term_forecasting:
2025-02-24 01:15:17,595 - masked_mae : 6.256079196929932
2025-02-24 01:15:17,646 - masked_rmse : 10.377705574035645
2025-02-24 01:15:17,745 - masked_mape : 0.5211264491081238
2025-02-24 01:15:17,746 - Evaluate on pemsbay_speed_short_term_forecasting:
2025-02-24 01:15:42,504 - masked_mae : 2.361470937728882
2025-02-24 01:15:42,538 - masked_rmse : 4.625786781311035
2025-02-24 01:15:42,604 - masked_mape : 0.055338457226753235
2025-02-24 01:15:42,605 - Evaluate on pemsbay_speed_long_term_forecasting:
2025-02-24 01:16:22,856 - masked_mae : 3.108227491378784
2025-02-24 01:16:22,979 - masked_rmse : 6.185632228851318
2025-02-24 01:16:23,214 - masked_mape : 0.0718901976943016
2025-02-24 01:16:23,215 - Evaluate on metrla_speed_short_term_forecasting:
2025-02-24 01:16:36,388 - masked_mae : 5.657684326171875
2025-02-24 01:16:36,403 - masked_rmse : 10.165435791015625
2025-02-24 01:16:36,430 - masked_mape : 0.13346022367477417
2025-02-24 01:16:36,431 - Evaluate on metrla_speed_long_term_forecasting:
2025-02-24 01:16:55,883 - masked_mae : 6.789412021636963
2025-02-24 01:16:55,934 - masked_rmse : 12.079429626464844
2025-02-24 01:16:56,032 - masked_mape : 0.15723752975463867
2025-02-24 01:16:56,032 - Evaluate on trafficsh_speed_short_term_forecasting:
2025-02-24 01:17:09,555 - masked_mae : 0.8472571969032288
2025-02-24 01:17:09,570 - masked_rmse : 1.2205095291137695
2025-02-24 01:17:09,599 - masked_mape : 0.08975755423307419
2025-02-24 01:17:09,600 - Evaluate on trafficsh_speed_long_term_forecasting:
2025-02-24 01:17:29,570 - masked_mae : 0.6470680832862854
2025-02-24 01:17:29,623 - masked_rmse : 1.0108426809310913
2025-02-24 01:17:29,724 - masked_mape : 0.0810152217745781
2025-02-24 01:17:29,724 - Evaluate on bikenyc_inflow_short_term_forecasting:
2025-02-24 01:17:38,973 - masked_mae : 1.31407630443573
2025-02-24 01:17:38,981 - masked_rmse : 3.95074725151062
2025-02-24 01:17:38,996 - masked_mape : 0.38930463790893555
2025-02-24 01:17:38,996 - Evaluate on bikenyc_inflow_long_term_forecasting:
2025-02-24 01:17:51,336 - masked_mae : 1.3021241426467896
2025-02-24 01:17:51,362 - masked_rmse : 4.267237186431885
2025-02-24 01:17:51,413 - masked_mape : 0.3878137171268463
2025-02-24 01:17:51,413 - Evaluate on taxinyc_inflow_short_term_forecasting:
2025-02-24 01:18:00,632 - masked_mae : 9.13881778717041
2025-02-24 01:18:00,640 - masked_rmse : 24.08412742614746
2025-02-24 01:18:00,654 - masked_mape : 0.6538547873497009
2025-02-24 01:18:00,655 - Evaluate on taxinyc_inflow_long_term_forecasting:
2025-02-24 01:18:12,971 - masked_mae : 7.731433868408203
2025-02-24 01:18:12,997 - masked_rmse : 21.496139526367188
2025-02-24 01:18:13,048 - masked_mape : 0.49660149216651917
2025-02-24 01:18:13,048 - Evaluate on tdrive_inflow_short_term_forecasting:
2025-02-24 01:18:53,269 - masked_mae : 23.53937339782715
2025-02-24 01:18:53,330 - masked_rmse : 45.00532913208008
2025-02-24 01:18:53,446 - masked_mape : 0.4086352288722992
2025-02-24 01:18:53,447 - Evaluate on tdrive_inflow_long_term_forecasting:
2025-02-24 01:20:01,714 - masked_mae : 21.123899459838867
2025-02-24 01:20:01,932 - masked_rmse : 40.70903396606445
2025-02-24 01:20:02,350 - masked_mape : 0.3172667920589447
2025-02-24 01:20:02,351 - ************************************************************   Imputation Task   ************************************************************
2025-02-24 01:20:02,352 - Evaluate on pems03_flow_point_imputation:
2025-02-24 01:20:08,004 - masked_mae : 48.20515060424805
2025-02-24 01:20:08,005 - masked_rmse : 70.33316040039062
2025-02-24 01:20:08,013 - masked_mre : 0.2863891124725342
2025-02-24 01:20:08,014 - Evaluate on pems03_flow_block_imputation:
2025-02-24 01:20:13,711 - masked_mae : 72.88666534423828
2025-02-24 01:20:13,713 - masked_rmse : 102.68824005126953
2025-02-24 01:20:13,715 - masked_mre : 0.4337462782859802
2025-02-24 01:20:13,715 - Evaluate on pems04_flow_point_imputation:
2025-02-24 01:20:19,220 - masked_mae : 54.676509857177734
2025-02-24 01:20:19,221 - masked_rmse : 76.69358825683594
2025-02-24 01:20:19,223 - masked_mre : 0.25904011726379395
2025-02-24 01:20:19,223 - Evaluate on pems04_flow_block_imputation:
2025-02-24 01:20:24,755 - masked_mae : 86.24303436279297
2025-02-24 01:20:24,759 - masked_rmse : 115.69379425048828
2025-02-24 01:20:24,761 - masked_mre : 0.41082265973091125
2025-02-24 01:20:24,761 - Evaluate on pems07_flow_point_imputation:
2025-02-24 01:20:31,116 - masked_mae : 77.47293090820312
2025-02-24 01:20:31,131 - masked_rmse : 104.10601043701172
2025-02-24 01:20:31,152 - masked_mre : 0.2525784373283386
2025-02-24 01:20:31,156 - Evaluate on pems07_flow_block_imputation:
2025-02-24 01:20:37,553 - masked_mae : 139.47535705566406
2025-02-24 01:20:37,563 - masked_rmse : 172.29417419433594
2025-02-24 01:20:37,584 - masked_mre : 0.4545324742794037
2025-02-24 01:20:37,584 - Evaluate on pems08_flow_point_imputation:
2025-02-24 01:20:42,984 - masked_mae : 53.56405258178711
2025-02-24 01:20:42,984 - masked_rmse : 72.5362548828125
2025-02-24 01:20:42,986 - masked_mre : 0.23990744352340698
2025-02-24 01:20:42,986 - Evaluate on pems08_flow_block_imputation:
2025-02-24 01:20:48,346 - masked_mae : 97.203857421875
2025-02-24 01:20:48,347 - masked_rmse : 123.11390686035156
2025-02-24 01:20:48,348 - masked_mre : 0.43586668372154236
2025-02-24 01:20:48,348 - Evaluate on pemsbay_speed_point_imputation:
2025-02-24 01:20:54,437 - masked_mae : 12.901123046875
2025-02-24 01:20:54,447 - masked_rmse : 16.36464500427246
2025-02-24 01:20:54,462 - masked_mre : 0.21335554122924805
2025-02-24 01:20:54,462 - Evaluate on pemsbay_speed_block_imputation:
2025-02-24 01:21:00,486 - masked_mae : 33.93315887451172
2025-02-24 01:21:00,495 - masked_rmse : 36.17810821533203
2025-02-24 01:21:00,505 - masked_mre : 0.5616130828857422
2025-02-24 01:21:00,508 - Evaluate on metrla_speed_point_imputation:
2025-02-24 01:21:06,097 - masked_mae : 15.3711519241333
2025-02-24 01:21:06,098 - masked_rmse : 20.79499626159668
2025-02-24 01:21:06,100 - masked_mre : 0.2631654739379883
2025-02-24 01:21:06,103 - Evaluate on metrla_speed_block_imputation:
2025-02-24 01:21:11,699 - masked_mae : 29.68854522705078
2025-02-24 01:21:11,700 - masked_rmse : 33.24518585205078
2025-02-24 01:21:11,702 - masked_mre : 0.5513700842857361
2025-02-24 01:22:33,657 - [Epoch 7] Pretrain Loss: 25.4306
2025-02-24 01:22:33,658 - ************************************************************   Forecasting Task   ************************************************************
2025-02-24 01:22:33,658 - Evaluate on pems03_flow_short_term_forecasting:
2025-02-24 01:22:49,854 - masked_mae : 22.066017150878906
2025-02-24 01:22:49,873 - masked_rmse : 33.62272262573242
2025-02-24 01:22:49,910 - masked_mape : 0.23828125
2025-02-24 01:22:49,911 - Evaluate on pems03_flow_long_term_forecasting:
2025-02-24 01:23:14,604 - masked_mae : 21.91981315612793
2025-02-24 01:23:14,672 - masked_rmse : 34.361114501953125
2025-02-24 01:23:14,803 - masked_mape : 0.21187011897563934
2025-02-24 01:23:14,804 - Evaluate on pems04_flow_short_term_forecasting:
2025-02-24 01:23:26,166 - masked_mae : 28.175168991088867
2025-02-24 01:23:26,177 - masked_rmse : 42.907257080078125
2025-02-24 01:23:26,199 - masked_mape : 0.20464974641799927
2025-02-24 01:23:26,199 - Evaluate on pems04_flow_long_term_forecasting:
2025-02-24 01:23:42,327 - masked_mae : 29.13170623779297
2025-02-24 01:23:42,366 - masked_rmse : 44.95151901245117
2025-02-24 01:23:42,441 - masked_mape : 0.20609159767627716
2025-02-24 01:23:42,442 - Evaluate on pems07_flow_short_term_forecasting:
2025-02-24 01:24:15,962 - masked_mae : 36.339744567871094
2025-02-24 01:24:16,011 - masked_rmse : 51.826969146728516
2025-02-24 01:24:16,105 - masked_mape : 0.21668626368045807
2025-02-24 01:24:16,106 - Evaluate on pems07_flow_long_term_forecasting:
2025-02-24 01:25:12,083 - masked_mae : 35.798240661621094
2025-02-24 01:25:12,258 - masked_rmse : 52.10713577270508
2025-02-24 01:25:12,594 - masked_mape : 0.18322445452213287
2025-02-24 01:25:12,596 - Evaluate on pems08_flow_short_term_forecasting:
2025-02-24 01:25:21,444 - masked_mae : 26.66901206970215
2025-02-24 01:25:21,452 - masked_rmse : 38.15580749511719
2025-02-24 01:25:21,465 - masked_mape : 0.2828761637210846
2025-02-24 01:25:21,465 - Evaluate on pems08_flow_long_term_forecasting:
2025-02-24 01:25:33,091 - masked_mae : 25.284379959106445
2025-02-24 01:25:33,114 - masked_rmse : 37.58538055419922
2025-02-24 01:25:33,159 - masked_mape : 0.21107065677642822
2025-02-24 01:25:33,159 - Evaluate on occpairs_occupancy_short_term_forecasting:
2025-02-24 01:25:50,656 - masked_mae : 1.290995717048645
2025-02-24 01:25:50,677 - masked_rmse : 2.7667362689971924
2025-02-24 01:25:50,718 - masked_mape : 0.1975497156381607
2025-02-24 01:25:50,719 - Evaluate on occpairs_occupancy_long_term_forecasting:
2025-02-24 01:26:17,828 - masked_mae : 1.366315245628357
2025-02-24 01:26:17,904 - masked_rmse : 2.8805744647979736
2025-02-24 01:26:18,051 - masked_mape : 0.20799784362316132
2025-02-24 01:26:18,051 - Evaluate on occhamburg_occupancy_short_term_forecasting:
2025-02-24 01:26:31,476 - masked_mae : 6.416466236114502
2025-02-24 01:26:31,491 - masked_rmse : 10.658544540405273
2025-02-24 01:26:31,519 - masked_mape : 0.5526593327522278
2025-02-24 01:26:31,520 - Evaluate on occhamburg_occupancy_long_term_forecasting:
2025-02-24 01:26:51,355 - masked_mae : 6.231266021728516
2025-02-24 01:26:51,407 - masked_rmse : 10.422566413879395
2025-02-24 01:26:51,506 - masked_mape : 0.49835410714149475
2025-02-24 01:26:51,507 - Evaluate on pemsbay_speed_short_term_forecasting:
2025-02-24 01:27:16,489 - masked_mae : 2.338747262954712
2025-02-24 01:27:16,524 - masked_rmse : 4.560599327087402
2025-02-24 01:27:16,589 - masked_mape : 0.0544469840824604
2025-02-24 01:27:16,590 - Evaluate on pemsbay_speed_long_term_forecasting:
2025-02-24 01:27:57,057 - masked_mae : 3.071061134338379
2025-02-24 01:27:57,179 - masked_rmse : 6.076318264007568
2025-02-24 01:27:57,414 - masked_mape : 0.07139497250318527
2025-02-24 01:27:57,415 - Evaluate on metrla_speed_short_term_forecasting:
2025-02-24 01:28:10,725 - masked_mae : 5.704292297363281
2025-02-24 01:28:10,740 - masked_rmse : 10.048236846923828
2025-02-24 01:28:10,768 - masked_mape : 0.13389217853546143
2025-02-24 01:28:10,768 - Evaluate on metrla_speed_long_term_forecasting:
2025-02-24 01:28:30,432 - masked_mae : 6.823628902435303
2025-02-24 01:28:30,483 - masked_rmse : 11.9199800491333
2025-02-24 01:28:30,581 - masked_mape : 0.15806888043880463
2025-02-24 01:28:30,581 - Evaluate on trafficsh_speed_short_term_forecasting:
2025-02-24 01:28:44,360 - masked_mae : 0.8412047028541565
2025-02-24 01:28:44,376 - masked_rmse : 1.168419361114502
2025-02-24 01:28:44,405 - masked_mape : 0.09025275707244873
2025-02-24 01:28:44,405 - Evaluate on trafficsh_speed_long_term_forecasting:
2025-02-24 01:29:04,561 - masked_mae : 0.6867024302482605
2025-02-24 01:29:04,614 - masked_rmse : 1.0285673141479492
2025-02-24 01:29:04,715 - masked_mape : 0.08449145406484604
2025-02-24 01:29:04,715 - Evaluate on bikenyc_inflow_short_term_forecasting:
2025-02-24 01:29:14,054 - masked_mae : 1.2264018058776855
2025-02-24 01:29:14,062 - masked_rmse : 3.671907663345337
2025-02-24 01:29:14,077 - masked_mape : 0.3637155592441559
2025-02-24 01:29:14,077 - Evaluate on bikenyc_inflow_long_term_forecasting:
2025-02-24 01:29:26,569 - masked_mae : 1.287368893623352
2025-02-24 01:29:26,596 - masked_rmse : 4.349327564239502
2025-02-24 01:29:26,646 - masked_mape : 0.3682219088077545
2025-02-24 01:29:26,647 - Evaluate on taxinyc_inflow_short_term_forecasting:
2025-02-24 01:29:36,009 - masked_mae : 8.211336135864258
2025-02-24 01:29:36,017 - masked_rmse : 21.08855628967285
2025-02-24 01:29:36,032 - masked_mape : 0.5800833702087402
2025-02-24 01:29:36,032 - Evaluate on taxinyc_inflow_long_term_forecasting:
2025-02-24 01:29:48,545 - masked_mae : 7.762719631195068
2025-02-24 01:29:48,571 - masked_rmse : 22.21320152282715
2025-02-24 01:29:48,622 - masked_mape : 0.4184609651565552
2025-02-24 01:29:48,623 - Evaluate on tdrive_inflow_short_term_forecasting:
2025-02-24 01:30:29,016 - masked_mae : 21.661096572875977
2025-02-24 01:30:29,077 - masked_rmse : 40.09816360473633
2025-02-24 01:30:29,193 - masked_mape : 0.3674086630344391
2025-02-24 01:30:29,195 - Evaluate on tdrive_inflow_long_term_forecasting:
2025-02-24 01:31:37,375 - masked_mae : 21.731958389282227
2025-02-24 01:31:37,593 - masked_rmse : 42.64593505859375
2025-02-24 01:31:38,011 - masked_mape : 0.2794325053691864
2025-02-24 01:31:38,013 - ************************************************************   Imputation Task   ************************************************************
2025-02-24 01:31:38,013 - Evaluate on pems03_flow_point_imputation:
2025-02-24 01:31:43,885 - masked_mae : 47.01304244995117
2025-02-24 01:31:43,892 - masked_rmse : 69.25201416015625
2025-02-24 01:31:43,903 - masked_mre : 0.27936139702796936
2025-02-24 01:31:43,904 - Evaluate on pems03_flow_block_imputation:
2025-02-24 01:31:49,772 - masked_mae : 76.06643676757812
2025-02-24 01:31:49,773 - masked_rmse : 107.51538848876953
2025-02-24 01:31:49,776 - masked_mre : 0.45292770862579346
2025-02-24 01:31:49,781 - Evaluate on pems04_flow_point_imputation:
2025-02-24 01:31:55,459 - masked_mae : 52.6712646484375
2025-02-24 01:31:55,460 - masked_rmse : 73.929443359375
2025-02-24 01:31:55,461 - masked_mre : 0.24950166046619415
2025-02-24 01:31:55,462 - Evaluate on pems04_flow_block_imputation:
2025-02-24 01:32:01,127 - masked_mae : 91.33226776123047
2025-02-24 01:32:01,129 - masked_rmse : 121.93451690673828
2025-02-24 01:32:01,130 - masked_mre : 0.4354291558265686
2025-02-24 01:32:01,131 - Evaluate on pems07_flow_point_imputation:
2025-02-24 01:32:07,695 - masked_mae : 77.77334594726562
2025-02-24 01:32:07,704 - masked_rmse : 103.25789642333984
2025-02-24 01:32:07,731 - masked_mre : 0.2535575032234192
2025-02-24 01:32:07,736 - Evaluate on pems07_flow_block_imputation:
2025-02-24 01:32:14,299 - masked_mae : 147.36907958984375
2025-02-24 01:32:14,310 - masked_rmse : 181.17628479003906
2025-02-24 01:32:14,331 - masked_mre : 0.48067861795425415
2025-02-24 01:32:14,331 - Evaluate on pems08_flow_point_imputation:
2025-02-24 01:32:19,882 - masked_mae : 53.278099060058594
2025-02-24 01:32:19,883 - masked_rmse : 71.93136596679688
2025-02-24 01:32:19,884 - masked_mre : 0.2386920154094696
2025-02-24 01:32:19,884 - Evaluate on pems08_flow_block_imputation:
2025-02-24 01:32:25,420 - masked_mae : 103.59086608886719
2025-02-24 01:32:25,421 - masked_rmse : 130.76136779785156
2025-02-24 01:32:25,422 - masked_mre : 0.4647827744483948
2025-02-24 01:32:25,422 - Evaluate on pemsbay_speed_point_imputation:
2025-02-24 01:32:31,605 - masked_mae : 15.316020965576172
2025-02-24 01:32:31,615 - masked_rmse : 18.276695251464844
2025-02-24 01:32:31,629 - masked_mre : 0.25331297516822815
2025-02-24 01:32:31,629 - Evaluate on pemsbay_speed_block_imputation:
2025-02-24 01:32:37,832 - masked_mae : 35.959869384765625
2025-02-24 01:32:37,842 - masked_rmse : 37.88804626464844
2025-02-24 01:32:37,849 - masked_mre : 0.5951728224754333
2025-02-24 01:32:37,849 - Evaluate on metrla_speed_point_imputation:
2025-02-24 01:32:43,585 - masked_mae : 16.745067596435547
2025-02-24 01:32:43,587 - masked_rmse : 21.14682388305664
2025-02-24 01:32:43,589 - masked_mre : 0.296682208776474
2025-02-24 01:32:43,589 - Evaluate on metrla_speed_block_imputation:
2025-02-24 01:32:49,313 - masked_mae : 30.80714988708496
2025-02-24 01:32:49,314 - masked_rmse : 34.09026336669922
2025-02-24 01:32:49,316 - masked_mre : 0.5819172263145447
2025-02-24 01:34:11,390 - [Epoch 8] Pretrain Loss: 25.1749
2025-02-24 01:34:11,391 - ************************************************************   Forecasting Task   ************************************************************
2025-02-24 01:34:11,391 - Evaluate on pems03_flow_short_term_forecasting:
2025-02-24 01:34:27,681 - masked_mae : 20.74241828918457
2025-02-24 01:34:27,701 - masked_rmse : 31.911767959594727
2025-02-24 01:34:27,738 - masked_mape : 0.21208657324314117
2025-02-24 01:34:27,738 - Evaluate on pems03_flow_long_term_forecasting:
2025-02-24 01:34:52,465 - masked_mae : 21.4199161529541
2025-02-24 01:34:52,534 - masked_rmse : 33.520259857177734
2025-02-24 01:34:52,664 - masked_mape : 0.21241331100463867
2025-02-24 01:34:52,665 - Evaluate on pems04_flow_short_term_forecasting:
2025-02-24 01:35:04,115 - masked_mae : 26.812273025512695
2025-02-24 01:35:04,126 - masked_rmse : 41.15043640136719
2025-02-24 01:35:04,148 - masked_mape : 0.1901988983154297
2025-02-24 01:35:04,148 - Evaluate on pems04_flow_long_term_forecasting:
2025-02-24 01:35:20,439 - masked_mae : 28.580535888671875
2025-02-24 01:35:20,478 - masked_rmse : 44.136932373046875
2025-02-24 01:35:20,553 - masked_mape : 0.20438580214977264
2025-02-24 01:35:20,553 - Evaluate on pems07_flow_short_term_forecasting:
2025-02-24 01:35:54,120 - masked_mae : 34.452762603759766
2025-02-24 01:35:54,169 - masked_rmse : 49.47590255737305
2025-02-24 01:35:54,262 - masked_mape : 0.19481982290744781
2025-02-24 01:35:54,264 - Evaluate on pems07_flow_long_term_forecasting:
2025-02-24 01:36:50,227 - masked_mae : 35.12469482421875
2025-02-24 01:36:50,403 - masked_rmse : 51.15951919555664
2025-02-24 01:36:50,739 - masked_mape : 0.17844335734844208
2025-02-24 01:36:50,740 - Evaluate on pems08_flow_short_term_forecasting:
2025-02-24 01:36:59,690 - masked_mae : 25.18683624267578
2025-02-24 01:36:59,697 - masked_rmse : 36.34672164916992
2025-02-24 01:36:59,710 - masked_mape : 0.25015947222709656
2025-02-24 01:36:59,711 - Evaluate on pems08_flow_long_term_forecasting:
2025-02-24 01:37:11,434 - masked_mae : 24.66468620300293
2025-02-24 01:37:11,458 - masked_rmse : 36.75751876831055
2025-02-24 01:37:11,502 - masked_mape : 0.2031150460243225
2025-02-24 01:37:11,503 - Evaluate on occpairs_occupancy_short_term_forecasting:
2025-02-24 01:37:29,138 - masked_mae : 1.2308297157287598
2025-02-24 01:37:29,160 - masked_rmse : 2.661080837249756
2025-02-24 01:37:29,201 - masked_mape : 0.18477900326251984
2025-02-24 01:37:29,201 - Evaluate on occpairs_occupancy_long_term_forecasting:
2025-02-24 01:37:56,316 - masked_mae : 1.35037100315094
2025-02-24 01:37:56,393 - masked_rmse : 2.838838815689087
2025-02-24 01:37:56,540 - masked_mape : 0.20804013311862946
2025-02-24 01:37:56,540 - Evaluate on occhamburg_occupancy_short_term_forecasting:
2025-02-24 01:38:10,027 - masked_mae : 6.246341228485107
2025-02-24 01:38:10,042 - masked_rmse : 10.420235633850098
2025-02-24 01:38:10,070 - masked_mape : 0.5269083976745605
2025-02-24 01:38:10,071 - Evaluate on occhamburg_occupancy_long_term_forecasting:
2025-02-24 01:38:29,921 - masked_mae : 6.1872687339782715
2025-02-24 01:38:29,973 - masked_rmse : 10.347667694091797
2025-02-24 01:38:30,072 - masked_mape : 0.4993443489074707
2025-02-24 01:38:30,072 - Evaluate on pemsbay_speed_short_term_forecasting:
2025-02-24 01:38:55,061 - masked_mae : 2.2923736572265625
2025-02-24 01:38:55,096 - masked_rmse : 4.514893531799316
2025-02-24 01:38:55,161 - masked_mape : 0.05250263214111328
2025-02-24 01:38:55,162 - Evaluate on pemsbay_speed_long_term_forecasting:
2025-02-24 01:39:35,824 - masked_mae : 2.9856765270233154
2025-02-24 01:39:35,947 - masked_rmse : 5.995433807373047
2025-02-24 01:39:36,181 - masked_mape : 0.0694977194070816
2025-02-24 01:39:36,183 - Evaluate on metrla_speed_short_term_forecasting:
2025-02-24 01:39:49,585 - masked_mae : 5.560993671417236
2025-02-24 01:39:49,600 - masked_rmse : 9.876015663146973
2025-02-24 01:39:49,627 - masked_mape : 0.12985438108444214
2025-02-24 01:39:49,628 - Evaluate on metrla_speed_long_term_forecasting:
2025-02-24 01:40:09,273 - masked_mae : 6.69391393661499
2025-02-24 01:40:09,325 - masked_rmse : 11.788432121276855
2025-02-24 01:40:09,422 - masked_mape : 0.15520386397838593
2025-02-24 01:40:09,423 - Evaluate on trafficsh_speed_short_term_forecasting:
2025-02-24 01:40:23,216 - masked_mae : 0.7794308662414551
2025-02-24 01:40:23,231 - masked_rmse : 1.098481297492981
2025-02-24 01:40:23,260 - masked_mape : 0.0861034020781517
2025-02-24 01:40:23,261 - Evaluate on trafficsh_speed_long_term_forecasting:
2025-02-24 01:40:43,483 - masked_mae : 0.6577776670455933
2025-02-24 01:40:43,536 - masked_rmse : 1.0015121698379517
2025-02-24 01:40:43,636 - masked_mape : 0.08224991708993912
2025-02-24 01:40:43,637 - Evaluate on bikenyc_inflow_short_term_forecasting:
2025-02-24 01:40:53,102 - masked_mae : 1.1421364545822144
2025-02-24 01:40:53,110 - masked_rmse : 3.4616329669952393
2025-02-24 01:40:53,125 - masked_mape : 0.34428274631500244
2025-02-24 01:40:53,125 - Evaluate on bikenyc_inflow_long_term_forecasting:
2025-02-24 01:41:05,701 - masked_mae : 1.26663076877594
2025-02-24 01:41:05,728 - masked_rmse : 4.2146453857421875
2025-02-24 01:41:05,778 - masked_mape : 0.3710823953151703
2025-02-24 01:41:05,779 - Evaluate on taxinyc_inflow_short_term_forecasting:
2025-02-24 01:41:15,231 - masked_mae : 7.504759311676025
2025-02-24 01:41:15,239 - masked_rmse : 19.525869369506836
2025-02-24 01:41:15,254 - masked_mape : 0.4968937933444977
2025-02-24 01:41:15,254 - Evaluate on taxinyc_inflow_long_term_forecasting:
2025-02-24 01:41:27,819 - masked_mae : 7.483605861663818
2025-02-24 01:41:27,846 - masked_rmse : 21.126922607421875
2025-02-24 01:41:27,897 - masked_mape : 0.4404124319553375
2025-02-24 01:41:27,897 - Evaluate on tdrive_inflow_short_term_forecasting:
2025-02-24 01:42:08,276 - masked_mae : 19.71208953857422
2025-02-24 01:42:08,336 - masked_rmse : 37.306915283203125
2025-02-24 01:42:08,453 - masked_mape : 0.30115485191345215
2025-02-24 01:42:08,454 - Evaluate on tdrive_inflow_long_term_forecasting:
2025-02-24 01:43:16,695 - masked_mae : 20.858543395996094
2025-02-24 01:43:16,913 - masked_rmse : 40.648231506347656
2025-02-24 01:43:17,331 - masked_mape : 0.2900247573852539
2025-02-24 01:43:17,333 - ************************************************************   Imputation Task   ************************************************************
2025-02-24 01:43:17,333 - Evaluate on pems03_flow_point_imputation:
2025-02-24 01:43:23,296 - masked_mae : 46.3831787109375
2025-02-24 01:43:23,298 - masked_rmse : 68.82929229736328
2025-02-24 01:43:23,306 - masked_mre : 0.2755880653858185
2025-02-24 01:43:23,306 - Evaluate on pems03_flow_block_imputation:
2025-02-24 01:43:29,234 - masked_mae : 76.81238555908203
2025-02-24 01:43:29,236 - masked_rmse : 109.29258728027344
2025-02-24 01:43:29,239 - masked_mre : 0.45742884278297424
2025-02-24 01:43:29,239 - Evaluate on pems04_flow_point_imputation:
2025-02-24 01:43:34,970 - masked_mae : 52.266517639160156
2025-02-24 01:43:34,971 - masked_rmse : 73.72730255126953
2025-02-24 01:43:34,974 - masked_mre : 0.2474879026412964
2025-02-24 01:43:34,974 - Evaluate on pems04_flow_block_imputation:
2025-02-24 01:43:40,717 - masked_mae : 93.63549041748047
2025-02-24 01:43:40,721 - masked_rmse : 126.07295227050781
2025-02-24 01:43:40,723 - masked_mre : 0.4465072453022003
2025-02-24 01:43:40,723 - Evaluate on pems07_flow_point_imputation:
2025-02-24 01:43:47,347 - masked_mae : 77.20767211914062
2025-02-24 01:43:47,360 - masked_rmse : 102.6951675415039
2025-02-24 01:43:47,382 - masked_mre : 0.2515852153301239
2025-02-24 01:43:47,386 - Evaluate on pems07_flow_block_imputation:
2025-02-24 01:43:53,977 - masked_mae : 148.49510192871094
2025-02-24 01:43:53,987 - masked_rmse : 184.1879425048828
2025-02-24 01:43:54,009 - masked_mre : 0.48454153537750244
2025-02-24 01:43:54,009 - Evaluate on pems08_flow_point_imputation:
2025-02-24 01:43:59,620 - masked_mae : 52.785919189453125
2025-02-24 01:43:59,621 - masked_rmse : 71.4955062866211
2025-02-24 01:43:59,623 - masked_mre : 0.2364397943019867
2025-02-24 01:43:59,623 - Evaluate on pems08_flow_block_imputation:
2025-02-24 01:44:05,236 - masked_mae : 105.18781280517578
2025-02-24 01:44:05,237 - masked_rmse : 134.2001953125
2025-02-24 01:44:05,238 - masked_mre : 0.47202005982398987
2025-02-24 01:44:05,238 - Evaluate on pemsbay_speed_point_imputation:
2025-02-24 01:44:11,529 - masked_mae : 16.374521255493164
2025-02-24 01:44:11,540 - masked_rmse : 19.026123046875
2025-02-24 01:44:11,554 - masked_mre : 0.27082887291908264
2025-02-24 01:44:11,554 - Evaluate on pemsbay_speed_block_imputation:
2025-02-24 01:44:17,799 - masked_mae : 35.28318405151367
2025-02-24 01:44:17,800 - masked_rmse : 37.02404022216797
2025-02-24 01:44:17,808 - masked_mre : 0.5839820504188538
2025-02-24 01:44:17,808 - Evaluate on metrla_speed_point_imputation:
2025-02-24 01:44:23,627 - masked_mae : 17.011932373046875
2025-02-24 01:44:23,631 - masked_rmse : 20.881620407104492
2025-02-24 01:44:23,633 - masked_mre : 0.3058330714702606
2025-02-24 01:44:23,638 - Evaluate on metrla_speed_block_imputation:
2025-02-24 01:44:29,426 - masked_mae : 30.173343658447266
2025-02-24 01:44:29,427 - masked_rmse : 33.30609130859375
2025-02-24 01:44:29,429 - masked_mre : 0.5743395090103149
2025-02-24 01:45:51,511 - [Epoch 9] Pretrain Loss: 25.0054
2025-02-24 01:45:51,512 - ************************************************************   Forecasting Task   ************************************************************
2025-02-24 01:45:51,512 - Evaluate on pems03_flow_short_term_forecasting:
2025-02-24 01:46:07,865 - masked_mae : 20.088350296020508
2025-02-24 01:46:07,884 - masked_rmse : 31.14720344543457
2025-02-24 01:46:07,921 - masked_mape : 0.1901310235261917
2025-02-24 01:46:07,922 - Evaluate on pems03_flow_long_term_forecasting:
2025-02-24 01:46:32,814 - masked_mae : 22.075408935546875
2025-02-24 01:46:32,882 - masked_rmse : 34.274559020996094
2025-02-24 01:46:33,013 - masked_mape : 0.22373805940151215
2025-02-24 01:46:33,014 - Evaluate on pems04_flow_short_term_forecasting:
2025-02-24 01:46:44,540 - masked_mae : 26.011032104492188
2025-02-24 01:46:44,551 - masked_rmse : 40.14413833618164
2025-02-24 01:46:44,573 - masked_mape : 0.17621374130249023
2025-02-24 01:46:44,573 - Evaluate on pems04_flow_long_term_forecasting:
2025-02-24 01:47:00,847 - masked_mae : 29.070615768432617
2025-02-24 01:47:00,886 - masked_rmse : 44.70132064819336
2025-02-24 01:47:00,961 - masked_mape : 0.20553122460842133
2025-02-24 01:47:00,961 - Evaluate on pems07_flow_short_term_forecasting:
2025-02-24 01:47:34,704 - masked_mae : 33.19200897216797
2025-02-24 01:47:34,753 - masked_rmse : 47.8344612121582
2025-02-24 01:47:34,847 - masked_mape : 0.17258776724338531
2025-02-24 01:47:34,848 - Evaluate on pems07_flow_long_term_forecasting:
2025-02-24 01:48:31,037 - masked_mae : 35.5759391784668
2025-02-24 01:48:31,213 - masked_rmse : 51.68162155151367
2025-02-24 01:48:31,549 - masked_mape : 0.17658884823322296
2025-02-24 01:48:31,551 - Evaluate on pems08_flow_short_term_forecasting:
2025-02-24 01:48:40,520 - masked_mae : 24.13836097717285
2025-02-24 01:48:40,527 - masked_rmse : 35.11830520629883
2025-02-24 01:48:40,540 - masked_mape : 0.2185254693031311
2025-02-24 01:48:40,540 - Evaluate on pems08_flow_long_term_forecasting:
2025-02-24 01:48:52,260 - masked_mae : 25.3516902923584
2025-02-24 01:48:52,284 - masked_rmse : 37.536407470703125
2025-02-24 01:48:52,329 - masked_mape : 0.2003415822982788
2025-02-24 01:48:52,329 - Evaluate on occpairs_occupancy_short_term_forecasting:
2025-02-24 01:49:09,998 - masked_mae : 1.1708234548568726
2025-02-24 01:49:10,020 - masked_rmse : 2.5746867656707764
2025-02-24 01:49:10,061 - masked_mape : 0.1704765409231186
2025-02-24 01:49:10,062 - Evaluate on occpairs_occupancy_long_term_forecasting:
2025-02-24 01:49:37,361 - masked_mae : 1.3863710165023804
2025-02-24 01:49:37,438 - masked_rmse : 2.840510606765747
2025-02-24 01:49:37,584 - masked_mape : 0.2183428406715393
2025-02-24 01:49:37,585 - Evaluate on occhamburg_occupancy_short_term_forecasting:
2025-02-24 01:49:51,124 - masked_mae : 6.12737512588501
2025-02-24 01:49:51,139 - masked_rmse : 10.315227508544922
2025-02-24 01:49:51,167 - masked_mape : 0.49404194951057434
2025-02-24 01:49:51,168 - Evaluate on occhamburg_occupancy_long_term_forecasting:
2025-02-24 01:50:11,066 - masked_mae : 6.293149471282959
2025-02-24 01:50:11,118 - masked_rmse : 10.424164772033691
2025-02-24 01:50:11,217 - masked_mape : 0.5162877440452576
2025-02-24 01:50:11,217 - Evaluate on pemsbay_speed_short_term_forecasting:
2025-02-24 01:50:36,389 - masked_mae : 2.3262977600097656
2025-02-24 01:50:36,424 - masked_rmse : 4.515425205230713
2025-02-24 01:50:36,489 - masked_mape : 0.05175162851810455
2025-02-24 01:50:36,490 - Evaluate on pemsbay_speed_long_term_forecasting:
2025-02-24 01:51:17,276 - masked_mae : 3.0041637420654297
2025-02-24 01:51:17,399 - masked_rmse : 5.963754177093506
2025-02-24 01:51:17,635 - masked_mape : 0.06871787458658218
2025-02-24 01:51:17,636 - Evaluate on metrla_speed_short_term_forecasting:
2025-02-24 01:51:31,097 - masked_mae : 5.659267902374268
2025-02-24 01:51:31,112 - masked_rmse : 9.866166114807129
2025-02-24 01:51:31,140 - masked_mape : 0.12984876334667206
2025-02-24 01:51:31,140 - Evaluate on metrla_speed_long_term_forecasting:
2025-02-24 01:51:50,897 - masked_mae : 6.769100666046143
2025-02-24 01:51:50,948 - masked_rmse : 11.744437217712402
2025-02-24 01:51:51,046 - masked_mape : 0.15544627606868744
2025-02-24 01:51:51,047 - Evaluate on trafficsh_speed_short_term_forecasting:
2025-02-24 01:52:04,931 - masked_mae : 0.7526426911354065
2025-02-24 01:52:04,946 - masked_rmse : 1.0561919212341309
2025-02-24 01:52:04,975 - masked_mape : 0.08651559799909592
2025-02-24 01:52:04,976 - Evaluate on trafficsh_speed_long_term_forecasting:
2025-02-24 01:52:25,280 - masked_mae : 0.676706075668335
2025-02-24 01:52:25,333 - masked_rmse : 1.0038975477218628
2025-02-24 01:52:25,434 - masked_mape : 0.08448604494333267
2025-02-24 01:52:25,434 - Evaluate on bikenyc_inflow_short_term_forecasting:
2025-02-24 01:52:34,877 - masked_mae : 1.0686651468276978
2025-02-24 01:52:34,885 - masked_rmse : 3.3378517627716064
2025-02-24 01:52:34,900 - masked_mape : 0.32984134554862976
2025-02-24 01:52:34,900 - Evaluate on bikenyc_inflow_long_term_forecasting:
2025-02-24 01:52:47,532 - masked_mae : 1.3332825899124146
2025-02-24 01:52:47,559 - masked_rmse : 4.307953357696533
2025-02-24 01:52:47,609 - masked_mape : 0.3951639235019684
2025-02-24 01:52:47,610 - Evaluate on taxinyc_inflow_short_term_forecasting:
2025-02-24 01:52:57,063 - masked_mae : 6.589361190795898
2025-02-24 01:52:57,071 - masked_rmse : 18.192970275878906
2025-02-24 01:52:57,086 - masked_mape : 0.36779406666755676
2025-02-24 01:52:57,086 - Evaluate on taxinyc_inflow_long_term_forecasting:
2025-02-24 01:53:09,699 - masked_mae : 8.086845397949219
2025-02-24 01:53:09,726 - masked_rmse : 21.660430908203125
2025-02-24 01:53:09,777 - masked_mape : 0.5714121460914612
2025-02-24 01:53:09,777 - Evaluate on tdrive_inflow_short_term_forecasting:
2025-02-24 01:53:50,405 - masked_mae : 17.8461971282959
2025-02-24 01:53:50,466 - masked_rmse : 34.76344680786133
2025-02-24 01:53:50,582 - masked_mape : 0.22244834899902344
2025-02-24 01:53:50,583 - Evaluate on tdrive_inflow_long_term_forecasting:
2025-02-24 01:54:59,105 - masked_mae : 22.04767608642578
2025-02-24 01:54:59,323 - masked_rmse : 41.42573928833008
2025-02-24 01:54:59,741 - masked_mape : 0.37577083706855774
2025-02-24 01:54:59,743 - ************************************************************   Imputation Task   ************************************************************
2025-02-24 01:54:59,743 - Evaluate on pems03_flow_point_imputation:
2025-02-24 01:55:05,670 - masked_mae : 45.94979476928711
2025-02-24 01:55:05,678 - masked_rmse : 68.36253356933594
2025-02-24 01:55:05,683 - masked_mre : 0.27296191453933716
2025-02-24 01:55:05,684 - Evaluate on pems03_flow_block_imputation:
2025-02-24 01:55:11,626 - masked_mae : 74.75444030761719
2025-02-24 01:55:11,629 - masked_rmse : 106.99664306640625
2025-02-24 01:55:11,632 - masked_mre : 0.44514456391334534
2025-02-24 01:55:11,638 - Evaluate on pems04_flow_point_imputation:
2025-02-24 01:55:17,392 - masked_mae : 52.20725631713867
2025-02-24 01:55:17,393 - masked_rmse : 73.861083984375
2025-02-24 01:55:17,395 - masked_mre : 0.24707850813865662
2025-02-24 01:55:17,395 - Evaluate on pems04_flow_block_imputation:
2025-02-24 01:55:23,124 - masked_mae : 91.27919006347656
2025-02-24 01:55:23,129 - masked_rmse : 123.64659881591797
2025-02-24 01:55:23,130 - masked_mre : 0.43515536189079285
2025-02-24 01:55:23,131 - Evaluate on pems07_flow_point_imputation:
2025-02-24 01:55:29,720 - masked_mae : 76.73920440673828
2025-02-24 01:55:29,724 - masked_rmse : 102.11383056640625
2025-02-24 01:55:29,741 - masked_mre : 0.2499137669801712
2025-02-24 01:55:29,745 - Evaluate on pems07_flow_block_imputation:
2025-02-24 01:55:36,344 - masked_mae : 143.73377990722656
2025-02-24 01:55:36,357 - masked_rmse : 179.3984832763672
2025-02-24 01:55:36,381 - masked_mre : 0.4689989984035492
2025-02-24 01:55:36,381 - Evaluate on pems08_flow_point_imputation:
2025-02-24 01:55:41,958 - masked_mae : 52.57366180419922
2025-02-24 01:55:41,958 - masked_rmse : 71.23014831542969
2025-02-24 01:55:41,960 - masked_mre : 0.23543475568294525
2025-02-24 01:55:41,960 - Evaluate on pems08_flow_block_imputation:
2025-02-24 01:55:47,588 - masked_mae : 101.962158203125
2025-02-24 01:55:47,589 - masked_rmse : 131.0943145751953
2025-02-24 01:55:47,590 - masked_mre : 0.4575290381908417
2025-02-24 01:55:47,590 - Evaluate on pemsbay_speed_point_imputation:
2025-02-24 01:55:53,853 - masked_mae : 16.904783248901367
2025-02-24 01:55:53,862 - masked_rmse : 19.307619094848633
2025-02-24 01:55:53,876 - masked_mre : 0.2796054482460022
2025-02-24 01:55:53,876 - Evaluate on pemsbay_speed_block_imputation:
2025-02-24 01:56:00,121 - masked_mae : 34.34341812133789
2025-02-24 01:56:00,131 - masked_rmse : 36.047935485839844
2025-02-24 01:56:00,142 - masked_mre : 0.5684304237365723
2025-02-24 01:56:00,146 - Evaluate on metrla_speed_point_imputation:
2025-02-24 01:56:05,980 - masked_mae : 17.163972854614258
2025-02-24 01:56:05,981 - masked_rmse : 20.72740936279297
2025-02-24 01:56:05,983 - masked_mre : 0.3100065588951111
2025-02-24 01:56:05,983 - Evaluate on metrla_speed_block_imputation:
2025-02-24 01:56:11,769 - masked_mae : 29.261537551879883
2025-02-24 01:56:11,770 - masked_rmse : 32.32450485229492
2025-02-24 01:56:11,772 - masked_mre : 0.5573253035545349
2025-02-24 01:57:33,873 - [Epoch 10] Pretrain Loss: 24.8914
2025-02-24 01:57:33,874 - ************************************************************   Forecasting Task   ************************************************************
2025-02-24 01:57:33,874 - Evaluate on pems03_flow_short_term_forecasting:
2025-02-24 01:57:50,164 - masked_mae : 19.996442794799805
2025-02-24 01:57:50,184 - masked_rmse : 31.035886764526367
2025-02-24 01:57:50,221 - masked_mape : 0.19717691838741302
2025-02-24 01:57:50,221 - Evaluate on pems03_flow_long_term_forecasting:
2025-02-24 01:58:14,902 - masked_mae : 20.806686401367188
2025-02-24 01:58:14,970 - masked_rmse : 32.59259796142578
2025-02-24 01:58:15,100 - masked_mape : 0.208453968167305
2025-02-24 01:58:15,101 - Evaluate on pems04_flow_short_term_forecasting:
2025-02-24 01:58:26,553 - masked_mae : 26.094179153442383
2025-02-24 01:58:26,564 - masked_rmse : 40.35862350463867
2025-02-24 01:58:26,586 - masked_mape : 0.18017959594726562
2025-02-24 01:58:26,586 - Evaluate on pems04_flow_long_term_forecasting:
2025-02-24 01:58:42,873 - masked_mae : 27.90460205078125
2025-02-24 01:58:42,913 - masked_rmse : 43.211822509765625
2025-02-24 01:58:42,987 - masked_mape : 0.1981911063194275
2025-02-24 01:58:42,988 - Evaluate on pems07_flow_short_term_forecasting:
2025-02-24 01:59:16,572 - masked_mae : 33.407169342041016
2025-02-24 01:59:16,621 - masked_rmse : 48.512325286865234
2025-02-24 01:59:16,714 - masked_mape : 0.1831098198890686
2025-02-24 01:59:16,715 - Evaluate on pems07_flow_long_term_forecasting:
2025-02-24 02:00:12,705 - masked_mae : 34.214080810546875
2025-02-24 02:00:12,881 - masked_rmse : 50.156063079833984
2025-02-24 02:00:13,217 - masked_mape : 0.17359890043735504
2025-02-24 02:00:13,218 - Evaluate on pems08_flow_short_term_forecasting:
2025-02-24 02:00:22,185 - masked_mae : 24.524255752563477
2025-02-24 02:00:22,192 - masked_rmse : 35.76775360107422
2025-02-24 02:00:22,206 - masked_mape : 0.23836880922317505
2025-02-24 02:00:22,206 - Evaluate on pems08_flow_long_term_forecasting:
2025-02-24 02:00:33,903 - masked_mae : 23.94099998474121
2025-02-24 02:00:33,926 - masked_rmse : 35.82174301147461
2025-02-24 02:00:33,971 - masked_mape : 0.19971515238285065
2025-02-24 02:00:33,972 - Evaluate on occpairs_occupancy_short_term_forecasting:
2025-02-24 02:00:51,561 - masked_mae : 1.181179165840149
2025-02-24 02:00:51,582 - masked_rmse : 2.612600564956665
2025-02-24 02:00:51,624 - masked_mape : 0.171627938747406
2025-02-24 02:00:51,624 - Evaluate on occpairs_occupancy_long_term_forecasting:
2025-02-24 02:01:18,786 - masked_mae : 1.3390012979507446
2025-02-24 02:01:18,863 - masked_rmse : 2.8161842823028564
2025-02-24 02:01:19,009 - masked_mape : 0.20535433292388916
2025-02-24 02:01:19,010 - Evaluate on occhamburg_occupancy_short_term_forecasting:
2025-02-24 02:01:56,629 - masked_mae : 6.156970977783203
2025-02-24 02:01:56,644 - masked_rmse : 10.34787654876709
2025-02-24 02:01:56,672 - masked_mape : 0.49990105628967285
2025-02-24 02:01:56,672 - Evaluate on occhamburg_occupancy_long_term_forecasting:
2025-02-24 02:02:16,573 - masked_mae : 6.200827121734619
2025-02-24 02:02:16,625 - masked_rmse : 10.35491943359375
2025-02-24 02:02:16,724 - masked_mape : 0.5022234320640564
2025-02-24 02:02:16,725 - Evaluate on pemsbay_speed_short_term_forecasting:
2025-02-24 02:02:41,661 - masked_mae : 2.2592365741729736
2025-02-24 02:02:41,695 - masked_rmse : 4.444002151489258
2025-02-24 02:02:41,761 - masked_mape : 0.051148608326911926
2025-02-24 02:02:41,762 - Evaluate on pemsbay_speed_long_term_forecasting:
2025-02-24 02:03:22,135 - masked_mae : 2.909653902053833
2025-02-24 02:03:22,257 - masked_rmse : 5.861392974853516
2025-02-24 02:03:22,492 - masked_mape : 0.06772051006555557
2025-02-24 02:03:22,493 - Evaluate on metrla_speed_short_term_forecasting:
2025-02-24 02:03:35,902 - masked_mae : 5.455833911895752
2025-02-24 02:03:35,916 - masked_rmse : 9.77172565460205
2025-02-24 02:03:35,944 - masked_mape : 0.12677337229251862
2025-02-24 02:03:35,945 - Evaluate on metrla_speed_long_term_forecasting:
2025-02-24 02:03:55,613 - masked_mae : 6.513972759246826
2025-02-24 02:03:55,664 - masked_rmse : 11.629928588867188
2025-02-24 02:03:55,762 - masked_mape : 0.1516600400209427
2025-02-24 02:03:55,763 - Evaluate on trafficsh_speed_short_term_forecasting:
2025-02-24 02:04:09,568 - masked_mae : 0.7476140856742859
2025-02-24 02:04:09,583 - masked_rmse : 1.0813044309616089
2025-02-24 02:04:09,612 - masked_mape : 0.08247671276330948
2025-02-24 02:04:09,612 - Evaluate on trafficsh_speed_long_term_forecasting:
2025-02-24 02:04:29,932 - masked_mae : 0.6430060863494873
2025-02-24 02:04:29,985 - masked_rmse : 0.9962888360023499
2025-02-24 02:04:30,086 - masked_mape : 0.07936150580644608
2025-02-24 02:04:30,087 - Evaluate on bikenyc_inflow_short_term_forecasting:
2025-02-24 02:04:39,528 - masked_mae : 1.068826675415039
2025-02-24 02:04:39,536 - masked_rmse : 3.300442934036255
2025-02-24 02:04:39,551 - masked_mape : 0.32956719398498535
2025-02-24 02:04:39,551 - Evaluate on bikenyc_inflow_long_term_forecasting:
2025-02-24 02:04:52,168 - masked_mae : 1.247620940208435
2025-02-24 02:04:52,195 - masked_rmse : 4.097004413604736
2025-02-24 02:04:52,246 - masked_mape : 0.37192508578300476
2025-02-24 02:04:52,246 - Evaluate on taxinyc_inflow_short_term_forecasting:
2025-02-24 02:05:01,675 - masked_mae : 6.8822102546691895
2025-02-24 02:05:01,683 - masked_rmse : 18.86387062072754
2025-02-24 02:05:01,698 - masked_mape : 0.40083447098731995
2025-02-24 02:05:01,698 - Evaluate on taxinyc_inflow_long_term_forecasting:
2025-02-24 02:05:14,257 - masked_mae : 7.266809940338135
2025-02-24 02:05:14,284 - masked_rmse : 20.26605796813965
2025-02-24 02:05:14,334 - masked_mape : 0.45647022128105164
2025-02-24 02:05:14,335 - Evaluate on tdrive_inflow_short_term_forecasting:
2025-02-24 02:05:54,701 - masked_mae : 18.217819213867188
2025-02-24 02:05:54,762 - masked_rmse : 35.71583938598633
2025-02-24 02:05:54,878 - masked_mape : 0.24573616683483124
2025-02-24 02:05:54,879 - Evaluate on tdrive_inflow_long_term_forecasting:
2025-02-24 02:07:02,988 - masked_mae : 19.565385818481445
2025-02-24 02:07:03,206 - masked_rmse : 37.99441909790039
2025-02-24 02:07:03,624 - masked_mape : 0.2993672788143158
2025-02-24 02:07:03,626 - ************************************************************   Imputation Task   ************************************************************
2025-02-24 02:07:03,626 - Evaluate on pems03_flow_point_imputation:
2025-02-24 02:07:09,566 - masked_mae : 44.69056701660156
2025-02-24 02:07:09,571 - masked_rmse : 66.8319320678711
2025-02-24 02:07:09,582 - masked_mre : 0.2654343545436859
2025-02-24 02:07:09,583 - Evaluate on pems03_flow_block_imputation:
2025-02-24 02:07:15,529 - masked_mae : 74.364990234375
2025-02-24 02:07:15,530 - masked_rmse : 106.6343765258789
2025-02-24 02:07:15,533 - masked_mre : 0.44282957911491394
2025-02-24 02:07:15,533 - Evaluate on pems04_flow_point_imputation:
2025-02-24 02:07:21,284 - masked_mae : 51.17530822753906
2025-02-24 02:07:21,286 - masked_rmse : 72.71219635009766
2025-02-24 02:07:21,287 - masked_mre : 0.2420644462108612
2025-02-24 02:07:21,288 - Evaluate on pems04_flow_block_imputation:
2025-02-24 02:07:27,047 - masked_mae : 91.51725769042969
2025-02-24 02:07:27,048 - masked_rmse : 124.32077026367188
2025-02-24 02:07:27,051 - masked_mre : 0.43627750873565674
2025-02-24 02:07:27,051 - Evaluate on pems07_flow_point_imputation:
2025-02-24 02:07:33,662 - masked_mae : 74.7688217163086
2025-02-24 02:07:33,679 - masked_rmse : 100.03748321533203
2025-02-24 02:07:33,690 - masked_mre : 0.24335922300815582
2025-02-24 02:07:33,690 - Evaluate on pems07_flow_block_imputation:
2025-02-24 02:07:40,281 - masked_mae : 143.12937927246094
2025-02-24 02:07:40,293 - masked_rmse : 179.3255615234375
2025-02-24 02:07:40,315 - masked_mre : 0.4669898450374603
2025-02-24 02:07:40,322 - Evaluate on pems08_flow_point_imputation:
2025-02-24 02:07:45,893 - masked_mae : 51.02674865722656
2025-02-24 02:07:45,893 - masked_rmse : 69.45889282226562
2025-02-24 02:07:45,895 - masked_mre : 0.2284524142742157
2025-02-24 02:07:45,895 - Evaluate on pems08_flow_block_imputation:
2025-02-24 02:07:51,455 - masked_mae : 101.96098327636719
2025-02-24 02:07:51,456 - masked_rmse : 131.48086547851562
2025-02-24 02:07:51,457 - masked_mre : 0.4575294852256775
2025-02-24 02:07:51,457 - Evaluate on pemsbay_speed_point_imputation:
2025-02-24 02:07:57,699 - masked_mae : 16.549428939819336
2025-02-24 02:07:57,710 - masked_rmse : 18.812591552734375
2025-02-24 02:07:57,724 - masked_mre : 0.2737278640270233
2025-02-24 02:07:57,724 - Evaluate on pemsbay_speed_block_imputation:
2025-02-24 02:08:03,950 - masked_mae : 33.540306091308594
2025-02-24 02:08:03,959 - masked_rmse : 35.14653778076172
2025-02-24 02:08:03,970 - masked_mre : 0.5551394820213318
2025-02-24 02:08:03,970 - Evaluate on metrla_speed_point_imputation:
2025-02-24 02:08:09,807 - masked_mae : 16.795909881591797
2025-02-24 02:08:09,808 - masked_rmse : 20.241235733032227
2025-02-24 02:08:09,810 - masked_mre : 0.3034878671169281
2025-02-24 02:08:09,814 - Evaluate on metrla_speed_block_imputation:
2025-02-24 02:08:15,633 - masked_mae : 28.778215408325195
2025-02-24 02:08:15,634 - masked_rmse : 31.75128746032715
2025-02-24 02:08:15,636 - masked_mre : 0.5488417744636536
2025-02-24 02:09:37,719 - [Epoch 11] Pretrain Loss: 24.8336
2025-02-24 02:09:37,719 - ************************************************************   Forecasting Task   ************************************************************
2025-02-24 02:09:37,719 - Evaluate on pems03_flow_short_term_forecasting:
2025-02-24 02:09:54,089 - masked_mae : 18.938379287719727
2025-02-24 02:09:54,109 - masked_rmse : 29.48138999938965
2025-02-24 02:09:54,145 - masked_mape : 0.1854981780052185
2025-02-24 02:09:54,146 - Evaluate on pems03_flow_long_term_forecasting:
2025-02-24 02:10:18,948 - masked_mae : 20.85521125793457
2025-02-24 02:10:19,016 - masked_rmse : 32.6608772277832
2025-02-24 02:10:19,146 - masked_mape : 0.2167518585920334
2025-02-24 02:10:19,147 - Evaluate on pems04_flow_short_term_forecasting:
2025-02-24 02:10:30,654 - masked_mae : 24.85772132873535
2025-02-24 02:10:30,665 - masked_rmse : 38.63481521606445
2025-02-24 02:10:30,687 - masked_mape : 0.17166469991207123
2025-02-24 02:10:30,687 - Evaluate on pems04_flow_long_term_forecasting:
2025-02-24 02:10:46,966 - masked_mae : 27.75937843322754
2025-02-24 02:10:47,005 - masked_rmse : 42.995418548583984
2025-02-24 02:10:47,080 - masked_mape : 0.1992785483598709
2025-02-24 02:10:47,080 - Evaluate on pems07_flow_short_term_forecasting:
2025-02-24 02:11:20,659 - masked_mae : 31.253494262695312
2025-02-24 02:11:20,708 - masked_rmse : 45.608154296875
2025-02-24 02:11:20,802 - masked_mape : 0.1614810973405838
2025-02-24 02:11:20,803 - Evaluate on pems07_flow_long_term_forecasting:
2025-02-24 02:12:16,921 - masked_mae : 33.930076599121094
2025-02-24 02:12:17,096 - masked_rmse : 49.76347351074219
2025-02-24 02:12:17,432 - masked_mape : 0.17123763263225555
2025-02-24 02:12:17,434 - Evaluate on pems08_flow_short_term_forecasting:
2025-02-24 02:12:26,461 - masked_mae : 22.658349990844727
2025-02-24 02:12:26,468 - masked_rmse : 33.37116622924805
2025-02-24 02:12:26,481 - masked_mape : 0.20210029184818268
2025-02-24 02:12:26,482 - Evaluate on pems08_flow_long_term_forecasting:
2025-02-24 02:12:38,181 - masked_mae : 23.719985961914062
2025-02-24 02:12:38,205 - masked_rmse : 35.563472747802734
2025-02-24 02:12:38,250 - masked_mape : 0.1916555017232895
2025-02-24 02:12:38,250 - Evaluate on occpairs_occupancy_short_term_forecasting:
2025-02-24 02:12:55,882 - masked_mae : 1.1496156454086304
2025-02-24 02:12:55,903 - masked_rmse : 2.5010716915130615
2025-02-24 02:12:55,945 - masked_mape : 0.17108356952667236
2025-02-24 02:12:55,945 - Evaluate on occpairs_occupancy_long_term_forecasting:
2025-02-24 02:13:23,195 - masked_mae : 1.3492708206176758
2025-02-24 02:13:23,271 - masked_rmse : 2.784360885620117
2025-02-24 02:13:23,418 - masked_mape : 0.21174709498882294
2025-02-24 02:13:23,419 - Evaluate on occhamburg_occupancy_short_term_forecasting:
2025-02-24 02:13:36,947 - masked_mae : 6.097445011138916
2025-02-24 02:13:36,961 - masked_rmse : 10.213418006896973
2025-02-24 02:13:36,989 - masked_mape : 0.5028679966926575
2025-02-24 02:13:36,990 - Evaluate on occhamburg_occupancy_long_term_forecasting:
2025-02-24 02:13:56,908 - masked_mae : 6.207239151000977
2025-02-24 02:13:56,960 - masked_rmse : 10.30962085723877
2025-02-24 02:13:57,059 - masked_mape : 0.513673722743988
2025-02-24 02:13:57,059 - Evaluate on pemsbay_speed_short_term_forecasting:
2025-02-24 02:14:22,167 - masked_mae : 2.212134599685669
2025-02-24 02:14:22,201 - masked_rmse : 4.402957439422607
2025-02-24 02:14:22,267 - masked_mape : 0.04970293864607811
2025-02-24 02:14:22,268 - Evaluate on pemsbay_speed_long_term_forecasting:
2025-02-24 02:15:02,951 - masked_mae : 2.866551160812378
2025-02-24 02:15:03,073 - masked_rmse : 5.809108734130859
2025-02-24 02:15:03,308 - masked_mape : 0.06659262627363205
2025-02-24 02:15:03,309 - Evaluate on metrla_speed_short_term_forecasting:
2025-02-24 02:15:16,767 - masked_mae : 5.3797607421875
2025-02-24 02:15:16,782 - masked_rmse : 9.648821830749512
2025-02-24 02:15:16,809 - masked_mape : 0.12459757924079895
2025-02-24 02:15:16,810 - Evaluate on metrla_speed_long_term_forecasting:
2025-02-24 02:15:36,652 - masked_mae : 6.501417636871338
2025-02-24 02:15:36,703 - masked_rmse : 11.54679012298584
2025-02-24 02:15:36,801 - masked_mape : 0.15121111273765564
2025-02-24 02:15:36,802 - Evaluate on trafficsh_speed_short_term_forecasting:
2025-02-24 02:15:50,653 - masked_mae : 0.673732578754425
2025-02-24 02:15:50,669 - masked_rmse : 0.9875771403312683
2025-02-24 02:15:50,698 - masked_mape : 0.07729988545179367
2025-02-24 02:15:50,698 - Evaluate on trafficsh_speed_long_term_forecasting:
2025-02-24 02:16:10,968 - masked_mae : 0.6214407086372375
2025-02-24 02:16:11,021 - masked_rmse : 0.9614966511726379
2025-02-24 02:16:11,122 - masked_mape : 0.07831979542970657
2025-02-24 02:16:11,122 - Evaluate on bikenyc_inflow_short_term_forecasting:
2025-02-24 02:16:20,587 - masked_mae : 1.0428458452224731
2025-02-24 02:16:20,595 - masked_rmse : 3.1997830867767334
2025-02-24 02:16:20,609 - masked_mape : 0.32867562770843506
2025-02-24 02:16:20,610 - Evaluate on bikenyc_inflow_long_term_forecasting:
2025-02-24 02:16:33,259 - masked_mae : 1.2811673879623413
2025-02-24 02:16:33,286 - masked_rmse : 4.169979572296143
2025-02-24 02:16:33,337 - masked_mape : 0.3866414725780487
2025-02-24 02:16:33,337 - Evaluate on taxinyc_inflow_short_term_forecasting:
2025-02-24 02:16:42,829 - masked_mae : 6.472418308258057
2025-02-24 02:16:42,837 - masked_rmse : 17.24993896484375
2025-02-24 02:16:42,852 - masked_mape : 0.410007119178772
2025-02-24 02:16:42,852 - Evaluate on taxinyc_inflow_long_term_forecasting:
2025-02-24 02:16:55,486 - masked_mae : 7.538243770599365
2025-02-24 02:16:55,512 - masked_rmse : 20.629169464111328
2025-02-24 02:16:55,563 - masked_mape : 0.5166898369789124
2025-02-24 02:16:55,564 - Evaluate on tdrive_inflow_short_term_forecasting:
2025-02-24 02:17:36,011 - masked_mae : 16.7666015625
2025-02-24 02:17:36,072 - masked_rmse : 32.5815544128418
2025-02-24 02:17:36,188 - masked_mape : 0.22526037693023682
2025-02-24 02:17:36,189 - Evaluate on tdrive_inflow_long_term_forecasting:
2025-02-24 02:18:44,709 - masked_mae : 20.101179122924805
2025-02-24 02:18:44,928 - masked_rmse : 38.42879867553711
2025-02-24 02:18:45,346 - masked_mape : 0.3480556905269623
2025-02-24 02:18:45,348 - ************************************************************   Imputation Task   ************************************************************
2025-02-24 02:18:45,349 - Evaluate on pems03_flow_point_imputation:
2025-02-24 02:18:51,311 - masked_mae : 44.3387336730957
2025-02-24 02:18:51,317 - masked_rmse : 66.74077606201172
2025-02-24 02:18:51,327 - masked_mre : 0.26323747634887695
2025-02-24 02:18:51,327 - Evaluate on pems03_flow_block_imputation:
2025-02-24 02:18:57,275 - masked_mae : 73.70661163330078
2025-02-24 02:18:57,276 - masked_rmse : 106.22787475585938
2025-02-24 02:18:57,279 - masked_mre : 0.43887022137641907
2025-02-24 02:18:57,279 - Evaluate on pems04_flow_point_imputation:
2025-02-24 02:19:03,006 - masked_mae : 51.03791809082031
2025-02-24 02:19:03,007 - masked_rmse : 73.04141998291016
2025-02-24 02:19:03,009 - masked_mre : 0.24121320247650146
2025-02-24 02:19:03,013 - Evaluate on pems04_flow_block_imputation:
2025-02-24 02:19:08,765 - masked_mae : 90.55651092529297
2025-02-24 02:19:08,767 - masked_rmse : 123.84249114990234
2025-02-24 02:19:08,770 - masked_mre : 0.43158572912216187
2025-02-24 02:19:08,770 - Evaluate on pems07_flow_point_imputation:
2025-02-24 02:19:15,390 - masked_mae : 73.90233612060547
2025-02-24 02:19:15,408 - masked_rmse : 99.47166442871094
2025-02-24 02:19:15,433 - masked_mre : 0.24028292298316956
2025-02-24 02:19:15,438 - Evaluate on pems07_flow_block_imputation:
2025-02-24 02:19:22,026 - masked_mae : 140.8574676513672
2025-02-24 02:19:22,038 - masked_rmse : 177.4546661376953
2025-02-24 02:19:22,061 - masked_mre : 0.4594537317752838
2025-02-24 02:19:22,061 - Evaluate on pems08_flow_point_imputation:
2025-02-24 02:19:27,645 - masked_mae : 50.56017303466797
2025-02-24 02:19:27,646 - masked_rmse : 69.18006896972656
2025-02-24 02:19:27,647 - masked_mre : 0.22626754641532898
2025-02-24 02:19:27,654 - Evaluate on pems08_flow_block_imputation:
2025-02-24 02:19:33,284 - masked_mae : 100.44879150390625
2025-02-24 02:19:33,284 - masked_rmse : 130.25918579101562
2025-02-24 02:19:33,286 - masked_mre : 0.4507141709327698
2025-02-24 02:19:33,286 - Evaluate on pemsbay_speed_point_imputation:
2025-02-24 02:19:39,563 - masked_mae : 16.22098731994629
2025-02-24 02:19:39,574 - masked_rmse : 18.31891441345215
2025-02-24 02:19:39,589 - masked_mre : 0.268295556306839
2025-02-24 02:19:39,589 - Evaluate on pemsbay_speed_block_imputation:
2025-02-24 02:19:45,839 - masked_mae : 32.635536193847656
2025-02-24 02:19:45,840 - masked_rmse : 34.196964263916016
2025-02-24 02:19:45,848 - masked_mre : 0.5401636958122253
2025-02-24 02:19:45,848 - Evaluate on metrla_speed_point_imputation:
2025-02-24 02:19:51,673 - masked_mae : 16.589637756347656
2025-02-24 02:19:51,677 - masked_rmse : 19.906192779541016
2025-02-24 02:19:51,679 - masked_mre : 0.2991495430469513
2025-02-24 02:19:51,683 - Evaluate on metrla_speed_block_imputation:
2025-02-24 02:19:57,499 - masked_mae : 28.18502426147461
2025-02-24 02:19:57,500 - masked_rmse : 31.086135864257812
2025-02-24 02:19:57,501 - masked_mre : 0.5372790694236755
2025-02-24 02:21:19,711 - [Epoch 12] Pretrain Loss: 24.6540
2025-02-24 02:21:19,712 - ************************************************************   Forecasting Task   ************************************************************
2025-02-24 02:21:19,712 - Evaluate on pems03_flow_short_term_forecasting:
2025-02-24 02:21:35,971 - masked_mae : 18.477224349975586
2025-02-24 02:21:35,991 - masked_rmse : 28.5929012298584
2025-02-24 02:21:36,028 - masked_mape : 0.18180038034915924
2025-02-24 02:21:36,028 - Evaluate on pems03_flow_long_term_forecasting:
2025-02-24 02:22:00,819 - masked_mae : 20.43084144592285
2025-02-24 02:22:00,888 - masked_rmse : 31.686491012573242
2025-02-24 02:22:01,018 - masked_mape : 0.21835951507091522
2025-02-24 02:22:01,019 - Evaluate on pems04_flow_short_term_forecasting:
2025-02-24 02:22:12,536 - masked_mae : 24.251310348510742
2025-02-24 02:22:12,547 - masked_rmse : 37.66434097290039
2025-02-24 02:22:12,569 - masked_mape : 0.16713882982730865
2025-02-24 02:22:12,569 - Evaluate on pems04_flow_long_term_forecasting:
2025-02-24 02:22:28,871 - masked_mae : 27.291372299194336
2025-02-24 02:22:28,910 - masked_rmse : 42.177398681640625
2025-02-24 02:22:28,985 - masked_mape : 0.19646291434764862
2025-02-24 02:22:28,986 - Evaluate on pems07_flow_short_term_forecasting:
2025-02-24 02:23:02,537 - masked_mae : 30.201065063476562
2025-02-24 02:23:02,586 - masked_rmse : 44.079071044921875
2025-02-24 02:23:02,679 - masked_mape : 0.1531892567873001
2025-02-24 02:23:02,681 - Evaluate on pems07_flow_long_term_forecasting:
2025-02-24 02:23:58,745 - masked_mae : 33.10450744628906
2025-02-24 02:23:58,920 - masked_rmse : 48.5742073059082
2025-02-24 02:23:59,256 - masked_mape : 0.16783715784549713
2025-02-24 02:23:59,258 - Evaluate on pems08_flow_short_term_forecasting:
2025-02-24 02:24:08,222 - masked_mae : 21.85120391845703
2025-02-24 02:24:08,230 - masked_rmse : 32.1668586730957
2025-02-24 02:24:08,243 - masked_mape : 0.19121764600276947
2025-02-24 02:24:08,243 - Evaluate on pems08_flow_long_term_forecasting:
2025-02-24 02:24:19,976 - masked_mae : 23.24117088317871
2025-02-24 02:24:19,999 - masked_rmse : 34.71244812011719
2025-02-24 02:24:20,044 - masked_mape : 0.18786591291427612
2025-02-24 02:24:20,045 - Evaluate on occpairs_occupancy_short_term_forecasting:
2025-02-24 02:24:37,637 - masked_mae : 1.1363919973373413
2025-02-24 02:24:37,659 - masked_rmse : 2.4447743892669678
2025-02-24 02:24:37,700 - masked_mape : 0.17045146226882935
2025-02-24 02:24:37,700 - Evaluate on occpairs_occupancy_long_term_forecasting:
2025-02-24 02:25:04,884 - masked_mae : 1.3238372802734375
2025-02-24 02:25:04,961 - masked_rmse : 2.7268335819244385
2025-02-24 02:25:05,107 - masked_mape : 0.208100363612175
2025-02-24 02:25:05,108 - Evaluate on occhamburg_occupancy_short_term_forecasting:
2025-02-24 02:25:18,618 - masked_mae : 6.0951313972473145
2025-02-24 02:25:18,633 - masked_rmse : 10.196638107299805
2025-02-24 02:25:18,661 - masked_mape : 0.49823275208473206
2025-02-24 02:25:18,662 - Evaluate on occhamburg_occupancy_long_term_forecasting:
2025-02-24 02:25:38,634 - masked_mae : 6.2017364501953125
2025-02-24 02:25:38,687 - masked_rmse : 10.257345199584961
2025-02-24 02:25:38,786 - masked_mape : 0.5196706652641296
2025-02-24 02:25:38,786 - Evaluate on pemsbay_speed_short_term_forecasting:
2025-02-24 02:26:03,785 - masked_mae : 2.172852039337158
2025-02-24 02:26:03,820 - masked_rmse : 4.364518165588379
2025-02-24 02:26:03,885 - masked_mape : 0.048399705439805984
2025-02-24 02:26:03,886 - Evaluate on pemsbay_speed_long_term_forecasting:
2025-02-24 02:26:44,327 - masked_mae : 2.854262590408325
2025-02-24 02:26:44,450 - masked_rmse : 5.806023120880127
2025-02-24 02:26:44,685 - masked_mape : 0.06563634425401688
2025-02-24 02:26:44,686 - Evaluate on metrla_speed_short_term_forecasting:
2025-02-24 02:26:58,109 - masked_mae : 5.243180751800537
2025-02-24 02:26:58,124 - masked_rmse : 9.577681541442871
2025-02-24 02:26:58,151 - masked_mape : 0.12173432856798172
2025-02-24 02:26:58,152 - Evaluate on metrla_speed_long_term_forecasting:
2025-02-24 02:27:17,851 - masked_mae : 6.402390956878662
2025-02-24 02:27:17,903 - masked_rmse : 11.513171195983887
2025-02-24 02:27:18,000 - masked_mape : 0.14925478398799896
2025-02-24 02:27:18,001 - Evaluate on trafficsh_speed_short_term_forecasting:
2025-02-24 02:27:31,785 - masked_mae : 0.6400498747825623
2025-02-24 02:27:31,800 - masked_rmse : 0.9530718922615051
2025-02-24 02:27:31,829 - masked_mape : 0.07407397776842117
2025-02-24 02:27:31,830 - Evaluate on trafficsh_speed_long_term_forecasting:
2025-02-24 02:27:52,055 - masked_mae : 0.6103843450546265
2025-02-24 02:27:52,108 - masked_rmse : 0.949487030506134
2025-02-24 02:27:52,209 - masked_mape : 0.07619818300008774
2025-02-24 02:27:52,209 - Evaluate on bikenyc_inflow_short_term_forecasting:
2025-02-24 02:28:01,661 - masked_mae : 1.016623854637146
2025-02-24 02:28:01,669 - masked_rmse : 3.0619640350341797
2025-02-24 02:28:01,684 - masked_mape : 0.32273152470588684
2025-02-24 02:28:01,685 - Evaluate on bikenyc_inflow_long_term_forecasting:
2025-02-24 02:28:14,287 - masked_mae : 1.2644273042678833
2025-02-24 02:28:14,313 - masked_rmse : 4.030872344970703
2025-02-24 02:28:14,364 - masked_mape : 0.3855757713317871
2025-02-24 02:28:14,364 - Evaluate on taxinyc_inflow_short_term_forecasting:
2025-02-24 02:28:23,837 - masked_mae : 6.347742557525635
2025-02-24 02:28:23,845 - masked_rmse : 16.42494773864746
2025-02-24 02:28:23,860 - masked_mape : 0.4340040385723114
2025-02-24 02:28:23,860 - Evaluate on taxinyc_inflow_long_term_forecasting:
2025-02-24 02:28:36,458 - masked_mae : 7.494635105133057
2025-02-24 02:28:36,485 - masked_rmse : 19.888925552368164
2025-02-24 02:28:36,536 - masked_mape : 0.5458962321281433
2025-02-24 02:28:36,536 - Evaluate on tdrive_inflow_short_term_forecasting:
2025-02-24 02:29:16,933 - masked_mae : 15.936650276184082
2025-02-24 02:29:16,994 - masked_rmse : 30.52140235900879
2025-02-24 02:29:17,110 - masked_mape : 0.22963105142116547
2025-02-24 02:29:17,111 - Evaluate on tdrive_inflow_long_term_forecasting:
2025-02-24 02:30:25,367 - masked_mae : 19.455284118652344
2025-02-24 02:30:25,585 - masked_rmse : 36.904937744140625
2025-02-24 02:30:26,003 - masked_mape : 0.3665814697742462
2025-02-24 02:30:26,005 - ************************************************************   Imputation Task   ************************************************************
2025-02-24 02:30:26,005 - Evaluate on pems03_flow_point_imputation:
2025-02-24 02:30:31,976 - masked_mae : 46.12358856201172
2025-02-24 02:30:31,983 - masked_rmse : 69.5206527709961
2025-02-24 02:30:31,994 - masked_mre : 0.2738918960094452
2025-02-24 02:30:31,994 - Evaluate on pems03_flow_block_imputation:
2025-02-24 02:30:37,907 - masked_mae : 77.14482116699219
2025-02-24 02:30:37,908 - masked_rmse : 111.0128402709961
2025-02-24 02:30:37,911 - masked_mre : 0.45938926935195923
2025-02-24 02:30:37,916 - Evaluate on pems04_flow_point_imputation:
2025-02-24 02:30:43,675 - masked_mae : 53.111122131347656
2025-02-24 02:30:43,676 - masked_rmse : 76.153564453125
2025-02-24 02:30:43,679 - masked_mre : 0.25117242336273193
2025-02-24 02:30:43,683 - Evaluate on pems04_flow_block_imputation:
2025-02-24 02:30:49,361 - masked_mae : 95.30854797363281
2025-02-24 02:30:49,363 - masked_rmse : 130.48992919921875
2025-02-24 02:30:49,365 - masked_mre : 0.4543929398059845
2025-02-24 02:30:49,365 - Evaluate on pems07_flow_point_imputation:
2025-02-24 02:30:55,961 - masked_mae : 77.07559204101562
2025-02-24 02:30:55,965 - masked_rmse : 103.8760986328125
2025-02-24 02:30:55,994 - masked_mre : 0.25068199634552
2025-02-24 02:30:55,994 - Evaluate on pems07_flow_block_imputation:
2025-02-24 02:31:02,580 - masked_mae : 147.24942016601562
2025-02-24 02:31:02,591 - masked_rmse : 185.86605834960938
2025-02-24 02:31:02,607 - masked_mre : 0.480331689119339
2025-02-24 02:31:02,607 - Evaluate on pems08_flow_point_imputation:
2025-02-24 02:31:08,204 - masked_mae : 53.032264709472656
2025-02-24 02:31:08,205 - masked_rmse : 72.71897888183594
2025-02-24 02:31:08,206 - masked_mre : 0.23739276826381683
2025-02-24 02:31:08,206 - Evaluate on pems08_flow_block_imputation:
2025-02-24 02:31:13,818 - masked_mae : 105.55523681640625
2025-02-24 02:31:13,819 - masked_rmse : 137.0878448486328
2025-02-24 02:31:13,821 - masked_mre : 0.4736661911010742
2025-02-24 02:31:13,821 - Evaluate on pemsbay_speed_point_imputation:
2025-02-24 02:31:20,089 - masked_mae : 16.963695526123047
2025-02-24 02:31:20,100 - masked_rmse : 18.948928833007812
2025-02-24 02:31:20,117 - masked_mre : 0.28058597445487976
2025-02-24 02:31:20,117 - Evaluate on pemsbay_speed_block_imputation:
2025-02-24 02:31:26,403 - masked_mae : 33.21775436401367
2025-02-24 02:31:26,413 - masked_rmse : 34.726295471191406
2025-02-24 02:31:26,424 - masked_mre : 0.5498051643371582
2025-02-24 02:31:26,429 - Evaluate on metrla_speed_point_imputation:
2025-02-24 02:31:32,232 - masked_mae : 17.20989990234375
2025-02-24 02:31:32,233 - masked_rmse : 20.3951358795166
2025-02-24 02:31:32,235 - masked_mre : 0.3132522702217102
2025-02-24 02:31:32,239 - Evaluate on metrla_speed_block_imputation:
2025-02-24 02:31:38,010 - masked_mae : 28.836687088012695
2025-02-24 02:31:38,011 - masked_rmse : 31.77396583557129
2025-02-24 02:31:38,014 - masked_mre : 0.5518906712532043
2025-02-24 02:33:00,265 - [Epoch 13] Pretrain Loss: 24.6515
2025-02-24 02:33:00,266 - ************************************************************   Forecasting Task   ************************************************************
2025-02-24 02:33:00,266 - Evaluate on pems03_flow_short_term_forecasting:
2025-02-24 02:33:16,700 - masked_mae : 19.00904655456543
2025-02-24 02:33:16,720 - masked_rmse : 29.393264770507812
2025-02-24 02:33:16,757 - masked_mape : 0.18647344410419464
2025-02-24 02:33:16,757 - Evaluate on pems03_flow_long_term_forecasting:
2025-02-24 02:33:41,548 - masked_mae : 21.14607048034668
2025-02-24 02:33:41,617 - masked_rmse : 33.42739486694336
2025-02-24 02:33:41,747 - masked_mape : 0.20868396759033203
2025-02-24 02:33:41,748 - Evaluate on pems04_flow_short_term_forecasting:
2025-02-24 02:33:53,304 - masked_mae : 24.7049560546875
2025-02-24 02:33:53,315 - masked_rmse : 38.159236907958984
2025-02-24 02:33:53,337 - masked_mape : 0.1698334813117981
2025-02-24 02:33:53,337 - Evaluate on pems04_flow_long_term_forecasting:
2025-02-24 02:34:09,624 - masked_mae : 28.058753967285156
2025-02-24 02:34:09,663 - masked_rmse : 43.650028228759766
2025-02-24 02:34:09,738 - masked_mape : 0.19444836676120758
2025-02-24 02:34:09,738 - Evaluate on pems07_flow_short_term_forecasting:
2025-02-24 02:34:43,503 - masked_mae : 30.70906639099121
2025-02-24 02:34:43,552 - masked_rmse : 44.475276947021484
2025-02-24 02:34:43,645 - masked_mape : 0.15957237780094147
2025-02-24 02:34:43,647 - Evaluate on pems07_flow_long_term_forecasting:
2025-02-24 02:35:39,724 - masked_mae : 34.03959274291992
2025-02-24 02:35:39,900 - masked_rmse : 50.23862838745117
2025-02-24 02:35:40,236 - masked_mape : 0.16736988723278046
2025-02-24 02:35:40,237 - Evaluate on pems08_flow_short_term_forecasting:
2025-02-24 02:35:49,267 - masked_mae : 22.271196365356445
2025-02-24 02:35:49,274 - masked_rmse : 32.61921691894531
2025-02-24 02:35:49,287 - masked_mape : 0.20335322618484497
2025-02-24 02:35:49,288 - Evaluate on pems08_flow_long_term_forecasting:
2025-02-24 02:36:01,024 - masked_mae : 24.140676498413086
2025-02-24 02:36:01,047 - masked_rmse : 36.31794357299805
2025-02-24 02:36:01,092 - masked_mape : 0.19180209934711456
2025-02-24 02:36:01,093 - Evaluate on occpairs_occupancy_short_term_forecasting:
2025-02-24 02:36:18,708 - masked_mae : 1.1356232166290283
2025-02-24 02:36:18,730 - masked_rmse : 2.413865804672241
2025-02-24 02:36:18,771 - masked_mape : 0.16886313259601593
2025-02-24 02:36:18,772 - Evaluate on occpairs_occupancy_long_term_forecasting:
2025-02-24 02:36:46,026 - masked_mae : 1.317938208580017
2025-02-24 02:36:46,103 - masked_rmse : 2.7359797954559326
2025-02-24 02:36:46,249 - masked_mape : 0.1997697800397873
2025-02-24 02:36:46,250 - Evaluate on occhamburg_occupancy_short_term_forecasting:
2025-02-24 02:36:59,814 - masked_mae : 6.148613452911377
2025-02-24 02:36:59,829 - masked_rmse : 10.285530090332031
2025-02-24 02:36:59,857 - masked_mape : 0.49478185176849365
2025-02-24 02:36:59,857 - Evaluate on occhamburg_occupancy_long_term_forecasting:
2025-02-24 02:37:19,786 - masked_mae : 6.223927974700928
2025-02-24 02:37:19,838 - masked_rmse : 10.403271675109863
2025-02-24 02:37:19,936 - masked_mape : 0.49683788418769836
2025-02-24 02:37:19,937 - Evaluate on pemsbay_speed_short_term_forecasting:
2025-02-24 02:37:45,101 - masked_mae : 2.1876678466796875
2025-02-24 02:37:45,135 - masked_rmse : 4.3233561515808105
2025-02-24 02:37:45,201 - masked_mape : 0.04896272346377373
2025-02-24 02:37:45,202 - Evaluate on pemsbay_speed_long_term_forecasting:
2025-02-24 02:38:25,910 - masked_mae : 2.802147150039673
2025-02-24 02:38:26,033 - masked_rmse : 5.6580963134765625
2025-02-24 02:38:26,268 - masked_mape : 0.06530574709177017
2025-02-24 02:38:26,269 - Evaluate on metrla_speed_short_term_forecasting:
2025-02-24 02:38:39,709 - masked_mae : 5.351621627807617
2025-02-24 02:38:39,724 - masked_rmse : 9.60746955871582
2025-02-24 02:38:39,752 - masked_mape : 0.12407279759645462
2025-02-24 02:38:39,752 - Evaluate on metrla_speed_long_term_forecasting:
2025-02-24 02:38:59,501 - masked_mae : 6.4419121742248535
2025-02-24 02:38:59,553 - masked_rmse : 11.447005271911621
2025-02-24 02:38:59,650 - masked_mape : 0.1504555344581604
2025-02-24 02:38:59,651 - Evaluate on trafficsh_speed_short_term_forecasting:
2025-02-24 02:39:13,465 - masked_mae : 0.6659175753593445
2025-02-24 02:39:13,481 - masked_rmse : 0.9602749347686768
2025-02-24 02:39:13,510 - masked_mape : 0.07625233381986618
2025-02-24 02:39:13,510 - Evaluate on trafficsh_speed_long_term_forecasting:
2025-02-24 02:39:33,753 - masked_mae : 0.6265057325363159
2025-02-24 02:39:33,806 - masked_rmse : 0.9573293328285217
2025-02-24 02:39:33,907 - masked_mape : 0.07846977561712265
2025-02-24 02:39:33,908 - Evaluate on bikenyc_inflow_short_term_forecasting:
2025-02-24 02:39:43,378 - masked_mae : 1.0352790355682373
2025-02-24 02:39:43,386 - masked_rmse : 3.1583054065704346
2025-02-24 02:39:43,401 - masked_mape : 0.32124587893486023
2025-02-24 02:39:43,402 - Evaluate on bikenyc_inflow_long_term_forecasting:
2025-02-24 02:39:56,013 - masked_mae : 1.2757896184921265
2025-02-24 02:39:56,039 - masked_rmse : 4.210618495941162
2025-02-24 02:39:56,090 - masked_mape : 0.3710673153400421
2025-02-24 02:39:56,090 - Evaluate on taxinyc_inflow_short_term_forecasting:
2025-02-24 02:40:05,549 - masked_mae : 6.374401569366455
2025-02-24 02:40:05,557 - masked_rmse : 16.283151626586914
2025-02-24 02:40:05,572 - masked_mape : 0.4517847001552582
2025-02-24 02:40:05,572 - Evaluate on taxinyc_inflow_long_term_forecasting:
2025-02-24 02:40:18,178 - masked_mae : 7.436953067779541
2025-02-24 02:40:18,204 - masked_rmse : 20.729692459106445
2025-02-24 02:40:18,255 - masked_mape : 0.46634793281555176
2025-02-24 02:40:18,255 - Evaluate on tdrive_inflow_short_term_forecasting:
2025-02-24 02:40:58,796 - masked_mae : 16.20852279663086
2025-02-24 02:40:58,857 - masked_rmse : 30.62980079650879
2025-02-24 02:40:58,973 - masked_mape : 0.2391332983970642
2025-02-24 02:40:58,975 - Evaluate on tdrive_inflow_long_term_forecasting:
2025-02-24 02:42:07,565 - masked_mae : 19.665023803710938
2025-02-24 02:42:07,783 - masked_rmse : 38.45022964477539
2025-02-24 02:42:08,201 - masked_mape : 0.30400797724723816
2025-02-24 02:42:08,203 - ************************************************************   Imputation Task   ************************************************************
2025-02-24 02:42:08,204 - Evaluate on pems03_flow_point_imputation:
2025-02-24 02:42:14,128 - masked_mae : 45.47828674316406
2025-02-24 02:42:14,130 - masked_rmse : 69.0548324584961
2025-02-24 02:42:14,132 - masked_mre : 0.269985556602478
2025-02-24 02:42:14,132 - Evaluate on pems03_flow_block_imputation:
2025-02-24 02:42:20,067 - masked_mae : 74.88199615478516
2025-02-24 02:42:20,068 - masked_rmse : 108.36434936523438
2025-02-24 02:42:20,070 - masked_mre : 0.4459037780761719
2025-02-24 02:42:20,075 - Evaluate on pems04_flow_point_imputation:
2025-02-24 02:42:25,839 - masked_mae : 52.290714263916016
2025-02-24 02:42:25,840 - masked_rmse : 75.80889892578125
2025-02-24 02:42:25,843 - masked_mre : 0.24716655910015106
2025-02-24 02:42:25,848 - Evaluate on pems04_flow_block_imputation:
2025-02-24 02:42:31,572 - masked_mae : 92.5064926147461
2025-02-24 02:42:31,574 - masked_rmse : 127.47371673583984
2025-02-24 02:42:31,576 - masked_mre : 0.44101011753082275
2025-02-24 02:42:31,576 - Evaluate on pems07_flow_point_imputation:
2025-02-24 02:42:38,173 - masked_mae : 75.78289031982422
2025-02-24 02:42:38,191 - masked_rmse : 102.87199401855469
2025-02-24 02:42:38,215 - masked_mre : 0.246310755610466
2025-02-24 02:42:38,221 - Evaluate on pems07_flow_block_imputation:
2025-02-24 02:42:44,788 - masked_mae : 142.97430419921875
2025-02-24 02:42:44,800 - masked_rmse : 181.35107421875
2025-02-24 02:42:44,822 - masked_mre : 0.46635326743125916
2025-02-24 02:42:44,823 - Evaluate on pems08_flow_point_imputation:
2025-02-24 02:42:50,428 - masked_mae : 52.12236404418945
2025-02-24 02:42:50,429 - masked_rmse : 72.1203384399414
2025-02-24 02:42:50,430 - masked_mre : 0.23324471712112427
2025-02-24 02:42:50,431 - Evaluate on pems08_flow_block_imputation:
2025-02-24 02:42:56,049 - masked_mae : 102.18390655517578
2025-02-24 02:42:56,049 - masked_rmse : 133.3428955078125
2025-02-24 02:42:56,051 - masked_mre : 0.45853039622306824
2025-02-24 02:42:56,051 - Evaluate on pemsbay_speed_point_imputation:
2025-02-24 02:43:02,349 - masked_mae : 16.6246395111084
2025-02-24 02:43:02,360 - masked_rmse : 18.498838424682617
2025-02-24 02:43:02,375 - masked_mre : 0.27497705817222595
2025-02-24 02:43:02,376 - Evaluate on pemsbay_speed_block_imputation:
2025-02-24 02:43:08,634 - masked_mae : 32.391170501708984
2025-02-24 02:43:08,643 - masked_rmse : 33.863521575927734
2025-02-24 02:43:08,654 - masked_mre : 0.5361223816871643
2025-02-24 02:43:08,655 - Evaluate on metrla_speed_point_imputation:
2025-02-24 02:43:14,442 - masked_mae : 17.03696632385254
2025-02-24 02:43:14,443 - masked_rmse : 20.113630294799805
2025-02-24 02:43:14,444 - masked_mre : 0.3101579248905182
2025-02-24 02:43:14,445 - Evaluate on metrla_speed_block_imputation:
2025-02-24 02:43:20,222 - masked_mae : 28.1612606048584
2025-02-24 02:43:20,223 - masked_rmse : 31.04966926574707
2025-02-24 02:43:20,224 - masked_mre : 0.5389823317527771
2025-02-24 02:44:42,404 - [Epoch 14] Pretrain Loss: 24.5394
2025-02-24 02:44:42,405 - ************************************************************   Forecasting Task   ************************************************************
2025-02-24 02:44:42,405 - Evaluate on pems03_flow_short_term_forecasting:
2025-02-24 02:44:58,695 - masked_mae : 18.765235900878906
2025-02-24 02:44:58,715 - masked_rmse : 28.91663932800293
2025-02-24 02:44:58,752 - masked_mape : 0.1897115707397461
2025-02-24 02:44:58,752 - Evaluate on pems03_flow_long_term_forecasting:
2025-02-24 02:45:23,418 - masked_mae : 20.49361228942871
2025-02-24 02:45:23,486 - masked_rmse : 32.51004409790039
2025-02-24 02:45:23,616 - masked_mape : 0.20617468655109406
2025-02-24 02:45:23,617 - Evaluate on pems04_flow_short_term_forecasting:
2025-02-24 02:45:35,112 - masked_mae : 24.503000259399414
2025-02-24 02:45:35,124 - masked_rmse : 37.814083099365234
2025-02-24 02:45:35,145 - masked_mape : 0.1716986447572708
2025-02-24 02:45:35,146 - Evaluate on pems04_flow_long_term_forecasting:
2025-02-24 02:45:51,392 - masked_mae : 27.51971435546875
2025-02-24 02:45:51,431 - masked_rmse : 42.85590744018555
2025-02-24 02:45:51,506 - masked_mape : 0.19506607949733734
2025-02-24 02:45:51,507 - Evaluate on pems07_flow_short_term_forecasting:
2025-02-24 02:46:25,240 - masked_mae : 30.23114585876465
2025-02-24 02:46:25,289 - masked_rmse : 43.93336868286133
2025-02-24 02:46:25,383 - masked_mape : 0.15533284842967987
2025-02-24 02:46:25,384 - Evaluate on pems07_flow_long_term_forecasting:
2025-02-24 02:47:21,470 - masked_mae : 33.236053466796875
2025-02-24 02:47:21,645 - masked_rmse : 49.272247314453125
2025-02-24 02:47:21,981 - masked_mape : 0.16450950503349304
2025-02-24 02:47:21,983 - Evaluate on pems08_flow_short_term_forecasting:
2025-02-24 02:47:30,945 - masked_mae : 21.920135498046875
2025-02-24 02:47:30,952 - masked_rmse : 32.16085433959961
2025-02-24 02:47:30,966 - masked_mape : 0.19420252740383148
2025-02-24 02:47:30,966 - Evaluate on pems08_flow_long_term_forecasting:
2025-02-24 02:47:42,709 - masked_mae : 23.351869583129883
2025-02-24 02:47:42,733 - masked_rmse : 35.30120849609375
2025-02-24 02:47:42,778 - masked_mape : 0.18681733310222626
2025-02-24 02:47:42,778 - Evaluate on occpairs_occupancy_short_term_forecasting:
2025-02-24 02:48:00,385 - masked_mae : 1.1578365564346313
2025-02-24 02:48:00,407 - masked_rmse : 2.4747345447540283
2025-02-24 02:48:00,448 - masked_mape : 0.17363233864307404
2025-02-24 02:48:00,449 - Evaluate on occpairs_occupancy_long_term_forecasting:
2025-02-24 02:48:27,750 - masked_mae : 1.3219996690750122
2025-02-24 02:48:27,826 - masked_rmse : 2.772639513015747
2025-02-24 02:48:27,973 - masked_mape : 0.20151712000370026
2025-02-24 02:48:27,974 - Evaluate on occhamburg_occupancy_short_term_forecasting:
2025-02-24 02:48:41,496 - masked_mae : 6.176636219024658
2025-02-24 02:48:41,511 - masked_rmse : 10.257426261901855
2025-02-24 02:48:41,539 - masked_mape : 0.5151941180229187
2025-02-24 02:48:41,539 - Evaluate on occhamburg_occupancy_long_term_forecasting:
2025-02-24 02:49:01,407 - masked_mae : 6.2041802406311035
2025-02-24 02:49:01,459 - masked_rmse : 10.357501029968262
2025-02-24 02:49:01,557 - masked_mape : 0.5031834244728088
2025-02-24 02:49:01,558 - Evaluate on pemsbay_speed_short_term_forecasting:
2025-02-24 02:49:26,532 - masked_mae : 2.1264092922210693
2025-02-24 02:49:26,566 - masked_rmse : 4.2641921043396
2025-02-24 02:49:26,632 - masked_mape : 0.04803900048136711
2025-02-24 02:49:26,633 - Evaluate on pemsbay_speed_long_term_forecasting:
2025-02-24 02:50:07,104 - masked_mae : 2.744337797164917
2025-02-24 02:50:07,226 - masked_rmse : 5.592983722686768
2025-02-24 02:50:07,461 - masked_mape : 0.06494616717100143
2025-02-24 02:50:07,462 - Evaluate on metrla_speed_short_term_forecasting:
2025-02-24 02:50:20,924 - masked_mae : 5.13960075378418
2025-02-24 02:50:20,938 - masked_rmse : 9.47515869140625
2025-02-24 02:50:20,966 - masked_mape : 0.12077268213033676
2025-02-24 02:50:20,967 - Evaluate on metrla_speed_long_term_forecasting:
2025-02-24 02:50:40,684 - masked_mae : 6.290345668792725
2025-02-24 02:50:40,735 - masked_rmse : 11.357378959655762
2025-02-24 02:50:40,833 - masked_mape : 0.14916111528873444
2025-02-24 02:50:40,833 - Evaluate on trafficsh_speed_short_term_forecasting:
2025-02-24 02:50:54,647 - masked_mae : 0.6245220303535461
2025-02-24 02:50:54,663 - masked_rmse : 0.9362942576408386
2025-02-24 02:50:54,692 - masked_mape : 0.07169896364212036
2025-02-24 02:50:54,692 - Evaluate on trafficsh_speed_long_term_forecasting:
2025-02-24 02:51:14,902 - masked_mae : 0.5897254943847656
2025-02-24 02:51:14,955 - masked_rmse : 0.9353254437446594
2025-02-24 02:51:15,056 - masked_mape : 0.07480593770742416
2025-02-24 02:51:15,057 - Evaluate on bikenyc_inflow_short_term_forecasting:
2025-02-24 02:51:24,508 - masked_mae : 1.0498677492141724
2025-02-24 02:51:24,516 - masked_rmse : 3.1327764987945557
2025-02-24 02:51:24,531 - masked_mape : 0.327687531709671
2025-02-24 02:51:24,531 - Evaluate on bikenyc_inflow_long_term_forecasting:
2025-02-24 02:51:37,140 - masked_mae : 1.2551602125167847
2025-02-24 02:51:37,167 - masked_rmse : 4.141332149505615
2025-02-24 02:51:37,217 - masked_mape : 0.37133845686912537
2025-02-24 02:51:37,218 - Evaluate on taxinyc_inflow_short_term_forecasting:
2025-02-24 02:51:46,660 - masked_mae : 6.7562408447265625
2025-02-24 02:51:46,668 - masked_rmse : 17.15089225769043
2025-02-24 02:51:46,683 - masked_mape : 0.50106281042099
2025-02-24 02:51:46,683 - Evaluate on taxinyc_inflow_long_term_forecasting:
2025-02-24 02:51:59,262 - masked_mae : 7.343475818634033
2025-02-24 02:51:59,289 - masked_rmse : 20.577552795410156
2025-02-24 02:51:59,340 - masked_mape : 0.46191635727882385
2025-02-24 02:51:59,340 - Evaluate on tdrive_inflow_short_term_forecasting:
2025-02-24 02:52:39,735 - masked_mae : 16.85114097595215
2025-02-24 02:52:39,796 - masked_rmse : 31.585418701171875
2025-02-24 02:52:39,912 - masked_mape : 0.2641552984714508
2025-02-24 02:52:39,913 - Evaluate on tdrive_inflow_long_term_forecasting:
2025-02-24 02:53:48,322 - masked_mae : 19.141841888427734
2025-02-24 02:53:48,541 - masked_rmse : 37.552249908447266
2025-02-24 02:53:48,959 - masked_mape : 0.3016982972621918
2025-02-24 02:53:48,960 - ************************************************************   Imputation Task   ************************************************************
2025-02-24 02:53:48,961 - Evaluate on pems03_flow_point_imputation:
2025-02-24 02:53:54,921 - masked_mae : 45.49510955810547
2025-02-24 02:53:54,928 - masked_rmse : 69.18033599853516
2025-02-24 02:53:54,939 - masked_mre : 0.2699662744998932
2025-02-24 02:53:54,939 - Evaluate on pems03_flow_block_imputation:
2025-02-24 02:54:00,857 - masked_mae : 74.19507598876953
2025-02-24 02:54:00,858 - masked_rmse : 108.25146484375
2025-02-24 02:54:00,860 - masked_mre : 0.4417325258255005
2025-02-24 02:54:00,860 - Evaluate on pems04_flow_point_imputation:
2025-02-24 02:54:06,611 - masked_mae : 52.194908142089844
2025-02-24 02:54:06,612 - masked_rmse : 75.97193908691406
2025-02-24 02:54:06,613 - masked_mre : 0.24652869999408722
2025-02-24 02:54:06,614 - Evaluate on pems04_flow_block_imputation:
2025-02-24 02:54:12,333 - masked_mae : 91.90013122558594
2025-02-24 02:54:12,338 - masked_rmse : 127.77022552490234
2025-02-24 02:54:12,340 - masked_mre : 0.43797457218170166
2025-02-24 02:54:12,340 - Evaluate on pems07_flow_point_imputation:
2025-02-24 02:54:18,972 - masked_mae : 75.6739730834961
2025-02-24 02:54:18,989 - masked_rmse : 103.12738037109375
2025-02-24 02:54:19,002 - masked_mre : 0.24580733478069305
2025-02-24 02:54:19,002 - Evaluate on pems07_flow_block_imputation:
2025-02-24 02:54:25,607 - masked_mae : 142.39512634277344
2025-02-24 02:54:25,617 - masked_rmse : 181.7786407470703
2025-02-24 02:54:25,636 - masked_mre : 0.46432650089263916
2025-02-24 02:54:25,639 - Evaluate on pems08_flow_point_imputation:
2025-02-24 02:54:31,256 - masked_mae : 52.03738021850586
2025-02-24 02:54:31,257 - masked_rmse : 72.42670440673828
2025-02-24 02:54:31,258 - masked_mre : 0.2327852100133896
2025-02-24 02:54:31,258 - Evaluate on pems08_flow_block_imputation:
2025-02-24 02:54:36,866 - masked_mae : 101.58296966552734
2025-02-24 02:54:36,867 - masked_rmse : 133.72576904296875
2025-02-24 02:54:36,868 - masked_mre : 0.455765962600708
2025-02-24 02:54:36,868 - Evaluate on pemsbay_speed_point_imputation:
2025-02-24 02:54:43,107 - masked_mae : 16.810579299926758
2025-02-24 02:54:43,117 - masked_rmse : 18.631513595581055
2025-02-24 02:54:43,133 - masked_mre : 0.27805420756340027
2025-02-24 02:54:43,133 - Evaluate on pemsbay_speed_block_imputation:
2025-02-24 02:54:49,378 - masked_mae : 32.26696014404297
2025-02-24 02:54:49,379 - masked_rmse : 33.7271614074707
2025-02-24 02:54:49,387 - masked_mre : 0.5340675115585327
2025-02-24 02:54:49,387 - Evaluate on metrla_speed_point_imputation:
2025-02-24 02:54:55,211 - masked_mae : 17.235708236694336
2025-02-24 02:54:55,215 - masked_rmse : 20.23716926574707
2025-02-24 02:54:55,218 - masked_mre : 0.31347981095314026
2025-02-24 02:54:55,223 - Evaluate on metrla_speed_block_imputation:
2025-02-24 02:55:01,018 - masked_mae : 28.084260940551758
2025-02-24 02:55:01,019 - masked_rmse : 30.93320083618164
2025-02-24 02:55:01,021 - masked_mre : 0.5365989208221436
2025-02-24 02:56:23,205 - [Epoch 15] Pretrain Loss: 24.3695
2025-02-24 02:56:23,205 - ************************************************************   Forecasting Task   ************************************************************
2025-02-24 02:56:23,206 - Evaluate on pems03_flow_short_term_forecasting:
2025-02-24 02:56:39,541 - masked_mae : 18.86722755432129
2025-02-24 02:56:39,560 - masked_rmse : 29.29697608947754
2025-02-24 02:56:39,597 - masked_mape : 0.18314163386821747
2025-02-24 02:56:39,598 - Evaluate on pems03_flow_long_term_forecasting:
2025-02-24 02:57:04,323 - masked_mae : 21.040393829345703
2025-02-24 02:57:04,391 - masked_rmse : 33.466487884521484
2025-02-24 02:57:04,522 - masked_mape : 0.21217018365859985
2025-02-24 02:57:04,522 - Evaluate on pems04_flow_short_term_forecasting:
2025-02-24 02:57:16,060 - masked_mae : 24.460542678833008
2025-02-24 02:57:16,072 - masked_rmse : 37.9067268371582
2025-02-24 02:57:16,093 - masked_mape : 0.16656987369060516
2025-02-24 02:57:16,094 - Evaluate on pems04_flow_long_term_forecasting:
2025-02-24 02:57:32,400 - masked_mae : 27.81087303161621
2025-02-24 02:57:32,439 - masked_rmse : 43.36650466918945
2025-02-24 02:57:32,514 - masked_mape : 0.1948559433221817
2025-02-24 02:57:32,514 - Evaluate on pems07_flow_short_term_forecasting:
2025-02-24 02:58:06,281 - masked_mae : 30.36887550354004
2025-02-24 02:58:06,330 - masked_rmse : 44.31696701049805
2025-02-24 02:58:06,424 - masked_mape : 0.1526179015636444
2025-02-24 02:58:06,426 - Evaluate on pems07_flow_long_term_forecasting:
2025-02-24 02:59:02,330 - masked_mae : 33.83291244506836
2025-02-24 02:59:02,505 - masked_rmse : 50.22904586791992
2025-02-24 02:59:02,841 - masked_mape : 0.16672110557556152
2025-02-24 02:59:02,843 - Evaluate on pems08_flow_short_term_forecasting:
2025-02-24 02:59:11,785 - masked_mae : 22.083799362182617
2025-02-24 02:59:11,792 - masked_rmse : 32.51393508911133
2025-02-24 02:59:11,806 - masked_mape : 0.19504453241825104
2025-02-24 02:59:11,806 - Evaluate on pems08_flow_long_term_forecasting:
2025-02-24 02:59:23,527 - masked_mae : 23.685867309570312
2025-02-24 02:59:23,551 - masked_rmse : 35.796146392822266
2025-02-24 02:59:23,595 - masked_mape : 0.19069401919841766
2025-02-24 02:59:23,596 - Evaluate on occpairs_occupancy_short_term_forecasting:
2025-02-24 02:59:41,230 - masked_mae : 1.125010371208191
2025-02-24 02:59:41,252 - masked_rmse : 2.404294729232788
2025-02-24 02:59:41,293 - masked_mape : 0.16680367290973663
2025-02-24 02:59:41,294 - Evaluate on occpairs_occupancy_long_term_forecasting:
2025-02-24 03:00:08,592 - masked_mae : 1.3384853601455688
2025-02-24 03:00:08,669 - masked_rmse : 2.7706260681152344
2025-02-24 03:00:08,815 - masked_mape : 0.20485877990722656
2025-02-24 03:00:08,816 - Evaluate on occhamburg_occupancy_short_term_forecasting:
2025-02-24 03:00:22,358 - masked_mae : 6.15130615234375
2025-02-24 03:00:22,373 - masked_rmse : 10.308920860290527
2025-02-24 03:00:22,401 - masked_mape : 0.49309447407722473
2025-02-24 03:00:22,401 - Evaluate on occhamburg_occupancy_long_term_forecasting:
2025-02-24 03:00:42,393 - masked_mae : 6.2786993980407715
2025-02-24 03:00:42,444 - masked_rmse : 10.456428527832031
2025-02-24 03:00:42,543 - masked_mape : 0.5076608061790466
2025-02-24 03:00:42,544 - Evaluate on pemsbay_speed_short_term_forecasting:
2025-02-24 03:01:07,784 - masked_mae : 2.1518213748931885
2025-02-24 03:01:07,819 - masked_rmse : 4.289626121520996
2025-02-24 03:01:07,884 - masked_mape : 0.04810377582907677
2025-02-24 03:01:07,885 - Evaluate on pemsbay_speed_long_term_forecasting:
2025-02-24 03:01:48,555 - masked_mae : 2.7532501220703125
2025-02-24 03:01:48,677 - masked_rmse : 5.619357585906982
2025-02-24 03:01:48,912 - masked_mape : 0.0646953210234642
2025-02-24 03:01:48,914 - Evaluate on metrla_speed_short_term_forecasting:
2025-02-24 03:02:02,426 - masked_mae : 5.266756534576416
2025-02-24 03:02:02,441 - masked_rmse : 9.607129096984863
2025-02-24 03:02:02,469 - masked_mape : 0.12207654863595963
2025-02-24 03:02:02,469 - Evaluate on metrla_speed_long_term_forecasting:
2025-02-24 03:02:22,290 - masked_mae : 6.407136917114258
2025-02-24 03:02:22,342 - masked_rmse : 11.508919715881348
2025-02-24 03:02:22,439 - masked_mape : 0.14970441162586212
2025-02-24 03:02:22,440 - Evaluate on trafficsh_speed_short_term_forecasting:
2025-02-24 03:02:36,245 - masked_mae : 0.664619505405426
2025-02-24 03:02:36,260 - masked_rmse : 0.9826509356498718
2025-02-24 03:02:36,289 - masked_mape : 0.07605121284723282
2025-02-24 03:02:36,290 - Evaluate on trafficsh_speed_long_term_forecasting:
2025-02-24 03:02:56,619 - masked_mae : 0.6287478804588318
2025-02-24 03:02:56,672 - masked_rmse : 0.9691538214683533
2025-02-24 03:02:56,773 - masked_mape : 0.07769621163606644
2025-02-24 03:02:56,774 - Evaluate on bikenyc_inflow_short_term_forecasting:
2025-02-24 03:03:06,257 - masked_mae : 1.0206118822097778
2025-02-24 03:03:06,265 - masked_rmse : 3.119569778442383
2025-02-24 03:03:06,280 - masked_mape : 0.31856754422187805
2025-02-24 03:03:06,281 - Evaluate on bikenyc_inflow_long_term_forecasting:
2025-02-24 03:03:18,956 - masked_mae : 1.2805732488632202
2025-02-24 03:03:18,983 - masked_rmse : 4.191442489624023
2025-02-24 03:03:19,034 - masked_mape : 0.37855303287506104
2025-02-24 03:03:19,034 - Evaluate on taxinyc_inflow_short_term_forecasting:
2025-02-24 03:03:28,507 - masked_mae : 6.254147052764893
2025-02-24 03:03:28,515 - masked_rmse : 16.341588973999023
2025-02-24 03:03:28,530 - masked_mape : 0.4225693643093109
2025-02-24 03:03:28,531 - Evaluate on taxinyc_inflow_long_term_forecasting:
2025-02-24 03:03:41,138 - masked_mae : 7.4547119140625
2025-02-24 03:03:41,165 - masked_rmse : 20.60553550720215
2025-02-24 03:03:41,215 - masked_mape : 0.4988950192928314
2025-02-24 03:03:41,216 - Evaluate on tdrive_inflow_short_term_forecasting:
2025-02-24 03:04:21,803 - masked_mae : 16.000307083129883
2025-02-24 03:04:21,864 - masked_rmse : 30.65533447265625
2025-02-24 03:04:21,980 - masked_mape : 0.2291492372751236
2025-02-24 03:04:21,982 - Evaluate on tdrive_inflow_long_term_forecasting:
2025-02-24 03:05:30,535 - masked_mae : 19.451955795288086
2025-02-24 03:05:30,753 - masked_rmse : 37.685115814208984
2025-02-24 03:05:31,171 - masked_mape : 0.3345174789428711
2025-02-24 03:05:31,173 - ************************************************************   Imputation Task   ************************************************************
2025-02-24 03:05:31,173 - Evaluate on pems03_flow_point_imputation:
2025-02-24 03:05:37,106 - masked_mae : 46.505069732666016
2025-02-24 03:05:37,110 - masked_rmse : 71.01200866699219
2025-02-24 03:05:37,119 - masked_mre : 0.2759474217891693
2025-02-24 03:05:37,119 - Evaluate on pems03_flow_block_imputation:
2025-02-24 03:05:43,070 - masked_mae : 75.85456848144531
2025-02-24 03:05:43,071 - masked_rmse : 110.66114044189453
2025-02-24 03:05:43,073 - masked_mre : 0.4516085982322693
2025-02-24 03:05:43,078 - Evaluate on pems04_flow_point_imputation:
2025-02-24 03:05:48,821 - masked_mae : 53.429656982421875
2025-02-24 03:05:48,822 - masked_rmse : 78.20503997802734
2025-02-24 03:05:48,824 - masked_mre : 0.25240564346313477
2025-02-24 03:05:48,824 - Evaluate on pems04_flow_block_imputation:
2025-02-24 03:05:54,629 - masked_mae : 93.82567596435547
2025-02-24 03:05:54,634 - masked_rmse : 130.79864501953125
2025-02-24 03:05:54,636 - masked_mre : 0.44720932841300964
2025-02-24 03:05:54,636 - Evaluate on pems07_flow_point_imputation:
2025-02-24 03:06:01,255 - masked_mae : 77.33726501464844
2025-02-24 03:06:01,259 - masked_rmse : 105.68987274169922
2025-02-24 03:06:01,290 - masked_mre : 0.25118812918663025
2025-02-24 03:06:01,294 - Evaluate on pems07_flow_block_imputation:
2025-02-24 03:06:07,922 - masked_mae : 144.5244598388672
2025-02-24 03:06:07,935 - masked_rmse : 184.78248596191406
2025-02-24 03:06:07,958 - masked_mre : 0.47123396396636963
2025-02-24 03:06:07,959 - Evaluate on pems08_flow_point_imputation:
2025-02-24 03:06:13,577 - masked_mae : 53.28266525268555
2025-02-24 03:06:13,578 - masked_rmse : 74.35931396484375
2025-02-24 03:06:13,580 - masked_mre : 0.23833437263965607
2025-02-24 03:06:13,580 - Evaluate on pems08_flow_block_imputation:
2025-02-24 03:06:19,168 - masked_mae : 103.34010314941406
2025-02-24 03:06:19,169 - masked_rmse : 136.2163543701172
2025-02-24 03:06:19,171 - masked_mre : 0.4636256694793701
2025-02-24 03:06:19,171 - Evaluate on pemsbay_speed_point_imputation:
2025-02-24 03:06:25,414 - masked_mae : 16.86102294921875
2025-02-24 03:06:25,424 - masked_rmse : 18.68205451965332
2025-02-24 03:06:25,437 - masked_mre : 0.2788882553577423
2025-02-24 03:06:25,438 - Evaluate on pemsbay_speed_block_imputation:
2025-02-24 03:06:31,697 - masked_mae : 32.00722885131836
2025-02-24 03:06:31,706 - masked_rmse : 33.44404983520508
2025-02-24 03:06:31,716 - masked_mre : 0.5297687649726868
2025-02-24 03:06:31,719 - Evaluate on metrla_speed_point_imputation:
2025-02-24 03:06:37,551 - masked_mae : 17.31772232055664
2025-02-24 03:06:37,553 - masked_rmse : 20.33053970336914
2025-02-24 03:06:37,554 - masked_mre : 0.31618139147758484
2025-02-24 03:06:37,559 - Evaluate on metrla_speed_block_imputation:
2025-02-24 03:06:43,374 - masked_mae : 27.99514389038086
2025-02-24 03:06:43,375 - masked_rmse : 30.86905860900879
2025-02-24 03:06:43,377 - masked_mre : 0.5358232855796814
2025-02-24 03:08:05,548 - [Epoch 16] Pretrain Loss: 24.4028
2025-02-24 03:08:05,549 - ************************************************************   Forecasting Task   ************************************************************
2025-02-24 03:08:05,549 - Evaluate on pems03_flow_short_term_forecasting:
2025-02-24 03:08:21,837 - masked_mae : 18.953317642211914
2025-02-24 03:08:21,857 - masked_rmse : 29.366241455078125
2025-02-24 03:08:21,894 - masked_mape : 0.18309752643108368
2025-02-24 03:08:21,894 - Evaluate on pems03_flow_long_term_forecasting:
2025-02-24 03:08:46,538 - masked_mae : 21.410850524902344
2025-02-24 03:08:46,607 - masked_rmse : 33.88941955566406
2025-02-24 03:08:46,737 - masked_mape : 0.21527348458766937
2025-02-24 03:08:46,738 - Evaluate on pems04_flow_short_term_forecasting:
2025-02-24 03:08:58,215 - masked_mae : 24.472747802734375
2025-02-24 03:08:58,226 - masked_rmse : 37.90345764160156
2025-02-24 03:08:58,248 - masked_mape : 0.16595248878002167
2025-02-24 03:08:58,248 - Evaluate on pems04_flow_long_term_forecasting:
2025-02-24 03:09:14,489 - masked_mae : 28.1689395904541
2025-02-24 03:09:14,528 - masked_rmse : 43.79454040527344
2025-02-24 03:09:14,603 - masked_mape : 0.19623176753520966
2025-02-24 03:09:14,603 - Evaluate on pems07_flow_short_term_forecasting:
2025-02-24 03:09:48,186 - masked_mae : 30.280981063842773
2025-02-24 03:09:48,235 - masked_rmse : 44.17536544799805
2025-02-24 03:09:48,329 - masked_mape : 0.14803162217140198
2025-02-24 03:09:48,330 - Evaluate on pems07_flow_long_term_forecasting:
2025-02-24 03:10:44,370 - masked_mae : 34.26463317871094
2025-02-24 03:10:44,546 - masked_rmse : 50.7056884765625
2025-02-24 03:10:44,882 - masked_mape : 0.16733042895793915
2025-02-24 03:10:44,884 - Evaluate on pems08_flow_short_term_forecasting:
2025-02-24 03:10:53,907 - masked_mae : 21.94635772705078
2025-02-24 03:10:53,914 - masked_rmse : 32.31721878051758
2025-02-24 03:10:53,928 - masked_mape : 0.18307995796203613
2025-02-24 03:10:53,928 - Evaluate on pems08_flow_long_term_forecasting:
2025-02-24 03:11:05,722 - masked_mae : 24.080331802368164
2025-02-24 03:11:05,746 - masked_rmse : 36.20021438598633
2025-02-24 03:11:05,791 - masked_mape : 0.1895129233598709
2025-02-24 03:11:05,791 - Evaluate on occpairs_occupancy_short_term_forecasting:
2025-02-24 03:11:23,366 - masked_mae : 1.143919825553894
2025-02-24 03:11:23,388 - masked_rmse : 2.436634063720703
2025-02-24 03:11:23,429 - masked_mape : 0.1694212555885315
2025-02-24 03:11:23,430 - Evaluate on occpairs_occupancy_long_term_forecasting:
2025-02-24 03:11:50,567 - masked_mae : 1.3439613580703735
2025-02-24 03:11:50,644 - masked_rmse : 2.7925291061401367
2025-02-24 03:11:50,790 - masked_mape : 0.20456479489803314
2025-02-24 03:11:50,791 - Evaluate on occhamburg_occupancy_short_term_forecasting:
2025-02-24 03:12:04,292 - masked_mae : 6.168732166290283
2025-02-24 03:12:04,307 - masked_rmse : 10.327635765075684
2025-02-24 03:12:04,335 - masked_mape : 0.4969923198223114
2025-02-24 03:12:04,335 - Evaluate on occhamburg_occupancy_long_term_forecasting:
2025-02-24 03:12:24,208 - masked_mae : 6.29718542098999
2025-02-24 03:12:24,260 - masked_rmse : 10.487370491027832
2025-02-24 03:12:24,359 - masked_mape : 0.5057254433631897
2025-02-24 03:12:24,359 - Evaluate on pemsbay_speed_short_term_forecasting:
2025-02-24 03:12:49,376 - masked_mae : 2.165184497833252
2025-02-24 03:12:49,410 - masked_rmse : 4.306182384490967
2025-02-24 03:12:49,476 - masked_mape : 0.047956351190805435
2025-02-24 03:12:49,477 - Evaluate on pemsbay_speed_long_term_forecasting:
2025-02-24 03:13:30,091 - masked_mae : 2.768109083175659
2025-02-24 03:13:30,214 - masked_rmse : 5.6173224449157715
2025-02-24 03:13:30,449 - masked_mape : 0.06433375924825668
2025-02-24 03:13:30,451 - Evaluate on metrla_speed_short_term_forecasting:
2025-02-24 03:13:43,846 - masked_mae : 5.279820919036865
2025-02-24 03:13:43,860 - masked_rmse : 9.61362361907959
2025-02-24 03:13:43,888 - masked_mape : 0.12188440561294556
2025-02-24 03:13:43,889 - Evaluate on metrla_speed_long_term_forecasting:
2025-02-24 03:14:03,605 - masked_mae : 6.45349645614624
2025-02-24 03:14:03,656 - masked_rmse : 11.513587951660156
2025-02-24 03:14:03,754 - masked_mape : 0.1497308909893036
2025-02-24 03:14:03,755 - Evaluate on trafficsh_speed_short_term_forecasting:
2025-02-24 03:14:17,535 - masked_mae : 0.6603628396987915
2025-02-24 03:14:17,551 - masked_rmse : 0.9706239700317383
2025-02-24 03:14:17,580 - masked_mape : 0.0768718421459198
2025-02-24 03:14:17,580 - Evaluate on trafficsh_speed_long_term_forecasting:
2025-02-24 03:14:37,801 - masked_mae : 0.6425409317016602
2025-02-24 03:14:37,854 - masked_rmse : 0.9769153594970703
2025-02-24 03:14:37,955 - masked_mape : 0.07957164198160172
2025-02-24 03:14:37,956 - Evaluate on bikenyc_inflow_short_term_forecasting:
2025-02-24 03:14:47,451 - masked_mae : 1.0332181453704834
2025-02-24 03:14:47,459 - masked_rmse : 3.1303157806396484
2025-02-24 03:14:47,474 - masked_mape : 0.32181477546691895
2025-02-24 03:14:47,474 - Evaluate on bikenyc_inflow_long_term_forecasting:
2025-02-24 03:15:00,094 - masked_mae : 1.284734845161438
2025-02-24 03:15:00,121 - masked_rmse : 4.185847282409668
2025-02-24 03:15:00,171 - masked_mape : 0.37984761595726013
2025-02-24 03:15:00,172 - Evaluate on taxinyc_inflow_short_term_forecasting:
2025-02-24 03:15:09,660 - masked_mae : 6.566747665405273
2025-02-24 03:15:09,668 - masked_rmse : 17.048646926879883
2025-02-24 03:15:09,683 - masked_mape : 0.45089390873908997
2025-02-24 03:15:09,684 - Evaluate on taxinyc_inflow_long_term_forecasting:
2025-02-24 03:15:22,263 - masked_mae : 7.5166335105896
2025-02-24 03:15:22,290 - masked_rmse : 20.770017623901367
2025-02-24 03:15:22,340 - masked_mape : 0.4942117929458618
2025-02-24 03:15:22,341 - Evaluate on tdrive_inflow_short_term_forecasting:
2025-02-24 03:16:02,719 - masked_mae : 16.528989791870117
2025-02-24 03:16:02,780 - masked_rmse : 31.46309471130371
2025-02-24 03:16:02,896 - masked_mape : 0.23594248294830322
2025-02-24 03:16:02,898 - Evaluate on tdrive_inflow_long_term_forecasting:
2025-02-24 03:17:11,111 - masked_mae : 19.677356719970703
2025-02-24 03:17:11,329 - masked_rmse : 37.97093200683594
2025-02-24 03:17:11,747 - masked_mape : 0.32913342118263245
2025-02-24 03:17:11,749 - ************************************************************   Imputation Task   ************************************************************
2025-02-24 03:17:11,749 - Evaluate on pems03_flow_point_imputation:
2025-02-24 03:17:17,708 - masked_mae : 46.53681945800781
2025-02-24 03:17:17,709 - masked_rmse : 70.69568634033203
2025-02-24 03:17:17,718 - masked_mre : 0.27618134021759033
2025-02-24 03:17:17,718 - Evaluate on pems03_flow_block_imputation:
2025-02-24 03:17:23,672 - masked_mae : 76.85428619384766
2025-02-24 03:17:23,674 - masked_rmse : 111.28218078613281
2025-02-24 03:17:23,676 - masked_mre : 0.4576264023780823
2025-02-24 03:17:23,676 - Evaluate on pems04_flow_point_imputation:
2025-02-24 03:17:29,464 - masked_mae : 53.81189727783203
2025-02-24 03:17:29,466 - masked_rmse : 78.26445770263672
2025-02-24 03:17:29,468 - masked_mre : 0.25430822372436523
2025-02-24 03:17:29,469 - Evaluate on pems04_flow_block_imputation:
2025-02-24 03:17:35,260 - masked_mae : 95.26071166992188
2025-02-24 03:17:35,261 - masked_rmse : 131.72216796875
2025-02-24 03:17:35,263 - masked_mre : 0.45421433448791504
2025-02-24 03:17:35,263 - Evaluate on pems07_flow_point_imputation:
2025-02-24 03:17:41,898 - masked_mae : 77.63813018798828
2025-02-24 03:17:41,915 - masked_rmse : 105.60039520263672
2025-02-24 03:17:41,927 - masked_mre : 0.2521953582763672
2025-02-24 03:17:41,927 - Evaluate on pems07_flow_block_imputation:
2025-02-24 03:17:48,536 - masked_mae : 146.68382263183594
2025-02-24 03:17:48,547 - masked_rmse : 186.5430145263672
2025-02-24 03:17:48,568 - masked_mre : 0.47837692499160767
2025-02-24 03:17:48,576 - Evaluate on pems08_flow_point_imputation:
2025-02-24 03:17:54,200 - masked_mae : 53.544105529785156
2025-02-24 03:17:54,201 - masked_rmse : 74.23727416992188
2025-02-24 03:17:54,202 - masked_mre : 0.2395457923412323
2025-02-24 03:17:54,202 - Evaluate on pems08_flow_block_imputation:
2025-02-24 03:17:59,819 - masked_mae : 104.97427368164062
2025-02-24 03:17:59,819 - masked_rmse : 137.33468627929688
2025-02-24 03:17:59,820 - masked_mre : 0.4710296094417572
2025-02-24 03:17:59,820 - Evaluate on pemsbay_speed_point_imputation:
2025-02-24 03:18:06,082 - masked_mae : 16.86811637878418
2025-02-24 03:18:06,092 - masked_rmse : 18.744871139526367
2025-02-24 03:18:06,105 - masked_mre : 0.27900490164756775
2025-02-24 03:18:06,106 - Evaluate on pemsbay_speed_block_imputation:
2025-02-24 03:18:12,415 - masked_mae : 32.42463684082031
2025-02-24 03:18:12,424 - masked_rmse : 33.84736251831055
2025-02-24 03:18:12,435 - masked_mre : 0.5366784930229187
2025-02-24 03:18:12,435 - Evaluate on metrla_speed_point_imputation:
2025-02-24 03:18:18,263 - masked_mae : 17.343168258666992
2025-02-24 03:18:18,264 - masked_rmse : 20.393260955810547
2025-02-24 03:18:18,266 - masked_mre : 0.3172500431537628
2025-02-24 03:18:18,266 - Evaluate on metrla_speed_block_imputation:
2025-02-24 03:18:24,099 - masked_mae : 28.315519332885742
2025-02-24 03:18:24,100 - masked_rmse : 31.218687057495117
2025-02-24 03:18:24,102 - masked_mre : 0.5434048175811768
2025-02-24 03:19:46,331 - [Epoch 17] Pretrain Loss: 24.2498
2025-02-24 03:19:46,332 - ************************************************************   Forecasting Task   ************************************************************
2025-02-24 03:19:46,332 - Evaluate on pems03_flow_short_term_forecasting:
2025-02-24 03:20:02,750 - masked_mae : 18.50235939025879
2025-02-24 03:20:02,769 - masked_rmse : 28.426733016967773
2025-02-24 03:20:02,806 - masked_mape : 0.1899799108505249
2025-02-24 03:20:02,807 - Evaluate on pems03_flow_long_term_forecasting:
2025-02-24 03:20:27,620 - masked_mae : 20.3232479095459
2025-02-24 03:20:27,689 - masked_rmse : 32.20073318481445
2025-02-24 03:20:27,819 - masked_mape : 0.20498327910900116
2025-02-24 03:20:27,820 - Evaluate on pems04_flow_short_term_forecasting:
2025-02-24 03:20:39,361 - masked_mae : 24.19382667541504
2025-02-24 03:20:39,372 - masked_rmse : 37.29228591918945
2025-02-24 03:20:39,394 - masked_mape : 0.1715143918991089
2025-02-24 03:20:39,394 - Evaluate on pems04_flow_long_term_forecasting:
2025-02-24 03:20:55,713 - masked_mae : 27.33100128173828
2025-02-24 03:20:55,753 - masked_rmse : 42.51411819458008
2025-02-24 03:20:55,828 - masked_mape : 0.1937856674194336
2025-02-24 03:20:55,828 - Evaluate on pems07_flow_short_term_forecasting:
2025-02-24 03:21:29,720 - masked_mae : 29.702489852905273
2025-02-24 03:21:29,769 - masked_rmse : 43.2397575378418
2025-02-24 03:21:29,863 - masked_mape : 0.1508251130580902
2025-02-24 03:21:29,864 - Evaluate on pems07_flow_long_term_forecasting:
2025-02-24 03:22:26,039 - masked_mae : 32.99106216430664
2025-02-24 03:22:26,215 - masked_rmse : 48.89888381958008
2025-02-24 03:22:26,551 - masked_mape : 0.16404643654823303
2025-02-24 03:22:26,553 - Evaluate on pems08_flow_short_term_forecasting:
2025-02-24 03:22:35,506 - masked_mae : 21.418516159057617
2025-02-24 03:22:35,514 - masked_rmse : 31.532541275024414
2025-02-24 03:22:35,527 - masked_mape : 0.1878778487443924
2025-02-24 03:22:35,527 - Evaluate on pems08_flow_long_term_forecasting:
2025-02-24 03:22:47,272 - masked_mae : 22.98353385925293
2025-02-24 03:22:47,296 - masked_rmse : 34.67139434814453
2025-02-24 03:22:47,340 - masked_mape : 0.18838715553283691
2025-02-24 03:22:47,341 - Evaluate on occpairs_occupancy_short_term_forecasting:
2025-02-24 03:23:05,034 - masked_mae : 1.1574822664260864
2025-02-24 03:23:05,056 - masked_rmse : 2.3868978023529053
2025-02-24 03:23:05,097 - masked_mape : 0.17914807796478271
2025-02-24 03:23:05,098 - Evaluate on occpairs_occupancy_long_term_forecasting:
2025-02-24 03:23:32,511 - masked_mae : 1.2983996868133545
2025-02-24 03:23:32,588 - masked_rmse : 2.7099497318267822
2025-02-24 03:23:32,734 - masked_mape : 0.19697922468185425
2025-02-24 03:23:32,735 - Evaluate on occhamburg_occupancy_short_term_forecasting:
2025-02-24 03:23:46,318 - masked_mae : 6.217861175537109
2025-02-24 03:23:46,333 - masked_rmse : 10.298223495483398
2025-02-24 03:23:46,361 - masked_mape : 0.5203261375427246
2025-02-24 03:23:46,362 - Evaluate on occhamburg_occupancy_long_term_forecasting:
2025-02-24 03:24:06,340 - masked_mae : 6.193154811859131
2025-02-24 03:24:06,391 - masked_rmse : 10.342780113220215
2025-02-24 03:24:06,490 - masked_mape : 0.500754177570343
2025-02-24 03:24:06,491 - Evaluate on pemsbay_speed_short_term_forecasting:
2025-02-24 03:24:44,016 - masked_mae : 2.1089975833892822
2025-02-24 03:24:44,050 - masked_rmse : 4.248831748962402
2025-02-24 03:24:44,116 - masked_mape : 0.04733317717909813
2025-02-24 03:24:44,117 - Evaluate on pemsbay_speed_long_term_forecasting:
2025-02-24 03:25:25,043 - masked_mae : 2.7372334003448486
2025-02-24 03:25:25,166 - masked_rmse : 5.564656734466553
2025-02-24 03:25:25,401 - masked_mape : 0.06430710107088089
2025-02-24 03:25:25,403 - Evaluate on metrla_speed_short_term_forecasting:
2025-02-24 03:25:38,830 - masked_mae : 5.087790012359619
2025-02-24 03:25:38,844 - masked_rmse : 9.514006614685059
2025-02-24 03:25:38,872 - masked_mape : 0.11947759985923767
2025-02-24 03:25:38,873 - Evaluate on metrla_speed_long_term_forecasting:
2025-02-24 03:25:58,680 - masked_mae : 6.263963222503662
2025-02-24 03:25:58,731 - masked_rmse : 11.412190437316895
2025-02-24 03:25:58,828 - masked_mape : 0.1479821354150772
2025-02-24 03:25:58,829 - Evaluate on trafficsh_speed_short_term_forecasting:
2025-02-24 03:26:12,655 - masked_mae : 0.6090428233146667
2025-02-24 03:26:12,670 - masked_rmse : 0.9334430694580078
2025-02-24 03:26:12,699 - masked_mape : 0.06972917169332504
2025-02-24 03:26:12,700 - Evaluate on trafficsh_speed_long_term_forecasting:
2025-02-24 03:26:32,943 - masked_mae : 0.5992193818092346
2025-02-24 03:26:32,995 - masked_rmse : 0.9469620585441589
2025-02-24 03:26:33,096 - masked_mape : 0.0745687410235405
2025-02-24 03:26:33,097 - Evaluate on bikenyc_inflow_short_term_forecasting:
2025-02-24 03:26:42,575 - masked_mae : 1.0592349767684937
2025-02-24 03:26:42,583 - masked_rmse : 3.0823726654052734
2025-02-24 03:26:42,598 - masked_mape : 0.33142995834350586
2025-02-24 03:26:42,598 - Evaluate on bikenyc_inflow_long_term_forecasting:
2025-02-24 03:26:55,212 - masked_mae : 1.2374516725540161
2025-02-24 03:26:55,239 - masked_rmse : 4.019761085510254
2025-02-24 03:26:55,289 - masked_mape : 0.3658495843410492
2025-02-24 03:26:55,290 - Evaluate on taxinyc_inflow_short_term_forecasting:
2025-02-24 03:27:04,739 - masked_mae : 6.899043560028076
2025-02-24 03:27:04,747 - masked_rmse : 16.598474502563477
2025-02-24 03:27:04,762 - masked_mape : 0.5743089914321899
2025-02-24 03:27:04,762 - Evaluate on taxinyc_inflow_long_term_forecasting:
2025-02-24 03:27:17,419 - masked_mae : 7.304958343505859
2025-02-24 03:27:17,446 - masked_rmse : 19.93840980529785
2025-02-24 03:27:17,497 - masked_mape : 0.47995391488075256
2025-02-24 03:27:17,497 - Evaluate on tdrive_inflow_short_term_forecasting:
2025-02-24 03:27:58,115 - masked_mae : 16.62053108215332
2025-02-24 03:27:58,176 - masked_rmse : 30.204833984375
2025-02-24 03:27:58,292 - masked_mape : 0.29305702447891235
2025-02-24 03:27:58,293 - Evaluate on tdrive_inflow_long_term_forecasting:
2025-02-24 03:29:06,767 - masked_mae : 18.36562156677246
2025-02-24 03:29:06,985 - masked_rmse : 35.93115997314453
2025-02-24 03:29:07,403 - masked_mape : 0.293948233127594
2025-02-24 03:29:07,405 - ************************************************************   Imputation Task   ************************************************************
2025-02-24 03:29:07,405 - Evaluate on pems03_flow_point_imputation:
2025-02-24 03:29:13,319 - masked_mae : 46.24695587158203
2025-02-24 03:29:13,321 - masked_rmse : 70.87589263916016
2025-02-24 03:29:13,323 - masked_mre : 0.27441132068634033
2025-02-24 03:29:13,324 - Evaluate on pems03_flow_block_imputation:
2025-02-24 03:29:19,261 - masked_mae : 75.97266387939453
2025-02-24 03:29:19,263 - masked_rmse : 111.26229095458984
2025-02-24 03:29:19,265 - masked_mre : 0.45230379700660706
2025-02-24 03:29:19,265 - Evaluate on pems04_flow_point_imputation:
2025-02-24 03:29:25,006 - masked_mae : 53.23897171020508
2025-02-24 03:29:25,007 - masked_rmse : 78.52781677246094
2025-02-24 03:29:25,009 - masked_mre : 0.25155559182167053
2025-02-24 03:29:25,009 - Evaluate on pems04_flow_block_imputation:
2025-02-24 03:29:30,777 - masked_mae : 94.06617736816406
2025-02-24 03:29:30,780 - masked_rmse : 131.7401123046875
2025-02-24 03:29:30,782 - masked_mre : 0.4484250843524933
2025-02-24 03:29:30,782 - Evaluate on pems07_flow_point_imputation:
2025-02-24 03:29:37,380 - masked_mae : 76.49057006835938
2025-02-24 03:29:37,397 - masked_rmse : 105.38868713378906
2025-02-24 03:29:37,416 - masked_mre : 0.24847297370433807
2025-02-24 03:29:37,416 - Evaluate on pems07_flow_block_imputation:
2025-02-24 03:29:44,025 - masked_mae : 144.75306701660156
2025-02-24 03:29:44,035 - masked_rmse : 185.75534057617188
2025-02-24 03:29:44,055 - masked_mre : 0.47197532653808594
2025-02-24 03:29:44,055 - Evaluate on pems08_flow_point_imputation:
2025-02-24 03:29:49,684 - masked_mae : 52.48237991333008
2025-02-24 03:29:49,684 - masked_rmse : 73.89635467529297
2025-02-24 03:29:49,686 - masked_mre : 0.23478156328201294
2025-02-24 03:29:49,686 - Evaluate on pems08_flow_block_imputation:
2025-02-24 03:29:55,297 - masked_mae : 103.40398406982422
2025-02-24 03:29:55,297 - masked_rmse : 136.8594970703125
2025-02-24 03:29:55,299 - masked_mre : 0.4639184772968292
2025-02-24 03:29:55,299 - Evaluate on pemsbay_speed_point_imputation:
2025-02-24 03:30:01,545 - masked_mae : 16.624706268310547
2025-02-24 03:30:01,554 - masked_rmse : 18.50575065612793
2025-02-24 03:30:01,568 - masked_mre : 0.27497872710227966
2025-02-24 03:30:01,568 - Evaluate on pemsbay_speed_block_imputation:
2025-02-24 03:30:07,867 - masked_mae : 31.771995544433594
2025-02-24 03:30:07,868 - masked_rmse : 33.18801498413086
2025-02-24 03:30:07,877 - masked_mre : 0.5258759260177612
2025-02-24 03:30:07,877 - Evaluate on metrla_speed_point_imputation:
2025-02-24 03:30:13,691 - masked_mae : 17.081745147705078
2025-02-24 03:30:13,695 - masked_rmse : 20.117624282836914
2025-02-24 03:30:13,697 - masked_mre : 0.31259292364120483
2025-02-24 03:30:13,702 - Evaluate on metrla_speed_block_imputation:
2025-02-24 03:30:19,571 - masked_mae : 27.84084701538086
2025-02-24 03:30:19,572 - masked_rmse : 30.731258392333984
2025-02-24 03:30:19,574 - masked_mre : 0.5338461995124817
2025-02-24 03:31:41,847 - [Epoch 18] Pretrain Loss: 24.2135
2025-02-24 03:31:41,848 - ************************************************************   Forecasting Task   ************************************************************
2025-02-24 03:31:41,848 - Evaluate on pems03_flow_short_term_forecasting:
2025-02-24 03:31:58,196 - masked_mae : 18.52996826171875
2025-02-24 03:31:58,215 - masked_rmse : 28.411649703979492
2025-02-24 03:31:58,252 - masked_mape : 0.1888170689344406
2025-02-24 03:31:58,253 - Evaluate on pems03_flow_long_term_forecasting:
2025-02-24 03:32:22,941 - masked_mae : 21.399808883666992
2025-02-24 03:32:23,009 - masked_rmse : 34.00148010253906
2025-02-24 03:32:23,139 - masked_mape : 0.2179933786392212
2025-02-24 03:32:23,140 - Evaluate on pems04_flow_short_term_forecasting:
2025-02-24 03:32:34,648 - masked_mae : 24.321165084838867
2025-02-24 03:32:34,659 - masked_rmse : 37.39693069458008
2025-02-24 03:32:34,681 - masked_mape : 0.17017720639705658
2025-02-24 03:32:34,681 - Evaluate on pems04_flow_long_term_forecasting:
2025-02-24 03:32:50,931 - masked_mae : 28.47316551208496
2025-02-24 03:32:50,970 - masked_rmse : 44.260501861572266
2025-02-24 03:32:51,045 - masked_mape : 0.20014677941799164
2025-02-24 03:32:51,046 - Evaluate on pems07_flow_short_term_forecasting:
2025-02-24 03:33:24,556 - masked_mae : 29.532989501953125
2025-02-24 03:33:24,605 - masked_rmse : 42.79779052734375
2025-02-24 03:33:24,699 - masked_mape : 0.14883533120155334
2025-02-24 03:33:24,700 - Evaluate on pems07_flow_long_term_forecasting:
2025-02-24 03:34:20,833 - masked_mae : 34.4485969543457
2025-02-24 03:34:21,008 - masked_rmse : 50.91950607299805
2025-02-24 03:34:21,345 - masked_mape : 0.17195314168930054
2025-02-24 03:34:21,346 - Evaluate on pems08_flow_short_term_forecasting:
2025-02-24 03:34:30,337 - masked_mae : 21.195714950561523
2025-02-24 03:34:30,345 - masked_rmse : 31.104066848754883
2025-02-24 03:34:30,358 - masked_mape : 0.18204505741596222
2025-02-24 03:34:30,358 - Evaluate on pems08_flow_long_term_forecasting:
2025-02-24 03:34:42,061 - masked_mae : 24.07139015197754
2025-02-24 03:34:42,084 - masked_rmse : 36.22722244262695
2025-02-24 03:34:42,129 - masked_mape : 0.19370479881763458
2025-02-24 03:34:42,130 - Evaluate on occpairs_occupancy_short_term_forecasting:
2025-02-24 03:34:59,700 - masked_mae : 1.1375278234481812
2025-02-24 03:34:59,722 - masked_rmse : 2.287734270095825
2025-02-24 03:34:59,763 - masked_mape : 0.17515619099140167
2025-02-24 03:34:59,764 - Evaluate on occpairs_occupancy_long_term_forecasting:
2025-02-24 03:35:26,918 - masked_mae : 1.3222134113311768
2025-02-24 03:35:26,994 - masked_rmse : 2.7306766510009766
2025-02-24 03:35:27,141 - masked_mape : 0.1992570161819458
2025-02-24 03:35:27,142 - Evaluate on occhamburg_occupancy_short_term_forecasting:
2025-02-24 03:35:40,606 - masked_mae : 6.264400959014893
2025-02-24 03:35:40,621 - masked_rmse : 10.40811538696289
2025-02-24 03:35:40,649 - masked_mape : 0.5073143243789673
2025-02-24 03:35:40,649 - Evaluate on occhamburg_occupancy_long_term_forecasting:
2025-02-24 03:36:00,551 - masked_mae : 6.300225734710693
2025-02-24 03:36:00,603 - masked_rmse : 10.523262977600098
2025-02-24 03:36:00,702 - masked_mape : 0.5000141859054565
2025-02-24 03:36:00,702 - Evaluate on pemsbay_speed_short_term_forecasting:
2025-02-24 03:36:25,727 - masked_mae : 2.125041961669922
2025-02-24 03:36:25,762 - masked_rmse : 4.287841796875
2025-02-24 03:36:25,827 - masked_mape : 0.047386836260557175
2025-02-24 03:36:25,828 - Evaluate on pemsbay_speed_long_term_forecasting:
2025-02-24 03:37:06,496 - masked_mae : 2.77990460395813
2025-02-24 03:37:06,619 - masked_rmse : 5.6390700340271
2025-02-24 03:37:06,854 - masked_mape : 0.06467282772064209
2025-02-24 03:37:06,855 - Evaluate on metrla_speed_short_term_forecasting:
2025-02-24 03:37:20,286 - masked_mae : 5.213967800140381
2025-02-24 03:37:20,301 - masked_rmse : 9.585640907287598
2025-02-24 03:37:20,328 - masked_mape : 0.12131205201148987
2025-02-24 03:37:20,329 - Evaluate on metrla_speed_long_term_forecasting:
2025-02-24 03:37:40,039 - masked_mae : 6.451063632965088
2025-02-24 03:37:40,090 - masked_rmse : 11.524584770202637
2025-02-24 03:37:40,188 - masked_mape : 0.15025122463703156
2025-02-24 03:37:40,189 - Evaluate on trafficsh_speed_short_term_forecasting:
2025-02-24 03:37:53,975 - masked_mae : 0.5892322659492493
2025-02-24 03:37:53,991 - masked_rmse : 0.8788074851036072
2025-02-24 03:37:54,020 - masked_mape : 0.06916462630033493
2025-02-24 03:37:54,020 - Evaluate on trafficsh_speed_long_term_forecasting:
2025-02-24 03:38:14,203 - masked_mae : 0.6134274005889893
2025-02-24 03:38:14,256 - masked_rmse : 0.9411571621894836
2025-02-24 03:38:14,357 - masked_mape : 0.07659382373094559
2025-02-24 03:38:14,358 - Evaluate on bikenyc_inflow_short_term_forecasting:
2025-02-24 03:38:23,850 - masked_mae : 1.0486410856246948
2025-02-24 03:38:23,858 - masked_rmse : 3.0985615253448486
2025-02-24 03:38:23,873 - masked_mape : 0.32970958948135376
2025-02-24 03:38:23,873 - Evaluate on bikenyc_inflow_long_term_forecasting:
2025-02-24 03:38:36,489 - masked_mae : 1.2886302471160889
2025-02-24 03:38:36,516 - masked_rmse : 4.216373920440674
2025-02-24 03:38:36,567 - masked_mape : 0.3779637813568115
2025-02-24 03:38:36,567 - Evaluate on taxinyc_inflow_short_term_forecasting:
2025-02-24 03:38:46,041 - masked_mae : 6.621359348297119
2025-02-24 03:38:46,049 - masked_rmse : 15.73532485961914
2025-02-24 03:38:46,064 - masked_mape : 0.5396655201911926
2025-02-24 03:38:46,064 - Evaluate on taxinyc_inflow_long_term_forecasting:
2025-02-24 03:38:58,665 - masked_mae : 7.592477798461914
2025-02-24 03:38:58,691 - masked_rmse : 20.74424171447754
2025-02-24 03:38:58,742 - masked_mape : 0.495534747838974
2025-02-24 03:38:58,742 - Evaluate on tdrive_inflow_short_term_forecasting:
2025-02-24 03:39:39,573 - masked_mae : 16.34076690673828
2025-02-24 03:39:39,633 - masked_rmse : 29.559371948242188
2025-02-24 03:39:39,749 - masked_mape : 0.28072914481163025
2025-02-24 03:39:39,751 - Evaluate on tdrive_inflow_long_term_forecasting:
2025-02-24 03:40:48,337 - masked_mae : 19.84387969970703
2025-02-24 03:40:48,555 - masked_rmse : 38.540103912353516
2025-02-24 03:40:48,973 - masked_mape : 0.32263436913490295
2025-02-24 03:40:48,975 - ************************************************************   Imputation Task   ************************************************************
2025-02-24 03:40:48,975 - Evaluate on pems03_flow_point_imputation:
2025-02-24 03:40:54,905 - masked_mae : 47.11518859863281
2025-02-24 03:40:54,909 - masked_rmse : 72.1578598022461
2025-02-24 03:40:54,912 - masked_mre : 0.2795538008213043
2025-02-24 03:40:54,912 - Evaluate on pems03_flow_block_imputation:
2025-02-24 03:41:00,839 - masked_mae : 77.16915893554688
2025-02-24 03:41:00,842 - masked_rmse : 112.99691009521484
2025-02-24 03:41:00,845 - masked_mre : 0.4594215452671051
2025-02-24 03:41:00,850 - Evaluate on pems04_flow_point_imputation:
2025-02-24 03:41:06,597 - masked_mae : 54.2286491394043
2025-02-24 03:41:06,599 - masked_rmse : 79.91726684570312
2025-02-24 03:41:06,602 - masked_mre : 0.25622233748435974
2025-02-24 03:41:06,602 - Evaluate on pems04_flow_block_imputation:
2025-02-24 03:41:12,323 - masked_mae : 95.19422912597656
2025-02-24 03:41:12,325 - masked_rmse : 133.29222106933594
2025-02-24 03:41:12,327 - masked_mre : 0.4538177251815796
2025-02-24 03:41:12,327 - Evaluate on pems07_flow_point_imputation:
2025-02-24 03:41:18,981 - masked_mae : 77.78593444824219
2025-02-24 03:41:18,985 - masked_rmse : 107.17386627197266
2025-02-24 03:41:19,009 - masked_mre : 0.2526015043258667
2025-02-24 03:41:19,014 - Evaluate on pems07_flow_block_imputation:
2025-02-24 03:41:25,604 - masked_mae : 146.75045776367188
2025-02-24 03:41:25,614 - masked_rmse : 188.29925537109375
2025-02-24 03:41:25,632 - masked_mre : 0.47845587134361267
2025-02-24 03:41:25,638 - Evaluate on pems08_flow_point_imputation:
2025-02-24 03:41:31,270 - masked_mae : 53.73761749267578
2025-02-24 03:41:31,271 - masked_rmse : 75.51060485839844
2025-02-24 03:41:31,273 - masked_mre : 0.24037642776966095
2025-02-24 03:41:31,274 - Evaluate on pems08_flow_block_imputation:
2025-02-24 03:41:36,871 - masked_mae : 104.95415496826172
2025-02-24 03:41:36,872 - masked_rmse : 138.8958740234375
2025-02-24 03:41:36,873 - masked_mre : 0.47086313366889954
2025-02-24 03:41:36,873 - Evaluate on pemsbay_speed_point_imputation:
2025-02-24 03:41:43,180 - masked_mae : 16.804433822631836
2025-02-24 03:41:43,190 - masked_rmse : 18.67763328552246
2025-02-24 03:41:43,203 - masked_mre : 0.277951717376709
2025-02-24 03:41:43,203 - Evaluate on pemsbay_speed_block_imputation:
2025-02-24 03:41:49,475 - masked_mae : 32.23881149291992
2025-02-24 03:41:49,485 - masked_rmse : 33.652217864990234
2025-02-24 03:41:49,495 - masked_mre : 0.5336035490036011
2025-02-24 03:41:49,499 - Evaluate on metrla_speed_point_imputation:
2025-02-24 03:41:55,338 - masked_mae : 17.31256675720215
2025-02-24 03:41:55,339 - masked_rmse : 20.35944938659668
2025-02-24 03:41:55,342 - masked_mre : 0.31736046075820923
2025-02-24 03:41:55,347 - Evaluate on metrla_speed_block_imputation:
2025-02-24 03:42:01,172 - masked_mae : 28.227937698364258
2025-02-24 03:42:01,173 - masked_rmse : 31.163991928100586
2025-02-24 03:42:01,176 - masked_mre : 0.5420428514480591
2025-02-24 03:43:23,402 - [Epoch 19] Pretrain Loss: 24.1123
2025-02-24 03:43:23,403 - ************************************************************   Forecasting Task   ************************************************************
2025-02-24 03:43:23,403 - Evaluate on pems03_flow_short_term_forecasting:
2025-02-24 03:43:39,760 - masked_mae : 18.235300064086914
2025-02-24 03:43:39,780 - masked_rmse : 28.319467544555664
2025-02-24 03:43:39,816 - masked_mape : 0.18143732845783234
2025-02-24 03:43:39,817 - Evaluate on pems03_flow_long_term_forecasting:
2025-02-24 03:44:04,753 - masked_mae : 21.099138259887695
2025-02-24 03:44:04,822 - masked_rmse : 33.3597526550293
2025-02-24 03:44:04,952 - masked_mape : 0.21842460334300995
2025-02-24 03:44:04,953 - Evaluate on pems04_flow_short_term_forecasting:
2025-02-24 03:44:16,532 - masked_mae : 23.820396423339844
2025-02-24 03:44:16,543 - masked_rmse : 37.04764175415039
2025-02-24 03:44:16,565 - masked_mape : 0.1649913787841797
2025-02-24 03:44:16,565 - Evaluate on pems04_flow_long_term_forecasting:
2025-02-24 03:44:32,831 - masked_mae : 27.818269729614258
2025-02-24 03:44:32,871 - masked_rmse : 43.14996337890625
2025-02-24 03:44:32,946 - masked_mape : 0.19885273277759552
2025-02-24 03:44:32,946 - Evaluate on pems07_flow_short_term_forecasting:
2025-02-24 03:45:06,641 - masked_mae : 29.24943733215332
2025-02-24 03:45:06,690 - masked_rmse : 42.927276611328125
2025-02-24 03:45:06,784 - masked_mape : 0.14572978019714355
2025-02-24 03:45:06,785 - Evaluate on pems07_flow_long_term_forecasting:
2025-02-24 03:46:02,944 - masked_mae : 33.83038330078125
2025-02-24 03:46:03,120 - masked_rmse : 49.90711975097656
2025-02-24 03:46:03,456 - masked_mape : 0.17058730125427246
2025-02-24 03:46:03,457 - Evaluate on pems08_flow_short_term_forecasting:
2025-02-24 03:46:12,409 - masked_mae : 21.115772247314453
2025-02-24 03:46:12,416 - masked_rmse : 31.29673194885254
2025-02-24 03:46:12,429 - masked_mape : 0.17932277917861938
2025-02-24 03:46:12,429 - Evaluate on pems08_flow_long_term_forecasting:
2025-02-24 03:46:24,160 - masked_mae : 23.5078125
2025-02-24 03:46:24,183 - masked_rmse : 35.32224655151367
2025-02-24 03:46:24,228 - masked_mape : 0.19112730026245117
2025-02-24 03:46:24,229 - Evaluate on occpairs_occupancy_short_term_forecasting:
2025-02-24 03:46:41,842 - masked_mae : 1.1272374391555786
2025-02-24 03:46:41,863 - masked_rmse : 2.3630144596099854
2025-02-24 03:46:41,905 - masked_mape : 0.17150314152240753
2025-02-24 03:46:41,905 - Evaluate on occpairs_occupancy_long_term_forecasting:
2025-02-24 03:47:09,163 - masked_mae : 1.3363016843795776
2025-02-24 03:47:09,239 - masked_rmse : 2.7499008178710938
2025-02-24 03:47:09,386 - masked_mape : 0.20666567981243134
2025-02-24 03:47:09,387 - Evaluate on occhamburg_occupancy_short_term_forecasting:
2025-02-24 03:47:22,897 - masked_mae : 6.184530735015869
2025-02-24 03:47:22,912 - masked_rmse : 10.340553283691406
2025-02-24 03:47:22,940 - masked_mape : 0.5032942891120911
2025-02-24 03:47:22,941 - Evaluate on occhamburg_occupancy_long_term_forecasting:
2025-02-24 03:47:42,870 - masked_mae : 6.274446487426758
2025-02-24 03:47:42,922 - masked_rmse : 10.445157051086426
2025-02-24 03:47:43,021 - masked_mape : 0.5075334906578064
2025-02-24 03:47:43,022 - Evaluate on pemsbay_speed_short_term_forecasting:
2025-02-24 03:48:08,085 - masked_mae : 2.103083372116089
2025-02-24 03:48:08,119 - masked_rmse : 4.235977649688721
2025-02-24 03:48:08,185 - masked_mape : 0.04679533839225769
2025-02-24 03:48:08,186 - Evaluate on pemsbay_speed_long_term_forecasting:
2025-02-24 03:48:48,909 - masked_mae : 2.7186014652252197
2025-02-24 03:48:49,031 - masked_rmse : 5.517370700836182
2025-02-24 03:48:49,266 - masked_mape : 0.06356031447649002
2025-02-24 03:48:49,267 - Evaluate on metrla_speed_short_term_forecasting:
2025-02-24 03:49:02,730 - masked_mae : 5.174691677093506
2025-02-24 03:49:02,745 - masked_rmse : 9.611536026000977
2025-02-24 03:49:02,773 - masked_mape : 0.12004896253347397
2025-02-24 03:49:02,773 - Evaluate on metrla_speed_long_term_forecasting:
2025-02-24 03:49:22,527 - masked_mae : 6.344299793243408
2025-02-24 03:49:22,579 - masked_rmse : 11.51172924041748
2025-02-24 03:49:22,676 - masked_mape : 0.14796201884746552
2025-02-24 03:49:22,677 - Evaluate on trafficsh_speed_short_term_forecasting:
2025-02-24 03:49:36,489 - masked_mae : 0.6099140048027039
2025-02-24 03:49:36,504 - masked_rmse : 0.9184315204620361
2025-02-24 03:49:36,533 - masked_mape : 0.0712227001786232
2025-02-24 03:49:36,534 - Evaluate on trafficsh_speed_long_term_forecasting:
2025-02-24 03:49:56,840 - masked_mae : 0.615534245967865
2025-02-24 03:49:56,893 - masked_rmse : 0.9465072751045227
2025-02-24 03:49:56,994 - masked_mape : 0.0768195167183876
2025-02-24 03:49:56,995 - Evaluate on bikenyc_inflow_short_term_forecasting:
2025-02-24 03:50:06,515 - masked_mae : 1.0156370401382446
2025-02-24 03:50:06,523 - masked_rmse : 3.025053024291992
2025-02-24 03:50:06,538 - masked_mape : 0.3239578902721405
2025-02-24 03:50:06,538 - Evaluate on bikenyc_inflow_long_term_forecasting:
2025-02-24 03:50:19,186 - masked_mae : 1.269765853881836
2025-02-24 03:50:19,213 - masked_rmse : 4.1090168952941895
2025-02-24 03:50:19,263 - masked_mape : 0.3812448978424072
2025-02-24 03:50:19,264 - Evaluate on taxinyc_inflow_short_term_forecasting:
2025-02-24 03:50:28,729 - masked_mae : 6.315464496612549
2025-02-24 03:50:28,737 - masked_rmse : 15.877528190612793
2025-02-24 03:50:28,752 - masked_mape : 0.4723837077617645
2025-02-24 03:50:28,753 - Evaluate on taxinyc_inflow_long_term_forecasting:
2025-02-24 03:50:41,317 - masked_mae : 7.303964138031006
2025-02-24 03:50:41,344 - masked_rmse : 20.092302322387695
2025-02-24 03:50:41,395 - masked_mape : 0.4892179071903229
2025-02-24 03:50:41,395 - Evaluate on tdrive_inflow_short_term_forecasting:
2025-02-24 03:51:21,914 - masked_mae : 15.326332092285156
2025-02-24 03:51:21,974 - masked_rmse : 28.7869930267334
2025-02-24 03:51:22,091 - masked_mape : 0.2443542331457138
2025-02-24 03:51:22,092 - Evaluate on tdrive_inflow_long_term_forecasting:
2025-02-24 03:52:30,338 - masked_mae : 18.973003387451172
2025-02-24 03:52:30,556 - masked_rmse : 36.58230972290039
2025-02-24 03:52:30,974 - masked_mape : 0.32752561569213867
2025-02-24 03:52:30,977 - ************************************************************   Imputation Task   ************************************************************
2025-02-24 03:52:30,977 - Evaluate on pems03_flow_point_imputation:
2025-02-24 03:52:36,892 - masked_mae : 48.257843017578125
2025-02-24 03:52:36,893 - masked_rmse : 73.97425079345703
2025-02-24 03:52:36,902 - masked_mre : 0.28635847568511963
2025-02-24 03:52:36,902 - Evaluate on pems03_flow_block_imputation:
2025-02-24 03:52:42,853 - masked_mae : 79.09427642822266
2025-02-24 03:52:42,855 - masked_rmse : 115.58931732177734
2025-02-24 03:52:42,857 - masked_mre : 0.4709015488624573
2025-02-24 03:52:42,862 - Evaluate on pems04_flow_point_imputation:
2025-02-24 03:52:48,592 - masked_mae : 55.472023010253906
2025-02-24 03:52:48,594 - masked_rmse : 81.93478393554688
2025-02-24 03:52:48,596 - masked_mre : 0.26218709349632263
2025-02-24 03:52:48,596 - Evaluate on pems04_flow_block_imputation:
2025-02-24 03:52:54,383 - masked_mae : 98.17668914794922
2025-02-24 03:52:54,384 - masked_rmse : 137.24407958984375
2025-02-24 03:52:54,386 - masked_mre : 0.46813464164733887
2025-02-24 03:52:54,386 - Evaluate on pems07_flow_point_imputation:
2025-02-24 03:53:00,986 - masked_mae : 80.10747528076172
2025-02-24 03:53:01,004 - masked_rmse : 110.36200714111328
2025-02-24 03:53:01,017 - masked_mre : 0.2602215111255646
2025-02-24 03:53:01,017 - Evaluate on pems07_flow_block_imputation:
2025-02-24 03:53:07,614 - masked_mae : 151.18685913085938
2025-02-24 03:53:07,624 - masked_rmse : 193.8177947998047
2025-02-24 03:53:07,645 - masked_mre : 0.4929609000682831
2025-02-24 03:53:07,646 - Evaluate on pems08_flow_point_imputation:
2025-02-24 03:53:13,246 - masked_mae : 55.27858352661133
2025-02-24 03:53:13,246 - masked_rmse : 77.8620376586914
2025-02-24 03:53:13,247 - masked_mre : 0.24729938805103302
2025-02-24 03:53:13,248 - Evaluate on pems08_flow_block_imputation:
2025-02-24 03:53:18,816 - masked_mae : 108.44632720947266
2025-02-24 03:53:18,817 - masked_rmse : 143.34371948242188
2025-02-24 03:53:18,818 - masked_mre : 0.4865435063838959
2025-02-24 03:53:18,818 - Evaluate on pemsbay_speed_point_imputation:
2025-02-24 03:53:25,104 - masked_mae : 17.409503936767578
2025-02-24 03:53:25,114 - masked_rmse : 19.253328323364258
2025-02-24 03:53:25,127 - masked_mre : 0.2879627048969269
2025-02-24 03:53:25,128 - Evaluate on pemsbay_speed_block_imputation:
2025-02-24 03:53:31,392 - masked_mae : 32.86594009399414
2025-02-24 03:53:31,401 - masked_rmse : 34.27223205566406
2025-02-24 03:53:31,406 - masked_mre : 0.5439865589141846
2025-02-24 03:53:31,406 - Evaluate on metrla_speed_point_imputation:
2025-02-24 03:53:37,239 - masked_mae : 17.824934005737305
2025-02-24 03:53:37,240 - masked_rmse : 20.821792602539062
2025-02-24 03:53:37,242 - masked_mre : 0.328373521566391
2025-02-24 03:53:37,242 - Evaluate on metrla_speed_block_imputation:
2025-02-24 03:53:43,041 - masked_mae : 28.746028900146484
2025-02-24 03:53:43,042 - masked_rmse : 31.726633071899414
2025-02-24 03:53:43,043 - masked_mre : 0.5529497265815735
2025-02-24 03:55:05,235 - [Epoch 20] Pretrain Loss: 24.0498
2025-02-24 03:55:05,236 - ************************************************************   Forecasting Task   ************************************************************
2025-02-24 03:55:05,236 - Evaluate on pems03_flow_short_term_forecasting:
2025-02-24 03:55:21,516 - masked_mae : 18.1586856842041
2025-02-24 03:55:21,536 - masked_rmse : 28.023469924926758
2025-02-24 03:55:21,573 - masked_mape : 0.18030233681201935
2025-02-24 03:55:21,573 - Evaluate on pems03_flow_long_term_forecasting:
2025-02-24 03:55:46,374 - masked_mae : 21.434602737426758
2025-02-24 03:55:46,443 - masked_rmse : 33.7763557434082
2025-02-24 03:55:46,573 - masked_mape : 0.22452402114868164
2025-02-24 03:55:46,574 - Evaluate on pems04_flow_short_term_forecasting:
2025-02-24 03:55:58,083 - masked_mae : 23.773141860961914
2025-02-24 03:55:58,094 - masked_rmse : 36.80326461791992
2025-02-24 03:55:58,116 - masked_mape : 0.16433687508106232
2025-02-24 03:55:58,116 - Evaluate on pems04_flow_long_term_forecasting:
2025-02-24 03:56:14,359 - masked_mae : 28.12291145324707
2025-02-24 03:56:14,398 - masked_rmse : 43.54908752441406
2025-02-24 03:56:14,473 - masked_mape : 0.20123380422592163
2025-02-24 03:56:14,474 - Evaluate on pems07_flow_short_term_forecasting:
2025-02-24 03:56:47,979 - masked_mae : 28.95259666442871
2025-02-24 03:56:48,028 - masked_rmse : 42.288963317871094
2025-02-24 03:56:48,122 - masked_mape : 0.14160066843032837
2025-02-24 03:56:48,123 - Evaluate on pems07_flow_long_term_forecasting:
2025-02-24 03:57:43,901 - masked_mae : 34.0743408203125
2025-02-24 03:57:44,077 - masked_rmse : 50.15182113647461
2025-02-24 03:57:44,413 - masked_mape : 0.17207038402557373
2025-02-24 03:57:44,414 - Evaluate on pems08_flow_short_term_forecasting:
2025-02-24 03:57:53,375 - masked_mae : 20.846555709838867
2025-02-24 03:57:53,382 - masked_rmse : 30.7579288482666
2025-02-24 03:57:53,395 - masked_mape : 0.1702144294977188
2025-02-24 03:57:53,396 - Evaluate on pems08_flow_long_term_forecasting:
2025-02-24 03:58:05,108 - masked_mae : 23.7811279296875
2025-02-24 03:58:05,132 - masked_rmse : 35.66118240356445
2025-02-24 03:58:05,177 - masked_mape : 0.1880728006362915
2025-02-24 03:58:05,177 - Evaluate on occpairs_occupancy_short_term_forecasting:
2025-02-24 03:58:22,702 - masked_mae : 1.110920786857605
2025-02-24 03:58:22,724 - masked_rmse : 2.3090603351593018
2025-02-24 03:58:22,765 - masked_mape : 0.169761061668396
2025-02-24 03:58:22,766 - Evaluate on occpairs_occupancy_long_term_forecasting:
2025-02-24 03:58:50,056 - masked_mae : 1.352765440940857
2025-02-24 03:58:50,133 - masked_rmse : 2.776127815246582
2025-02-24 03:58:50,279 - masked_mape : 0.20987935364246368
2025-02-24 03:58:50,280 - Evaluate on occhamburg_occupancy_short_term_forecasting:
2025-02-24 03:59:03,859 - masked_mae : 6.170454025268555
2025-02-24 03:59:03,873 - masked_rmse : 10.318371772766113
2025-02-24 03:59:03,901 - masked_mape : 0.49950623512268066
2025-02-24 03:59:03,902 - Evaluate on occhamburg_occupancy_long_term_forecasting:
2025-02-24 03:59:23,750 - masked_mae : 6.336971759796143
2025-02-24 03:59:23,802 - masked_rmse : 10.49438190460205
2025-02-24 03:59:23,901 - masked_mape : 0.5165525674819946
2025-02-24 03:59:23,901 - Evaluate on pemsbay_speed_short_term_forecasting:
2025-02-24 03:59:48,860 - masked_mae : 2.1509335041046143
2025-02-24 03:59:48,894 - masked_rmse : 4.300249099731445
2025-02-24 03:59:48,960 - masked_mape : 0.04716813936829567
2025-02-24 03:59:48,961 - Evaluate on pemsbay_speed_long_term_forecasting:
2025-02-24 04:00:29,472 - masked_mae : 2.7759628295898438
2025-02-24 04:00:29,595 - masked_rmse : 5.603311061859131
2025-02-24 04:00:29,830 - masked_mape : 0.06386805325746536
2025-02-24 04:00:29,831 - Evaluate on metrla_speed_short_term_forecasting:
2025-02-24 04:00:43,225 - masked_mae : 5.24708890914917
2025-02-24 04:00:43,240 - masked_rmse : 9.627669334411621
2025-02-24 04:00:43,268 - masked_mape : 0.12107881158590317
2025-02-24 04:00:43,268 - Evaluate on metrla_speed_long_term_forecasting:
2025-02-24 04:01:02,960 - masked_mae : 6.422761917114258
2025-02-24 04:01:03,011 - masked_rmse : 11.542634010314941
2025-02-24 04:01:03,108 - masked_mape : 0.1485346555709839
2025-02-24 04:01:03,109 - Evaluate on trafficsh_speed_short_term_forecasting:
2025-02-24 04:01:16,869 - masked_mae : 0.6049487590789795
2025-02-24 04:01:16,884 - masked_rmse : 0.8908751010894775
2025-02-24 04:01:16,913 - masked_mape : 0.0714130625128746
2025-02-24 04:01:16,914 - Evaluate on trafficsh_speed_long_term_forecasting:
2025-02-24 04:01:37,118 - masked_mae : 0.6278741955757141
2025-02-24 04:01:37,171 - masked_rmse : 0.9452872276306152
2025-02-24 04:01:37,272 - masked_mape : 0.07807906717061996
2025-02-24 04:01:37,273 - Evaluate on bikenyc_inflow_short_term_forecasting:
2025-02-24 04:01:46,717 - masked_mae : 1.0153776407241821
2025-02-24 04:01:46,725 - masked_rmse : 3.03462815284729
2025-02-24 04:01:46,739 - masked_mape : 0.3259163796901703
2025-02-24 04:01:46,740 - Evaluate on bikenyc_inflow_long_term_forecasting:
2025-02-24 04:01:59,349 - masked_mae : 1.3059585094451904
2025-02-24 04:01:59,375 - masked_rmse : 4.2155070304870605
2025-02-24 04:01:59,426 - masked_mape : 0.39235198497772217
2025-02-24 04:01:59,426 - Evaluate on taxinyc_inflow_short_term_forecasting:
2025-02-24 04:02:08,872 - masked_mae : 6.187582015991211
2025-02-24 04:02:08,880 - masked_rmse : 15.569019317626953
2025-02-24 04:02:08,895 - masked_mape : 0.4443139135837555
2025-02-24 04:02:08,895 - Evaluate on taxinyc_inflow_long_term_forecasting:
2025-02-24 04:02:21,477 - masked_mae : 7.600011825561523
2025-02-24 04:02:21,504 - masked_rmse : 20.668014526367188
2025-02-24 04:02:21,555 - masked_mape : 0.5234620571136475
2025-02-24 04:02:21,555 - Evaluate on tdrive_inflow_short_term_forecasting:
2025-02-24 04:03:01,995 - masked_mae : 15.267422676086426
2025-02-24 04:03:02,056 - masked_rmse : 28.250648498535156
2025-02-24 04:03:02,172 - masked_mape : 0.24531926214694977
2025-02-24 04:03:02,174 - Evaluate on tdrive_inflow_long_term_forecasting:
2025-02-24 04:04:10,532 - masked_mae : 19.862600326538086
2025-02-24 04:04:10,750 - masked_rmse : 37.984222412109375
2025-02-24 04:04:11,168 - masked_mape : 0.35811856389045715
2025-02-24 04:04:11,170 - ************************************************************   Imputation Task   ************************************************************
2025-02-24 04:04:11,170 - Evaluate on pems03_flow_point_imputation:
2025-02-24 04:04:17,138 - masked_mae : 48.41541290283203
2025-02-24 04:04:17,139 - masked_rmse : 74.02860260009766
2025-02-24 04:04:17,148 - masked_mre : 0.2873368561267853
2025-02-24 04:04:17,148 - Evaluate on pems03_flow_block_imputation:
2025-02-24 04:04:23,037 - masked_mae : 79.58749389648438
2025-02-24 04:04:23,038 - masked_rmse : 115.96465301513672
2025-02-24 04:04:23,040 - masked_mre : 0.4738657772541046
2025-02-24 04:04:23,044 - Evaluate on pems04_flow_point_imputation:
2025-02-24 04:04:28,784 - masked_mae : 55.90317153930664
2025-02-24 04:04:28,786 - masked_rmse : 82.29047393798828
2025-02-24 04:04:28,788 - masked_mre : 0.26430079340934753
2025-02-24 04:04:28,793 - Evaluate on pems04_flow_block_imputation:
2025-02-24 04:04:34,545 - masked_mae : 98.3426513671875
2025-02-24 04:04:34,546 - masked_rmse : 137.04464721679688
2025-02-24 04:04:34,548 - masked_mre : 0.468993216753006
2025-02-24 04:04:34,548 - Evaluate on pems07_flow_point_imputation:
2025-02-24 04:04:41,227 - masked_mae : 80.5138931274414
2025-02-24 04:04:41,231 - masked_rmse : 110.69522094726562
2025-02-24 04:04:41,236 - masked_mre : 0.2616470456123352
2025-02-24 04:04:41,236 - Evaluate on pems07_flow_block_imputation:
2025-02-24 04:04:47,888 - masked_mae : 151.66043090820312
2025-02-24 04:04:47,900 - masked_rmse : 194.00656127929688
2025-02-24 04:04:47,920 - masked_mre : 0.4945759177207947
2025-02-24 04:04:47,921 - Evaluate on pems08_flow_point_imputation:
2025-02-24 04:04:53,566 - masked_mae : 55.604156494140625
2025-02-24 04:04:53,567 - masked_rmse : 78.0859603881836
2025-02-24 04:04:53,568 - masked_mre : 0.24881508946418762
2025-02-24 04:04:53,568 - Evaluate on pems08_flow_block_imputation:
2025-02-24 04:04:59,180 - masked_mae : 108.5117416381836
2025-02-24 04:04:59,181 - masked_rmse : 143.07093811035156
2025-02-24 04:04:59,182 - masked_mre : 0.4868709146976471
2025-02-24 04:04:59,183 - Evaluate on pemsbay_speed_point_imputation:
2025-02-24 04:05:05,453 - masked_mae : 17.532907485961914
2025-02-24 04:05:05,464 - masked_rmse : 19.513816833496094
2025-02-24 04:05:05,478 - masked_mre : 0.29000335931777954
2025-02-24 04:05:05,479 - Evaluate on pemsbay_speed_block_imputation:
2025-02-24 04:05:11,819 - masked_mae : 33.38199234008789
2025-02-24 04:05:11,820 - masked_rmse : 34.813480377197266
2025-02-24 04:05:11,828 - masked_mre : 0.5525273680686951
2025-02-24 04:05:11,828 - Evaluate on metrla_speed_point_imputation:
2025-02-24 04:05:17,596 - masked_mae : 17.85515022277832
2025-02-24 04:05:17,600 - masked_rmse : 20.938547134399414
2025-02-24 04:05:17,602 - masked_mre : 0.3297421336174011
2025-02-24 04:05:17,607 - Evaluate on metrla_speed_block_imputation:
2025-02-24 04:05:23,412 - masked_mae : 28.9687442779541
2025-02-24 04:05:23,413 - masked_rmse : 32.00009536743164
2025-02-24 04:05:23,416 - masked_mre : 0.5581408143043518
