2025-02-21 15:55:25,582 - logger name:log/foundation/urbanfm_downstream/dataset_ratio_100.0%/model_layer_4_4/16/record.log
2025-02-21 16:15:48,354 - 
============================== Model Parameters ==============================
2025-02-21 16:15:48,354 - Total Parameters: 400,193 (≈ 0.40 M or ≈ 0.00 B)
2025-02-21 16:15:48,354 - Trainable Parameters: 400,193 (≈ 0.40 M or ≈ 0.00 B)
2025-02-21 16:15:48,354 - ========================================================================

2025-02-21 17:43:03,543 - logger name:log/foundation/urbanfm_downstream/dataset_ratio_100.0%/model_layer_4_4/16/record.log
2025-02-21 18:04:02,492 - 
============================== Model Parameters ==============================
2025-02-21 18:04:02,492 - Total Parameters: 400,193 (≈ 0.40 M or ≈ 0.00 B)
2025-02-21 18:04:02,492 - Trainable Parameters: 400,193 (≈ 0.40 M or ≈ 0.00 B)
2025-02-21 18:04:02,492 - ========================================================================

2025-02-21 18:04:39,099 - [Epoch 1] Pretrain Loss: 55.4049
2025-02-21 18:05:13,054 - [Epoch 2] Pretrain Loss: 27.5643
2025-02-21 18:05:47,038 - [Epoch 3] Pretrain Loss: 25.8082
2025-02-21 18:06:21,178 - [Epoch 4] Pretrain Loss: 24.7029
2025-02-21 18:06:55,357 - [Epoch 5] Pretrain Loss: 23.8975
2025-02-21 18:06:55,358 - ************************************************************   Forecasting Task   ************************************************************
2025-02-21 18:06:55,358 - Evaluate on pems03_flow_short_term_forecasting:
2025-02-21 18:07:08,186 - masked_mae : 16.520723342895508
2025-02-21 18:07:08,205 - masked_rmse : 25.78108024597168
2025-02-21 18:07:08,265 - masked_mape : 0.16397280991077423
2025-02-21 18:07:08,266 - Evaluate on pems03_flow_long_term_forecasting:
2025-02-21 18:07:27,540 - masked_mae : 19.463327407836914
2025-02-21 18:07:27,608 - masked_rmse : 30.11995506286621
2025-02-21 18:07:27,739 - masked_mape : 0.19986234605312347
2025-02-21 18:07:27,739 - Evaluate on pems04_flow_short_term_forecasting:
2025-02-21 18:07:37,027 - masked_mae : 22.53147315979004
2025-02-21 18:07:37,039 - masked_rmse : 35.484676361083984
2025-02-21 18:07:37,060 - masked_mape : 0.1564694195985794
2025-02-21 18:07:37,060 - Evaluate on pems04_flow_long_term_forecasting:
2025-02-21 18:07:50,091 - masked_mae : 27.613632202148438
2025-02-21 18:07:50,130 - masked_rmse : 42.74671936035156
2025-02-21 18:07:50,205 - masked_mape : 0.19757919013500214
2025-02-21 18:07:50,206 - Evaluate on pems07_flow_short_term_forecasting:
2025-02-21 18:08:15,816 - masked_mae : 26.771543502807617
2025-02-21 18:08:15,865 - masked_rmse : 39.82551193237305
2025-02-21 18:08:15,959 - masked_mape : 0.13199599087238312
2025-02-21 18:08:15,960 - Evaluate on pems07_flow_long_term_forecasting:
2025-02-21 18:08:58,877 - masked_mae : 33.42903137207031
2025-02-21 18:08:59,052 - masked_rmse : 49.10053634643555
2025-02-21 18:08:59,388 - masked_mape : 0.1687251180410385
2025-02-21 18:08:59,389 - Evaluate on pems08_flow_short_term_forecasting:
2025-02-21 18:09:06,884 - masked_mae : 18.560503005981445
2025-02-21 18:09:06,892 - masked_rmse : 28.329757690429688
2025-02-21 18:09:06,905 - masked_mape : 0.15317536890506744
2025-02-21 18:09:06,905 - Evaluate on pems08_flow_long_term_forecasting:
2025-02-21 18:09:16,455 - masked_mae : 22.515810012817383
2025-02-21 18:09:16,479 - masked_rmse : 33.74283981323242
2025-02-21 18:09:16,524 - masked_mape : 0.18721143901348114
2025-02-21 18:09:16,524 - Evaluate on occpairs_occupancy_short_term_forecasting:
2025-02-21 18:09:30,307 - masked_mae : 1.0384279489517212
2025-02-21 18:09:30,329 - masked_rmse : 2.221649169921875
2025-02-21 18:09:30,370 - masked_mape : 0.1575479358434677
2025-02-21 18:09:30,370 - Evaluate on occpairs_occupancy_long_term_forecasting:
2025-02-21 18:09:51,551 - masked_mae : 1.3038228750228882
2025-02-21 18:09:51,627 - masked_rmse : 2.653796672821045
2025-02-21 18:09:51,774 - masked_mape : 0.1905503123998642
2025-02-21 18:09:51,774 - Evaluate on occhamburg_occupancy_short_term_forecasting:
2025-02-21 18:10:02,614 - masked_mae : 5.881794452667236
2025-02-21 18:10:02,629 - masked_rmse : 9.714882850646973
2025-02-21 18:10:02,657 - masked_mape : 0.5155255794525146
2025-02-21 18:10:02,657 - Evaluate on occhamburg_occupancy_long_term_forecasting:
2025-02-21 18:10:18,415 - masked_mae : 5.984138488769531
2025-02-21 18:10:18,466 - masked_rmse : 9.901893615722656
2025-02-21 18:10:18,565 - masked_mape : 0.5070788860321045
2025-02-21 18:10:18,565 - Evaluate on pemsbay_speed_short_term_forecasting:
2025-02-21 18:10:37,849 - masked_mae : 2.1932239532470703
2025-02-21 18:10:37,884 - masked_rmse : 4.451993942260742
2025-02-21 18:10:37,949 - masked_mape : 0.04907261207699776
2025-02-21 18:10:37,950 - Evaluate on pemsbay_speed_long_term_forecasting:
2025-02-21 18:11:09,252 - masked_mae : 3.097785234451294
2025-02-21 18:11:09,375 - masked_rmse : 5.922821044921875
2025-02-21 18:11:09,610 - masked_mape : 0.07136591523885727
2025-02-21 18:11:09,610 - Evaluate on metrla_speed_short_term_forecasting:
2025-02-21 18:11:20,377 - masked_mae : 5.451414585113525
2025-02-21 18:11:20,391 - masked_rmse : 9.66135311126709
2025-02-21 18:11:20,419 - masked_mape : 0.1245717704296112
2025-02-21 18:11:20,419 - Evaluate on metrla_speed_long_term_forecasting:
2025-02-21 18:11:36,131 - masked_mae : 7.018163681030273
2025-02-21 18:11:36,182 - masked_rmse : 11.636357307434082
2025-02-21 18:11:36,280 - masked_mape : 0.162249356508255
2025-02-21 18:11:36,280 - Evaluate on trafficsh_speed_short_term_forecasting:
2025-02-21 18:11:47,315 - masked_mae : 0.5445061326026917
2025-02-21 18:11:47,330 - masked_rmse : 0.8112412095069885
2025-02-21 18:11:47,359 - masked_mape : 0.06729748845100403
2025-02-21 18:11:47,359 - Evaluate on trafficsh_speed_long_term_forecasting:
2025-02-21 18:12:03,425 - masked_mae : 0.5999132394790649
2025-02-21 18:12:03,478 - masked_rmse : 0.9215881824493408
2025-02-21 18:12:03,579 - masked_mape : 0.07837223261594772
2025-02-21 18:12:03,579 - Evaluate on bikenyc_inflow_short_term_forecasting:
2025-02-21 18:12:11,410 - masked_mae : 1.0211278200149536
2025-02-21 18:12:11,418 - masked_rmse : 3.1676700115203857
2025-02-21 18:12:11,433 - masked_mape : 0.3326062262058258
2025-02-21 18:12:11,433 - Evaluate on bikenyc_inflow_long_term_forecasting:
2025-02-21 18:12:21,704 - masked_mae : 1.2514594793319702
2025-02-21 18:12:21,731 - masked_rmse : 4.1896820068359375
2025-02-21 18:12:21,782 - masked_mape : 0.3655097782611847
2025-02-21 18:12:21,782 - Evaluate on taxinyc_inflow_short_term_forecasting:
2025-02-21 18:12:29,585 - masked_mae : 5.261782169342041
2025-02-21 18:12:29,593 - masked_rmse : 14.508824348449707
2025-02-21 18:12:29,608 - masked_mape : 0.3740060031414032
2025-02-21 18:12:29,608 - Evaluate on taxinyc_inflow_long_term_forecasting:
2025-02-21 18:12:39,910 - masked_mae : 6.667102336883545
2025-02-21 18:12:39,937 - masked_rmse : 20.014856338500977
2025-02-21 18:12:39,987 - masked_mape : 0.4003886282444
2025-02-21 18:12:39,988 - Evaluate on tdrive_inflow_short_term_forecasting:
2025-02-21 18:13:10,822 - masked_mae : 11.982556343078613
2025-02-21 18:13:10,883 - masked_rmse : 23.19060516357422
2025-02-21 18:13:10,999 - masked_mape : 0.20570646226406097
2025-02-21 18:13:11,000 - Evaluate on tdrive_inflow_long_term_forecasting:
2025-02-21 18:14:03,297 - masked_mae : 16.45034408569336
2025-02-21 18:14:03,515 - masked_rmse : 32.57027816772461
2025-02-21 18:14:03,933 - masked_mape : 0.25057506561279297
2025-02-21 18:14:03,934 - ************************************************************   Imputation Task   ************************************************************
2025-02-21 18:14:03,934 - Evaluate on pems03_flow_point_imputation:
2025-02-21 18:14:09,185 - masked_mae : 78.32948303222656
2025-02-21 18:14:09,190 - masked_rmse : 109.71177673339844
2025-02-21 18:14:09,201 - masked_mre : 0.46379554271698
2025-02-21 18:14:09,202 - Evaluate on pems03_flow_block_imputation:
2025-02-21 18:14:14,455 - masked_mae : 119.16959381103516
2025-02-21 18:14:14,456 - masked_rmse : 162.26083374023438
2025-02-21 18:14:14,459 - masked_mre : 0.7076588869094849
2025-02-21 18:14:14,459 - Evaluate on pems04_flow_point_imputation:
2025-02-21 18:14:19,523 - masked_mae : 85.49058532714844
2025-02-21 18:14:19,524 - masked_rmse : 118.42210388183594
2025-02-21 18:14:19,526 - masked_mre : 0.40468698740005493
2025-02-21 18:14:19,526 - Evaluate on pems04_flow_block_imputation:
2025-02-21 18:14:24,607 - masked_mae : 145.33184814453125
2025-02-21 18:14:24,609 - masked_rmse : 195.66360473632812
2025-02-21 18:14:24,610 - masked_mre : 0.6918408870697021
2025-02-21 18:14:24,610 - Evaluate on pems07_flow_point_imputation:
2025-02-21 18:14:30,391 - masked_mae : 124.32117462158203
2025-02-21 18:14:30,407 - masked_rmse : 161.1943817138672
2025-02-21 18:14:30,432 - masked_mre : 0.4045100510120392
2025-02-21 18:14:30,432 - Evaluate on pems07_flow_block_imputation:
2025-02-21 18:14:36,183 - masked_mae : 220.7841796875
2025-02-21 18:14:36,192 - masked_rmse : 273.4482727050781
2025-02-21 18:14:36,203 - masked_mre : 0.7182396650314331
2025-02-21 18:14:36,204 - Evaluate on pems08_flow_point_imputation:
2025-02-21 18:14:41,156 - masked_mae : 92.25462341308594
2025-02-21 18:14:41,157 - masked_rmse : 121.10086822509766
2025-02-21 18:14:41,158 - masked_mre : 0.41249412298202515
2025-02-21 18:14:41,159 - Evaluate on pems08_flow_block_imputation:
2025-02-21 18:14:46,122 - masked_mae : 163.3756561279297
2025-02-21 18:14:46,123 - masked_rmse : 205.20225524902344
2025-02-21 18:14:46,124 - masked_mre : 0.7316403985023499
2025-02-21 18:14:46,124 - Evaluate on pemsbay_speed_point_imputation:
2025-02-21 18:14:51,624 - masked_mae : 13.217987060546875
2025-02-21 18:14:51,634 - masked_rmse : 15.419685363769531
2025-02-21 18:14:51,648 - masked_mre : 0.21862412989139557
2025-02-21 18:14:51,652 - Evaluate on pemsbay_speed_block_imputation:
2025-02-21 18:14:57,155 - masked_mae : 37.053558349609375
2025-02-21 18:14:57,165 - masked_rmse : 38.55781936645508
2025-02-21 18:14:57,177 - masked_mre : 0.6133126616477966
2025-02-21 18:14:57,180 - Evaluate on metrla_speed_point_imputation:
2025-02-21 18:15:02,306 - masked_mae : 17.133113861083984
2025-02-21 18:15:02,308 - masked_rmse : 20.904157638549805
2025-02-21 18:15:02,310 - masked_mre : 0.31350451707839966
2025-02-21 18:15:02,310 - Evaluate on metrla_speed_block_imputation:
2025-02-21 18:15:07,417 - masked_mae : 35.462852478027344
2025-02-21 18:15:07,418 - masked_rmse : 38.7083854675293
2025-02-21 18:15:07,420 - masked_mre : 0.6765899062156677
2025-02-21 18:15:41,645 - [Epoch 6] Pretrain Loss: 23.4414
2025-02-21 18:15:41,646 - ************************************************************   Forecasting Task   ************************************************************
2025-02-21 18:15:41,646 - Evaluate on pems03_flow_short_term_forecasting:
2025-02-21 18:15:54,610 - masked_mae : 17.491552352905273
2025-02-21 18:15:54,629 - masked_rmse : 26.7181339263916
2025-02-21 18:15:54,666 - masked_mape : 0.17900705337524414
2025-02-21 18:15:54,666 - Evaluate on pems03_flow_long_term_forecasting:
2025-02-21 18:16:14,204 - masked_mae : 19.112459182739258
2025-02-21 18:16:14,272 - masked_rmse : 29.58759117126465
2025-02-21 18:16:14,403 - masked_mape : 0.18754129111766815
2025-02-21 18:16:14,403 - Evaluate on pems04_flow_short_term_forecasting:
2025-02-21 18:16:23,791 - masked_mae : 23.42942237854004
2025-02-21 18:16:23,803 - masked_rmse : 36.272125244140625
2025-02-21 18:16:23,824 - masked_mape : 0.1622077375650406
2025-02-21 18:16:23,825 - Evaluate on pems04_flow_long_term_forecasting:
2025-02-21 18:16:36,924 - masked_mae : 26.76377296447754
2025-02-21 18:16:36,963 - masked_rmse : 41.665428161621094
2025-02-21 18:16:37,038 - masked_mape : 0.18575923144817352
2025-02-21 18:16:37,038 - Evaluate on pems07_flow_short_term_forecasting:
2025-02-21 18:17:02,977 - masked_mae : 27.893281936645508
2025-02-21 18:17:03,025 - masked_rmse : 40.8129997253418
2025-02-21 18:17:03,119 - masked_mape : 0.136311873793602
2025-02-21 18:17:03,120 - Evaluate on pems07_flow_long_term_forecasting:
2025-02-21 18:17:46,390 - masked_mae : 32.14310073852539
2025-02-21 18:17:46,566 - masked_rmse : 47.275211334228516
2025-02-21 18:17:46,901 - masked_mape : 0.15171243250370026
2025-02-21 18:17:46,902 - Evaluate on pems08_flow_short_term_forecasting:
2025-02-21 18:17:54,452 - masked_mae : 19.58051109313965
2025-02-21 18:17:54,459 - masked_rmse : 29.23047637939453
2025-02-21 18:17:54,473 - masked_mape : 0.15480844676494598
2025-02-21 18:17:54,473 - Evaluate on pems08_flow_long_term_forecasting:
2025-02-21 18:18:04,158 - masked_mae : 21.624704360961914
2025-02-21 18:18:04,182 - masked_rmse : 32.79380416870117
2025-02-21 18:18:04,227 - masked_mape : 0.16190575063228607
2025-02-21 18:18:04,227 - Evaluate on occpairs_occupancy_short_term_forecasting:
2025-02-21 18:18:18,122 - masked_mae : 1.1331232786178589
2025-02-21 18:18:18,143 - masked_rmse : 2.2727267742156982
2025-02-21 18:18:18,185 - masked_mape : 0.18388085067272186
2025-02-21 18:18:18,185 - Evaluate on occpairs_occupancy_long_term_forecasting:
2025-02-21 18:18:39,614 - masked_mae : 1.363585114479065
2025-02-21 18:18:39,690 - masked_rmse : 2.6760823726654053
2025-02-21 18:18:39,837 - masked_mape : 0.2103016972541809
2025-02-21 18:18:39,837 - Evaluate on occhamburg_occupancy_short_term_forecasting:
2025-02-21 18:18:50,764 - masked_mae : 6.066009998321533
2025-02-21 18:18:50,779 - masked_rmse : 9.865410804748535
2025-02-21 18:18:50,807 - masked_mape : 0.547025740146637
2025-02-21 18:18:50,807 - Evaluate on occhamburg_occupancy_long_term_forecasting:
2025-02-21 18:19:06,713 - masked_mae : 6.066060543060303
2025-02-21 18:19:06,765 - masked_rmse : 9.941097259521484
2025-02-21 18:19:06,864 - masked_mape : 0.5295211672782898
2025-02-21 18:19:06,864 - Evaluate on pemsbay_speed_short_term_forecasting:
2025-02-21 18:19:26,307 - masked_mae : 2.174537420272827
2025-02-21 18:19:26,341 - masked_rmse : 4.447809219360352
2025-02-21 18:19:26,407 - masked_mape : 0.04775720834732056
2025-02-21 18:19:26,407 - Evaluate on pemsbay_speed_long_term_forecasting:
2025-02-21 18:19:57,992 - masked_mae : 2.9669978618621826
2025-02-21 18:19:58,114 - masked_rmse : 5.8533806800842285
2025-02-21 18:19:58,349 - masked_mape : 0.06768465042114258
2025-02-21 18:19:58,350 - Evaluate on metrla_speed_short_term_forecasting:
2025-02-21 18:20:09,236 - masked_mae : 5.486028671264648
2025-02-21 18:20:09,250 - masked_rmse : 9.664652824401855
2025-02-21 18:20:09,278 - masked_mape : 0.12292478233575821
2025-02-21 18:20:09,279 - Evaluate on metrla_speed_long_term_forecasting:
2025-02-21 18:20:25,064 - masked_mae : 6.841516017913818
2025-02-21 18:20:25,116 - masked_rmse : 11.519550323486328
2025-02-21 18:20:25,213 - masked_mape : 0.15558083355426788
2025-02-21 18:20:25,214 - Evaluate on trafficsh_speed_short_term_forecasting:
2025-02-21 18:20:36,334 - masked_mae : 0.5962767004966736
2025-02-21 18:20:36,350 - masked_rmse : 0.8405823111534119
2025-02-21 18:20:36,379 - masked_mape : 0.07321397960186005
2025-02-21 18:20:36,379 - Evaluate on trafficsh_speed_long_term_forecasting:
2025-02-21 18:20:52,478 - masked_mae : 0.6151757836341858
2025-02-21 18:20:52,531 - masked_rmse : 0.9278729557991028
2025-02-21 18:20:52,632 - masked_mape : 0.080337293446064
2025-02-21 18:20:52,632 - Evaluate on bikenyc_inflow_short_term_forecasting:
2025-02-21 18:21:00,571 - masked_mae : 1.1292558908462524
2025-02-21 18:21:00,579 - masked_rmse : 3.2601852416992188
2025-02-21 18:21:00,594 - masked_mape : 0.36662137508392334
2025-02-21 18:21:00,595 - Evaluate on bikenyc_inflow_long_term_forecasting:
2025-02-21 18:21:10,937 - masked_mae : 1.3220245838165283
2025-02-21 18:21:10,964 - masked_rmse : 4.171410083770752
2025-02-21 18:21:11,014 - masked_mape : 0.39871084690093994
2025-02-21 18:21:11,014 - Evaluate on taxinyc_inflow_short_term_forecasting:
2025-02-21 18:21:18,959 - masked_mae : 6.581552028656006
2025-02-21 18:21:18,967 - masked_rmse : 15.255278587341309
2025-02-21 18:21:18,982 - masked_mape : 0.614751935005188
2025-02-21 18:21:18,982 - Evaluate on taxinyc_inflow_long_term_forecasting:
2025-02-21 18:21:29,339 - masked_mae : 7.671003818511963
2025-02-21 18:21:29,365 - masked_rmse : 19.751373291015625
2025-02-21 18:21:29,416 - masked_mape : 0.5972691178321838
2025-02-21 18:21:29,416 - Evaluate on tdrive_inflow_short_term_forecasting:
2025-02-21 18:22:00,393 - masked_mae : 14.841991424560547
2025-02-21 18:22:00,454 - masked_rmse : 26.322532653808594
2025-02-21 18:22:00,570 - masked_mape : 0.33080294728279114
2025-02-21 18:22:00,571 - Evaluate on tdrive_inflow_long_term_forecasting:
2025-02-21 18:22:53,330 - masked_mae : 17.044912338256836
2025-02-21 18:22:53,548 - masked_rmse : 32.21615219116211
2025-02-21 18:22:53,965 - masked_mape : 0.3130372166633606
2025-02-21 18:22:53,966 - ************************************************************   Imputation Task   ************************************************************
2025-02-21 18:22:53,967 - Evaluate on pems03_flow_point_imputation:
2025-02-21 18:22:59,289 - masked_mae : 70.29696655273438
2025-02-21 18:22:59,291 - masked_rmse : 97.9098892211914
2025-02-21 18:22:59,299 - masked_mre : 0.4161857068538666
2025-02-21 18:22:59,299 - Evaluate on pems03_flow_block_imputation:
2025-02-21 18:23:04,642 - masked_mae : 110.69331359863281
2025-02-21 18:23:04,643 - masked_rmse : 150.90672302246094
2025-02-21 18:23:04,645 - masked_mre : 0.657285213470459
2025-02-21 18:23:04,645 - Evaluate on pems04_flow_point_imputation:
2025-02-21 18:23:09,794 - masked_mae : 77.75127410888672
2025-02-21 18:23:09,796 - masked_rmse : 106.6772232055664
2025-02-21 18:23:09,798 - masked_mre : 0.36809682846069336
2025-02-21 18:23:09,803 - Evaluate on pems04_flow_block_imputation:
2025-02-21 18:23:14,964 - masked_mae : 133.57846069335938
2025-02-21 18:23:14,966 - masked_rmse : 180.03073120117188
2025-02-21 18:23:14,967 - masked_mre : 0.6357607245445251
2025-02-21 18:23:14,967 - Evaluate on pems07_flow_point_imputation:
2025-02-21 18:23:20,838 - masked_mae : 110.79759216308594
2025-02-21 18:23:20,843 - masked_rmse : 142.71290588378906
2025-02-21 18:23:20,864 - masked_mre : 0.360636830329895
2025-02-21 18:23:20,864 - Evaluate on pems07_flow_block_imputation:
2025-02-21 18:23:26,712 - masked_mae : 203.67318725585938
2025-02-21 18:23:26,724 - masked_rmse : 252.4025421142578
2025-02-21 18:23:26,743 - masked_mre : 0.6626266241073608
2025-02-21 18:23:26,744 - Evaluate on pems08_flow_point_imputation:
2025-02-21 18:23:31,793 - masked_mae : 82.44297790527344
2025-02-21 18:23:31,794 - masked_rmse : 107.44203186035156
2025-02-21 18:23:31,796 - masked_mre : 0.36872750520706177
2025-02-21 18:23:31,796 - Evaluate on pems08_flow_block_imputation:
2025-02-21 18:23:36,849 - masked_mae : 150.14849853515625
2025-02-21 18:23:36,850 - masked_rmse : 188.92530822753906
2025-02-21 18:23:36,851 - masked_mre : 0.6724328398704529
2025-02-21 18:23:36,851 - Evaluate on pemsbay_speed_point_imputation:
2025-02-21 18:23:42,442 - masked_mae : 11.932486534118652
2025-02-21 18:23:42,451 - masked_rmse : 14.330772399902344
2025-02-21 18:23:42,464 - masked_mre : 0.19735795259475708
2025-02-21 18:23:42,464 - Evaluate on pemsbay_speed_block_imputation:
2025-02-21 18:23:48,053 - masked_mae : 34.80653762817383
2025-02-21 18:23:48,062 - masked_rmse : 36.39310836791992
2025-02-21 18:23:48,073 - masked_mre : 0.5761181116104126
2025-02-21 18:23:48,077 - Evaluate on metrla_speed_point_imputation:
2025-02-21 18:23:53,301 - masked_mae : 15.265375137329102
2025-02-21 18:23:53,302 - masked_rmse : 19.263744354248047
2025-02-21 18:23:53,304 - masked_mre : 0.27880406379699707
2025-02-21 18:23:53,304 - Evaluate on metrla_speed_block_imputation:
2025-02-21 18:23:58,509 - masked_mae : 33.05856704711914
2025-02-21 18:23:58,510 - masked_rmse : 36.268333435058594
2025-02-21 18:23:58,512 - masked_mre : 0.6295142769813538
2025-02-21 18:24:32,823 - [Epoch 7] Pretrain Loss: 23.2494
2025-02-21 18:24:32,823 - ************************************************************   Forecasting Task   ************************************************************
2025-02-21 18:24:32,823 - Evaluate on pems03_flow_short_term_forecasting:
2025-02-21 18:24:45,859 - masked_mae : 16.254562377929688
2025-02-21 18:24:45,878 - masked_rmse : 25.299306869506836
2025-02-21 18:24:45,915 - masked_mape : 0.16028951108455658
2025-02-21 18:24:45,916 - Evaluate on pems03_flow_long_term_forecasting:
2025-02-21 18:25:05,463 - masked_mae : 18.131160736083984
2025-02-21 18:25:05,531 - masked_rmse : 28.030874252319336
2025-02-21 18:25:05,661 - masked_mape : 0.1893206387758255
2025-02-21 18:25:05,662 - Evaluate on pems04_flow_short_term_forecasting:
2025-02-21 18:25:15,173 - masked_mae : 22.123502731323242
2025-02-21 18:25:15,184 - masked_rmse : 34.892364501953125
2025-02-21 18:25:15,206 - masked_mape : 0.15267278254032135
2025-02-21 18:25:15,206 - Evaluate on pems04_flow_long_term_forecasting:
2025-02-21 18:25:28,378 - masked_mae : 25.911758422851562
2025-02-21 18:25:28,417 - masked_rmse : 40.373897552490234
2025-02-21 18:25:28,492 - masked_mape : 0.18893122673034668
2025-02-21 18:25:28,492 - Evaluate on pems07_flow_short_term_forecasting:
2025-02-21 18:25:54,444 - masked_mae : 26.287248611450195
2025-02-21 18:25:54,493 - masked_rmse : 39.1218147277832
2025-02-21 18:25:54,587 - masked_mape : 0.12793178856372833
2025-02-21 18:25:54,587 - Evaluate on pems07_flow_long_term_forecasting:
2025-02-21 18:26:37,933 - masked_mae : 30.77203369140625
2025-02-21 18:26:38,109 - masked_rmse : 45.66300582885742
2025-02-21 18:26:38,445 - masked_mape : 0.1539752185344696
2025-02-21 18:26:38,445 - Evaluate on pems08_flow_short_term_forecasting:
2025-02-21 18:26:46,118 - masked_mae : 18.31786346435547
2025-02-21 18:26:46,125 - masked_rmse : 27.881576538085938
2025-02-21 18:26:46,138 - masked_mape : 0.14758387207984924
2025-02-21 18:26:46,138 - Evaluate on pems08_flow_long_term_forecasting:
2025-02-21 18:26:55,942 - masked_mae : 20.742639541625977
2025-02-21 18:26:55,966 - masked_rmse : 31.527029037475586
2025-02-21 18:26:56,010 - masked_mape : 0.16516903042793274
2025-02-21 18:26:56,011 - Evaluate on occpairs_occupancy_short_term_forecasting:
2025-02-21 18:27:09,954 - masked_mae : 0.9691123962402344
2025-02-21 18:27:09,976 - masked_rmse : 2.1441259384155273
2025-02-21 18:27:10,017 - masked_mape : 0.14634352922439575
2025-02-21 18:27:10,017 - Evaluate on occpairs_occupancy_long_term_forecasting:
2025-02-21 18:27:31,424 - masked_mae : 1.2219070196151733
2025-02-21 18:27:31,501 - masked_rmse : 2.5092289447784424
2025-02-21 18:27:31,647 - masked_mape : 0.18138718605041504
2025-02-21 18:27:31,647 - Evaluate on occhamburg_occupancy_short_term_forecasting:
2025-02-21 18:27:42,647 - masked_mae : 5.835443019866943
2025-02-21 18:27:42,662 - masked_rmse : 9.78548526763916
2025-02-21 18:27:42,690 - masked_mape : 0.4926309287548065
2025-02-21 18:27:42,691 - Evaluate on occhamburg_occupancy_long_term_forecasting:
2025-02-21 18:27:58,731 - masked_mae : 5.8834052085876465
2025-02-21 18:27:58,783 - masked_rmse : 9.828878402709961
2025-02-21 18:27:58,882 - masked_mape : 0.4940633773803711
2025-02-21 18:27:58,882 - Evaluate on pemsbay_speed_short_term_forecasting:
2025-02-21 18:28:18,434 - masked_mae : 2.130523443222046
2025-02-21 18:28:18,468 - masked_rmse : 4.387155055999756
2025-02-21 18:28:18,534 - masked_mape : 0.04717926308512688
2025-02-21 18:28:18,534 - Evaluate on pemsbay_speed_long_term_forecasting:
2025-02-21 18:28:50,194 - masked_mae : 2.960604429244995
2025-02-21 18:28:50,317 - masked_rmse : 5.85443115234375
2025-02-21 18:28:50,552 - masked_mape : 0.06779123842716217
2025-02-21 18:28:50,552 - Evaluate on metrla_speed_short_term_forecasting:
2025-02-21 18:29:01,518 - masked_mae : 5.360949993133545
2025-02-21 18:29:01,533 - masked_rmse : 9.582959175109863
2025-02-21 18:29:01,560 - masked_mape : 0.12146663665771484
2025-02-21 18:29:01,561 - Evaluate on metrla_speed_long_term_forecasting:
2025-02-21 18:29:17,460 - masked_mae : 6.66959810256958
2025-02-21 18:29:17,511 - masked_rmse : 11.411338806152344
2025-02-21 18:29:17,609 - masked_mape : 0.15317441523075104
2025-02-21 18:29:17,609 - Evaluate on trafficsh_speed_short_term_forecasting:
2025-02-21 18:29:28,803 - masked_mae : 0.5392542481422424
2025-02-21 18:29:28,818 - masked_rmse : 0.7975101470947266
2025-02-21 18:29:28,847 - masked_mape : 0.06655751913785934
2025-02-21 18:29:28,847 - Evaluate on trafficsh_speed_long_term_forecasting:
2025-02-21 18:29:45,086 - masked_mae : 0.5456969141960144
2025-02-21 18:29:45,139 - masked_rmse : 0.8806745409965515
2025-02-21 18:29:45,240 - masked_mape : 0.0728306695818901
2025-02-21 18:29:45,240 - Evaluate on bikenyc_inflow_short_term_forecasting:
2025-02-21 18:29:53,285 - masked_mae : 0.9617224335670471
2025-02-21 18:29:53,293 - masked_rmse : 2.9587700366973877
2025-02-21 18:29:53,308 - masked_mape : 0.31836965680122375
2025-02-21 18:29:53,308 - Evaluate on bikenyc_inflow_long_term_forecasting:
2025-02-21 18:30:03,762 - masked_mae : 1.149757742881775
2025-02-21 18:30:03,789 - masked_rmse : 3.6954448223114014
2025-02-21 18:30:03,839 - masked_mape : 0.35320332646369934
2025-02-21 18:30:03,840 - Evaluate on taxinyc_inflow_short_term_forecasting:
2025-02-21 18:30:11,835 - masked_mae : 4.943371772766113
2025-02-21 18:30:11,843 - masked_rmse : 13.362765312194824
2025-02-21 18:30:11,858 - masked_mape : 0.33689627051353455
2025-02-21 18:30:11,858 - Evaluate on taxinyc_inflow_long_term_forecasting:
2025-02-21 18:30:22,317 - masked_mae : 5.972910404205322
2025-02-21 18:30:22,344 - masked_rmse : 16.975475311279297
2025-02-21 18:30:22,395 - masked_mape : 0.3905840814113617
2025-02-21 18:30:22,395 - Evaluate on tdrive_inflow_short_term_forecasting:
2025-02-21 18:30:53,492 - masked_mae : 11.61194896697998
2025-02-21 18:30:53,552 - masked_rmse : 22.560579299926758
2025-02-21 18:30:53,668 - masked_mape : 0.18567027151584625
2025-02-21 18:30:53,669 - Evaluate on tdrive_inflow_long_term_forecasting:
2025-02-21 18:31:46,484 - masked_mae : 14.27292537689209
2025-02-21 18:31:46,701 - masked_rmse : 28.269445419311523
2025-02-21 18:31:47,119 - masked_mape : 0.22028742730617523
2025-02-21 18:31:47,120 - ************************************************************   Imputation Task   ************************************************************
2025-02-21 18:31:47,120 - Evaluate on pems03_flow_point_imputation:
2025-02-21 18:31:52,518 - masked_mae : 68.70021057128906
2025-02-21 18:31:52,520 - masked_rmse : 96.40410614013672
2025-02-21 18:31:52,522 - masked_mre : 0.4071013927459717
2025-02-21 18:31:52,522 - Evaluate on pems03_flow_block_imputation:
2025-02-21 18:31:57,957 - masked_mae : 113.677001953125
2025-02-21 18:31:57,961 - masked_rmse : 154.6488800048828
2025-02-21 18:31:57,964 - masked_mre : 0.6755936145782471
2025-02-21 18:31:57,964 - Evaluate on pems04_flow_point_imputation:
2025-02-21 18:32:03,200 - masked_mae : 76.87461853027344
2025-02-21 18:32:03,201 - masked_rmse : 106.2743148803711
2025-02-21 18:32:03,203 - masked_mre : 0.3643367886543274
2025-02-21 18:32:03,203 - Evaluate on pems04_flow_block_imputation:
2025-02-21 18:32:08,456 - masked_mae : 138.4637908935547
2025-02-21 18:32:08,457 - masked_rmse : 185.90277099609375
2025-02-21 18:32:08,459 - masked_mre : 0.659639298915863
2025-02-21 18:32:08,459 - Evaluate on pems07_flow_point_imputation:
2025-02-21 18:32:14,416 - masked_mae : 112.67308044433594
2025-02-21 18:32:14,422 - masked_rmse : 144.71652221679688
2025-02-21 18:32:14,428 - masked_mre : 0.3669684827327728
2025-02-21 18:32:14,434 - Evaluate on pems07_flow_block_imputation:
2025-02-21 18:32:20,386 - masked_mae : 209.70745849609375
2025-02-21 18:32:20,398 - masked_rmse : 258.363037109375
2025-02-21 18:32:20,422 - masked_mre : 0.6826857924461365
2025-02-21 18:32:20,422 - Evaluate on pems08_flow_point_imputation:
2025-02-21 18:32:25,546 - masked_mae : 84.94932556152344
2025-02-21 18:32:25,547 - masked_rmse : 110.48123931884766
2025-02-21 18:32:25,548 - masked_mre : 0.38015633821487427
2025-02-21 18:32:25,548 - Evaluate on pems08_flow_block_imputation:
2025-02-21 18:32:30,682 - masked_mae : 154.60272216796875
2025-02-21 18:32:30,683 - masked_rmse : 193.79168701171875
2025-02-21 18:32:30,684 - masked_mre : 0.6926642656326294
2025-02-21 18:32:30,684 - Evaluate on pemsbay_speed_point_imputation:
2025-02-21 18:32:36,415 - masked_mae : 12.742029190063477
2025-02-21 18:32:36,425 - masked_rmse : 15.070679664611816
2025-02-21 18:32:36,439 - masked_mre : 0.21075381338596344
2025-02-21 18:32:36,443 - Evaluate on pemsbay_speed_block_imputation:
2025-02-21 18:32:42,134 - masked_mae : 35.9479866027832
2025-02-21 18:32:42,144 - masked_rmse : 37.5953254699707
2025-02-21 18:32:42,155 - masked_mre : 0.5950153470039368
2025-02-21 18:32:42,159 - Evaluate on metrla_speed_point_imputation:
2025-02-21 18:32:47,452 - masked_mae : 15.910563468933105
2025-02-21 18:32:47,453 - masked_rmse : 19.620603561401367
2025-02-21 18:32:47,455 - masked_mre : 0.2947579622268677
2025-02-21 18:32:47,455 - Evaluate on metrla_speed_block_imputation:
2025-02-21 18:32:52,749 - masked_mae : 33.888004302978516
2025-02-21 18:32:52,750 - masked_rmse : 37.23126220703125
2025-02-21 18:32:52,751 - masked_mre : 0.6492584943771362
2025-02-21 18:33:27,143 - [Epoch 8] Pretrain Loss: 22.8457
2025-02-21 18:33:27,144 - ************************************************************   Forecasting Task   ************************************************************
2025-02-21 18:33:27,144 - Evaluate on pems03_flow_short_term_forecasting:
2025-02-21 18:33:40,263 - masked_mae : 16.15494155883789
2025-02-21 18:33:40,282 - masked_rmse : 25.04184913635254
2025-02-21 18:33:40,319 - masked_mape : 0.16248182952404022
2025-02-21 18:33:40,320 - Evaluate on pems03_flow_long_term_forecasting:
2025-02-21 18:33:59,997 - masked_mae : 17.896284103393555
2025-02-21 18:34:00,065 - masked_rmse : 27.672805786132812
2025-02-21 18:34:00,196 - masked_mape : 0.18876241147518158
2025-02-21 18:34:00,196 - Evaluate on pems04_flow_short_term_forecasting:
2025-02-21 18:34:09,776 - masked_mae : 22.127511978149414
2025-02-21 18:34:09,788 - masked_rmse : 34.878719329833984
2025-02-21 18:34:09,809 - masked_mape : 0.1551268994808197
2025-02-21 18:34:09,810 - Evaluate on pems04_flow_long_term_forecasting:
2025-02-21 18:34:23,104 - masked_mae : 25.335113525390625
2025-02-21 18:34:23,143 - masked_rmse : 39.548465728759766
2025-02-21 18:34:23,218 - masked_mape : 0.1889158934354782
2025-02-21 18:34:23,219 - Evaluate on pems07_flow_short_term_forecasting:
2025-02-21 18:34:49,281 - masked_mae : 26.12117576599121
2025-02-21 18:34:49,330 - masked_rmse : 38.99510192871094
2025-02-21 18:34:49,424 - masked_mape : 0.1284463107585907
2025-02-21 18:34:49,425 - Evaluate on pems07_flow_long_term_forecasting:
2025-02-21 18:35:32,899 - masked_mae : 30.101282119750977
2025-02-21 18:35:33,074 - masked_rmse : 44.620235443115234
2025-02-21 18:35:33,410 - masked_mape : 0.15162722766399384
2025-02-21 18:35:33,411 - Evaluate on pems08_flow_short_term_forecasting:
2025-02-21 18:35:41,134 - masked_mae : 18.181392669677734
2025-02-21 18:35:41,141 - masked_rmse : 27.725915908813477
2025-02-21 18:35:41,154 - masked_mape : 0.14565898478031158
2025-02-21 18:35:41,155 - Evaluate on pems08_flow_long_term_forecasting:
2025-02-21 18:35:51,029 - masked_mae : 20.28229522705078
2025-02-21 18:35:51,052 - masked_rmse : 31.02263832092285
2025-02-21 18:35:51,097 - masked_mape : 0.16266024112701416
2025-02-21 18:35:51,097 - Evaluate on occpairs_occupancy_short_term_forecasting:
2025-02-21 18:36:05,133 - masked_mae : 0.9744822978973389
2025-02-21 18:36:05,155 - masked_rmse : 2.1800038814544678
2025-02-21 18:36:05,196 - masked_mape : 0.14924883842468262
2025-02-21 18:36:05,197 - Evaluate on occpairs_occupancy_long_term_forecasting:
2025-02-21 18:36:26,776 - masked_mae : 1.2255500555038452
2025-02-21 18:36:26,853 - masked_rmse : 2.518754482269287
2025-02-21 18:36:26,999 - masked_mape : 0.1868772655725479
2025-02-21 18:36:27,000 - Evaluate on occhamburg_occupancy_short_term_forecasting:
2025-02-21 18:36:38,073 - masked_mae : 5.872106552124023
2025-02-21 18:36:38,088 - masked_rmse : 9.854180335998535
2025-02-21 18:36:38,116 - masked_mape : 0.5021247267723083
2025-02-21 18:36:38,116 - Evaluate on occhamburg_occupancy_long_term_forecasting:
2025-02-21 18:36:54,233 - masked_mae : 5.878868103027344
2025-02-21 18:36:54,284 - masked_rmse : 9.795931816101074
2025-02-21 18:36:54,383 - masked_mape : 0.5077369809150696
2025-02-21 18:36:54,383 - Evaluate on pemsbay_speed_short_term_forecasting:
2025-02-21 18:37:13,968 - masked_mae : 2.076653242111206
2025-02-21 18:37:14,002 - masked_rmse : 4.3383917808532715
2025-02-21 18:37:14,068 - masked_mape : 0.046111274510622025
2025-02-21 18:37:14,069 - Evaluate on pemsbay_speed_long_term_forecasting:
2025-02-21 18:37:45,822 - masked_mae : 2.9439728260040283
2025-02-21 18:37:45,945 - masked_rmse : 5.823512554168701
2025-02-21 18:37:46,179 - masked_mape : 0.06716344505548477
2025-02-21 18:37:46,180 - Evaluate on metrla_speed_short_term_forecasting:
2025-02-21 18:37:57,252 - masked_mae : 5.176352024078369
2025-02-21 18:37:57,267 - masked_rmse : 9.484692573547363
2025-02-21 18:37:57,295 - masked_mape : 0.11769917607307434
2025-02-21 18:37:57,295 - Evaluate on metrla_speed_long_term_forecasting:
2025-02-21 18:38:13,262 - masked_mae : 6.535752773284912
2025-02-21 18:38:13,313 - masked_rmse : 11.353320121765137
2025-02-21 18:38:13,411 - masked_mape : 0.15015457570552826
2025-02-21 18:38:13,411 - Evaluate on trafficsh_speed_short_term_forecasting:
2025-02-21 18:38:24,695 - masked_mae : 0.4936502277851105
2025-02-21 18:38:24,711 - masked_rmse : 0.7685187458992004
2025-02-21 18:38:24,740 - masked_mape : 0.06049257144331932
2025-02-21 18:38:24,740 - Evaluate on trafficsh_speed_long_term_forecasting:
2025-02-21 18:38:40,989 - masked_mae : 0.5245513319969177
2025-02-21 18:38:41,042 - masked_rmse : 0.8784849047660828
2025-02-21 18:38:41,142 - masked_mape : 0.0698479488492012
2025-02-21 18:38:41,143 - Evaluate on bikenyc_inflow_short_term_forecasting:
2025-02-21 18:38:49,255 - masked_mae : 0.9670899510383606
2025-02-21 18:38:49,263 - masked_rmse : 2.9707257747650146
2025-02-21 18:38:49,278 - masked_mape : 0.3247329890727997
2025-02-21 18:38:49,278 - Evaluate on bikenyc_inflow_long_term_forecasting:
2025-02-21 18:38:59,816 - masked_mae : 1.1399855613708496
2025-02-21 18:38:59,842 - masked_rmse : 3.6621274948120117
2025-02-21 18:38:59,893 - masked_mape : 0.362638384103775
2025-02-21 18:38:59,893 - Evaluate on taxinyc_inflow_short_term_forecasting:
2025-02-21 18:39:07,969 - masked_mae : 5.07476282119751
2025-02-21 18:39:07,977 - masked_rmse : 13.56002140045166
2025-02-21 18:39:07,992 - masked_mape : 0.345934122800827
2025-02-21 18:39:07,992 - Evaluate on taxinyc_inflow_long_term_forecasting:
2025-02-21 18:39:18,563 - masked_mae : 5.875217437744141
2025-02-21 18:39:18,590 - masked_rmse : 16.373153686523438
2025-02-21 18:39:18,641 - masked_mape : 0.38071897625923157
2025-02-21 18:39:18,641 - Evaluate on tdrive_inflow_short_term_forecasting:
2025-02-21 18:39:49,819 - masked_mae : 11.938671112060547
2025-02-21 18:39:49,880 - masked_rmse : 23.467660903930664
2025-02-21 18:39:49,996 - masked_mape : 0.19019174575805664
2025-02-21 18:39:49,997 - Evaluate on tdrive_inflow_long_term_forecasting:
2025-02-21 18:40:42,937 - masked_mae : 14.011433601379395
2025-02-21 18:40:43,155 - masked_rmse : 27.438888549804688
2025-02-21 18:40:43,573 - masked_mape : 0.21357019245624542
2025-02-21 18:40:43,574 - ************************************************************   Imputation Task   ************************************************************
2025-02-21 18:40:43,574 - Evaluate on pems03_flow_point_imputation:
2025-02-21 18:40:49,048 - masked_mae : 61.92957305908203
2025-02-21 18:40:49,050 - masked_rmse : 87.27957153320312
2025-02-21 18:40:49,058 - masked_mre : 0.36691176891326904
2025-02-21 18:40:49,058 - Evaluate on pems03_flow_block_imputation:
2025-02-21 18:40:54,528 - masked_mae : 107.28023529052734
2025-02-21 18:40:54,529 - masked_rmse : 146.4376220703125
2025-02-21 18:40:54,532 - masked_mre : 0.6375923752784729
2025-02-21 18:40:54,532 - Evaluate on pems04_flow_point_imputation:
2025-02-21 18:40:59,814 - masked_mae : 69.24169921875
2025-02-21 18:40:59,815 - masked_rmse : 96.08839416503906
2025-02-21 18:40:59,817 - masked_mre : 0.32797548174858093
2025-02-21 18:40:59,817 - Evaluate on pems04_flow_block_imputation:
2025-02-21 18:41:05,110 - masked_mae : 130.51226806640625
2025-02-21 18:41:05,111 - masked_rmse : 175.4375457763672
2025-02-21 18:41:05,113 - masked_mre : 0.6216703057289124
2025-02-21 18:41:05,113 - Evaluate on pems07_flow_point_imputation:
2025-02-21 18:41:11,113 - masked_mae : 100.88035583496094
2025-02-21 18:41:11,118 - masked_rmse : 130.1390380859375
2025-02-21 18:41:11,139 - masked_mre : 0.3284245729446411
2025-02-21 18:41:11,139 - Evaluate on pems07_flow_block_imputation:
2025-02-21 18:41:17,145 - masked_mae : 199.1300811767578
2025-02-21 18:41:17,155 - masked_rmse : 245.26876831054688
2025-02-21 18:41:17,174 - masked_mre : 0.648160994052887
2025-02-21 18:41:17,174 - Evaluate on pems08_flow_point_imputation:
2025-02-21 18:41:22,368 - masked_mae : 75.4120864868164
2025-02-21 18:41:22,369 - masked_rmse : 98.56184387207031
2025-02-21 18:41:22,370 - masked_mre : 0.33736422657966614
2025-02-21 18:41:22,371 - Evaluate on pems08_flow_block_imputation:
2025-02-21 18:41:27,550 - masked_mae : 146.16845703125
2025-02-21 18:41:27,551 - masked_rmse : 183.322265625
2025-02-21 18:41:27,552 - masked_mre : 0.6548218131065369
2025-02-21 18:41:27,552 - Evaluate on pemsbay_speed_point_imputation:
2025-02-21 18:41:33,308 - masked_mae : 11.761637687683105
2025-02-21 18:41:33,318 - masked_rmse : 14.314576148986816
2025-02-21 18:41:33,333 - masked_mre : 0.19453486800193787
2025-02-21 18:41:33,333 - Evaluate on pemsbay_speed_block_imputation:
2025-02-21 18:41:39,060 - masked_mae : 34.92933654785156
2025-02-21 18:41:39,069 - masked_rmse : 36.63290023803711
2025-02-21 18:41:39,080 - masked_mre : 0.5781542062759399
2025-02-21 18:41:39,084 - Evaluate on metrla_speed_point_imputation:
2025-02-21 18:41:44,429 - masked_mae : 14.539960861206055
2025-02-21 18:41:44,430 - masked_rmse : 18.385866165161133
2025-02-21 18:41:44,432 - masked_mre : 0.26735919713974
2025-02-21 18:41:44,432 - Evaluate on metrla_speed_block_imputation:
2025-02-21 18:41:49,776 - masked_mae : 32.578243255615234
2025-02-21 18:41:49,777 - masked_rmse : 35.82887649536133
2025-02-21 18:41:49,780 - masked_mre : 0.622627854347229
2025-02-21 18:42:24,268 - [Epoch 9] Pretrain Loss: 22.6010
2025-02-21 18:42:24,268 - ************************************************************   Forecasting Task   ************************************************************
2025-02-21 18:42:24,268 - Evaluate on pems03_flow_short_term_forecasting:
2025-02-21 18:42:37,390 - masked_mae : 16.400630950927734
2025-02-21 18:42:37,409 - masked_rmse : 25.5118408203125
2025-02-21 18:42:37,446 - masked_mape : 0.16072411835193634
2025-02-21 18:42:37,446 - Evaluate on pems03_flow_long_term_forecasting:
2025-02-21 18:42:57,155 - masked_mae : 17.704866409301758
2025-02-21 18:42:57,224 - masked_rmse : 27.48187828063965
2025-02-21 18:42:57,354 - masked_mape : 0.17792843282222748
2025-02-21 18:42:57,355 - Evaluate on pems04_flow_short_term_forecasting:
2025-02-21 18:43:06,981 - masked_mae : 22.237699508666992
2025-02-21 18:43:06,993 - masked_rmse : 35.03670120239258
2025-02-21 18:43:07,014 - masked_mape : 0.15249191224575043
2025-02-21 18:43:07,014 - Evaluate on pems04_flow_long_term_forecasting:
2025-02-21 18:43:20,372 - masked_mae : 25.15142250061035
2025-02-21 18:43:20,411 - masked_rmse : 39.338619232177734
2025-02-21 18:43:20,486 - masked_mape : 0.1803078055381775
2025-02-21 18:43:20,486 - Evaluate on pems07_flow_short_term_forecasting:
2025-02-21 18:43:46,653 - masked_mae : 26.505020141601562
2025-02-21 18:43:46,702 - masked_rmse : 39.40605926513672
2025-02-21 18:43:46,795 - masked_mape : 0.12787048518657684
2025-02-21 18:43:46,796 - Evaluate on pems07_flow_long_term_forecasting:
2025-02-21 18:44:30,110 - masked_mae : 29.79327964782715
2025-02-21 18:44:30,286 - masked_rmse : 44.30851745605469
2025-02-21 18:44:30,622 - masked_mape : 0.14420831203460693
2025-02-21 18:44:30,622 - Evaluate on pems08_flow_short_term_forecasting:
2025-02-21 18:44:38,386 - masked_mae : 18.605173110961914
2025-02-21 18:44:38,393 - masked_rmse : 28.25998878479004
2025-02-21 18:44:38,406 - masked_mape : 0.14742618799209595
2025-02-21 18:44:38,407 - Evaluate on pems08_flow_long_term_forecasting:
2025-02-21 18:44:48,301 - masked_mae : 20.1423282623291
2025-02-21 18:44:48,324 - masked_rmse : 30.843368530273438
2025-02-21 18:44:48,369 - masked_mape : 0.15721452236175537
2025-02-21 18:44:48,369 - Evaluate on occpairs_occupancy_short_term_forecasting:
2025-02-21 18:45:02,539 - masked_mae : 0.9589300155639648
2025-02-21 18:45:02,561 - masked_rmse : 2.141840934753418
2025-02-21 18:45:02,602 - masked_mape : 0.14547865092754364
2025-02-21 18:45:02,602 - Evaluate on occpairs_occupancy_long_term_forecasting:
2025-02-21 18:45:24,123 - masked_mae : 1.200203537940979
2025-02-21 18:45:24,200 - masked_rmse : 2.4632465839385986
2025-02-21 18:45:24,346 - masked_mape : 0.17993836104869843
2025-02-21 18:45:24,347 - Evaluate on occhamburg_occupancy_short_term_forecasting:
2025-02-21 18:45:35,508 - masked_mae : 5.846705913543701
2025-02-21 18:45:35,523 - masked_rmse : 9.846928596496582
2025-02-21 18:45:35,551 - masked_mape : 0.48897209763526917
2025-02-21 18:45:35,551 - Evaluate on occhamburg_occupancy_long_term_forecasting:
2025-02-21 18:45:51,594 - masked_mae : 5.841785907745361
2025-02-21 18:45:51,646 - masked_rmse : 9.798382759094238
2025-02-21 18:45:51,745 - masked_mape : 0.487665057182312
2025-02-21 18:45:51,745 - Evaluate on pemsbay_speed_short_term_forecasting:
2025-02-21 18:46:11,392 - masked_mae : 2.11043381690979
2025-02-21 18:46:11,426 - masked_rmse : 4.331889629364014
2025-02-21 18:46:11,492 - masked_mape : 0.04648269712924957
2025-02-21 18:46:11,493 - Evaluate on pemsbay_speed_long_term_forecasting:
2025-02-21 18:46:43,238 - masked_mae : 2.945493698120117
2025-02-21 18:46:43,361 - masked_rmse : 5.805591583251953
2025-02-21 18:46:43,596 - masked_mape : 0.06656697392463684
2025-02-21 18:46:43,596 - Evaluate on metrla_speed_short_term_forecasting:
2025-02-21 18:46:54,654 - masked_mae : 5.32899808883667
2025-02-21 18:46:54,669 - masked_rmse : 9.536355018615723
2025-02-21 18:46:54,696 - masked_mape : 0.12004350870847702
2025-02-21 18:46:54,697 - Evaluate on metrla_speed_long_term_forecasting:
2025-02-21 18:47:10,722 - masked_mae : 6.627498626708984
2025-02-21 18:47:10,773 - masked_rmse : 11.364090919494629
2025-02-21 18:47:10,871 - masked_mape : 0.15031597018241882
2025-02-21 18:47:10,871 - Evaluate on trafficsh_speed_short_term_forecasting:
2025-02-21 18:47:22,218 - masked_mae : 0.5440163016319275
2025-02-21 18:47:22,233 - masked_rmse : 0.8130233883857727
2025-02-21 18:47:22,262 - masked_mape : 0.06623942404985428
2025-02-21 18:47:22,262 - Evaluate on trafficsh_speed_long_term_forecasting:
2025-02-21 18:47:38,584 - masked_mae : 0.5559136271476746
2025-02-21 18:47:38,636 - masked_rmse : 0.9023399353027344
2025-02-21 18:47:38,737 - masked_mape : 0.07191542536020279
2025-02-21 18:47:38,738 - Evaluate on bikenyc_inflow_short_term_forecasting:
2025-02-21 18:47:46,858 - masked_mae : 0.9590473771095276
2025-02-21 18:47:46,866 - masked_rmse : 2.9520273208618164
2025-02-21 18:47:46,881 - masked_mape : 0.3169923722743988
2025-02-21 18:47:46,881 - Evaluate on bikenyc_inflow_long_term_forecasting:
2025-02-21 18:47:57,501 - masked_mae : 1.1147031784057617
2025-02-21 18:47:57,527 - masked_rmse : 3.5845119953155518
2025-02-21 18:47:57,578 - masked_mape : 0.3503093421459198
2025-02-21 18:47:57,578 - Evaluate on taxinyc_inflow_short_term_forecasting:
2025-02-21 18:48:05,712 - masked_mae : 4.945920944213867
2025-02-21 18:48:05,720 - masked_rmse : 13.067658424377441
2025-02-21 18:48:05,735 - masked_mape : 0.3370014727115631
2025-02-21 18:48:05,735 - Evaluate on taxinyc_inflow_long_term_forecasting:
2025-02-21 18:48:16,291 - masked_mae : 5.685661315917969
2025-02-21 18:48:16,318 - masked_rmse : 15.788036346435547
2025-02-21 18:48:16,368 - masked_mape : 0.37526270747184753
2025-02-21 18:48:16,369 - Evaluate on tdrive_inflow_short_term_forecasting:
2025-02-21 18:48:47,556 - masked_mae : 11.929171562194824
2025-02-21 18:48:47,616 - masked_rmse : 23.001977920532227
2025-02-21 18:48:47,732 - masked_mape : 0.1853862851858139
2025-02-21 18:48:47,733 - Evaluate on tdrive_inflow_long_term_forecasting:
2025-02-21 18:49:40,552 - masked_mae : 13.713615417480469
2025-02-21 18:49:40,770 - masked_rmse : 27.0240535736084
2025-02-21 18:49:41,188 - masked_mape : 0.21036936342716217
2025-02-21 18:49:41,189 - ************************************************************   Imputation Task   ************************************************************
2025-02-21 18:49:41,189 - Evaluate on pems03_flow_point_imputation:
2025-02-21 18:49:46,711 - masked_mae : 61.69692611694336
2025-02-21 18:49:46,713 - masked_rmse : 86.94869995117188
2025-02-21 18:49:46,718 - masked_mre : 0.36569803953170776
2025-02-21 18:49:46,722 - Evaluate on pems03_flow_block_imputation:
2025-02-21 18:49:52,289 - masked_mae : 109.94123840332031
2025-02-21 18:49:52,290 - masked_rmse : 149.19375610351562
2025-02-21 18:49:52,293 - masked_mre : 0.6536054015159607
2025-02-21 18:49:52,293 - Evaluate on pems04_flow_point_imputation:
2025-02-21 18:49:57,637 - masked_mae : 69.58988189697266
2025-02-21 18:49:57,639 - masked_rmse : 96.39095306396484
2025-02-21 18:49:57,641 - masked_mre : 0.32976439595222473
2025-02-21 18:49:57,641 - Evaluate on pems04_flow_block_imputation:
2025-02-21 18:50:02,989 - masked_mae : 134.68994140625
2025-02-21 18:50:02,991 - masked_rmse : 179.59039306640625
2025-02-21 18:50:02,993 - masked_mre : 0.6418324112892151
2025-02-21 18:50:02,993 - Evaluate on pems07_flow_point_imputation:
2025-02-21 18:50:09,060 - masked_mae : 102.70711517333984
2025-02-21 18:50:09,066 - masked_rmse : 132.0030517578125
2025-02-21 18:50:09,092 - masked_mre : 0.3344566524028778
2025-02-21 18:50:09,099 - Evaluate on pems07_flow_block_imputation:
2025-02-21 18:50:15,151 - masked_mae : 204.3448028564453
2025-02-21 18:50:15,164 - masked_rmse : 250.16712951660156
2025-02-21 18:50:15,188 - masked_mre : 0.6653502583503723
2025-02-21 18:50:15,188 - Evaluate on pems08_flow_point_imputation:
2025-02-21 18:50:20,461 - masked_mae : 76.42935943603516
2025-02-21 18:50:20,462 - masked_rmse : 99.54324340820312
2025-02-21 18:50:20,463 - masked_mre : 0.3419860899448395
2025-02-21 18:50:20,463 - Evaluate on pems08_flow_block_imputation:
2025-02-21 18:50:25,705 - masked_mae : 149.93104553222656
2025-02-21 18:50:25,705 - masked_rmse : 186.86903381347656
2025-02-21 18:50:25,707 - masked_mre : 0.6718184947967529
2025-02-21 18:50:25,707 - Evaluate on pemsbay_speed_point_imputation:
2025-02-21 18:50:31,502 - masked_mae : 12.498745918273926
2025-02-21 18:50:31,512 - masked_rmse : 15.057908058166504
2025-02-21 18:50:31,525 - masked_mre : 0.20673169195652008
2025-02-21 18:50:31,529 - Evaluate on pemsbay_speed_block_imputation:
2025-02-21 18:50:37,353 - masked_mae : 36.289794921875
2025-02-21 18:50:37,363 - masked_rmse : 37.97651290893555
2025-02-21 18:50:37,374 - masked_mre : 0.6006760001182556
2025-02-21 18:50:37,378 - Evaluate on metrla_speed_point_imputation:
2025-02-21 18:50:42,817 - masked_mae : 15.121100425720215
2025-02-21 18:50:42,818 - masked_rmse : 18.859281539916992
2025-02-21 18:50:42,820 - masked_mre : 0.2803499102592468
2025-02-21 18:50:42,820 - Evaluate on metrla_speed_block_imputation:
2025-02-21 18:50:48,204 - masked_mae : 33.44685745239258
2025-02-21 18:50:48,208 - masked_rmse : 36.74125671386719
2025-02-21 18:50:48,210 - masked_mre : 0.6420806646347046
2025-02-21 18:51:22,746 - [Epoch 10] Pretrain Loss: 22.5424
2025-02-21 18:51:22,747 - ************************************************************   Forecasting Task   ************************************************************
2025-02-21 18:51:22,747 - Evaluate on pems03_flow_short_term_forecasting:
2025-02-21 18:51:36,004 - masked_mae : 16.251867294311523
2025-02-21 18:51:36,024 - masked_rmse : 25.138704299926758
2025-02-21 18:51:36,061 - masked_mape : 0.1624900847673416
2025-02-21 18:51:36,061 - Evaluate on pems03_flow_long_term_forecasting:
2025-02-21 18:51:55,910 - masked_mae : 18.02547264099121
2025-02-21 18:51:55,978 - masked_rmse : 27.708093643188477
2025-02-21 18:51:56,109 - masked_mape : 0.18712705373764038
2025-02-21 18:51:56,109 - Evaluate on pems04_flow_short_term_forecasting:
2025-02-21 18:52:05,779 - masked_mae : 22.22178077697754
2025-02-21 18:52:05,790 - masked_rmse : 35.00748062133789
2025-02-21 18:52:05,812 - masked_mape : 0.15481679141521454
2025-02-21 18:52:05,812 - Evaluate on pems04_flow_long_term_forecasting:
2025-02-21 18:52:19,202 - masked_mae : 25.202835083007812
2025-02-21 18:52:19,241 - masked_rmse : 39.22415542602539
2025-02-21 18:52:19,316 - masked_mape : 0.1877167820930481
2025-02-21 18:52:19,316 - Evaluate on pems07_flow_short_term_forecasting:
2025-02-21 18:52:45,385 - masked_mae : 26.290441513061523
2025-02-21 18:52:45,434 - masked_rmse : 39.21210479736328
2025-02-21 18:52:45,528 - masked_mape : 0.12809258699417114
2025-02-21 18:52:45,528 - Evaluate on pems07_flow_long_term_forecasting:
2025-02-21 18:53:28,997 - masked_mae : 29.9287166595459
2025-02-21 18:53:29,172 - masked_rmse : 44.23570251464844
2025-02-21 18:53:29,508 - masked_mape : 0.1502019166946411
2025-02-21 18:53:29,509 - Evaluate on pems08_flow_short_term_forecasting:
2025-02-21 18:53:37,358 - masked_mae : 18.437929153442383
2025-02-21 18:53:37,365 - masked_rmse : 28.027692794799805
2025-02-21 18:53:37,379 - masked_mape : 0.1439279019832611
2025-02-21 18:53:37,379 - Evaluate on pems08_flow_long_term_forecasting:
2025-02-21 18:53:47,338 - masked_mae : 20.418195724487305
2025-02-21 18:53:47,362 - masked_rmse : 31.034921646118164
2025-02-21 18:53:47,407 - masked_mape : 0.16529755294322968
2025-02-21 18:53:47,407 - Evaluate on occpairs_occupancy_short_term_forecasting:
2025-02-21 18:54:01,583 - masked_mae : 0.9634356498718262
2025-02-21 18:54:01,605 - masked_rmse : 2.1693787574768066
2025-02-21 18:54:01,646 - masked_mape : 0.1475328654050827
2025-02-21 18:54:01,647 - Evaluate on occpairs_occupancy_long_term_forecasting:
2025-02-21 18:54:23,286 - masked_mae : 1.2262128591537476
2025-02-21 18:54:23,363 - masked_rmse : 2.5046799182891846
2025-02-21 18:54:23,509 - masked_mape : 0.18997298181056976
2025-02-21 18:54:23,510 - Evaluate on occhamburg_occupancy_short_term_forecasting:
2025-02-21 18:54:34,681 - masked_mae : 5.900903701782227
2025-02-21 18:54:34,696 - masked_rmse : 9.933141708374023
2025-02-21 18:54:34,724 - masked_mape : 0.5036113858222961
2025-02-21 18:54:34,724 - Evaluate on occhamburg_occupancy_long_term_forecasting:
2025-02-21 18:54:50,853 - masked_mae : 5.873058319091797
2025-02-21 18:54:50,905 - masked_rmse : 9.802775382995605
2025-02-21 18:54:51,004 - masked_mape : 0.5099461078643799
2025-02-21 18:54:51,004 - Evaluate on pemsbay_speed_short_term_forecasting:
2025-02-21 18:55:10,782 - masked_mae : 2.056658983230591
2025-02-21 18:55:10,817 - masked_rmse : 4.308423042297363
2025-02-21 18:55:10,882 - masked_mape : 0.04546387121081352
2025-02-21 18:55:10,883 - Evaluate on pemsbay_speed_long_term_forecasting:
2025-02-21 18:55:42,676 - masked_mae : 2.932497024536133
2025-02-21 18:55:42,799 - masked_rmse : 5.817224979400635
2025-02-21 18:55:43,033 - masked_mape : 0.06633596867322922
2025-02-21 18:55:43,034 - Evaluate on metrla_speed_short_term_forecasting:
2025-02-21 18:55:54,154 - masked_mae : 5.111276149749756
2025-02-21 18:55:54,169 - masked_rmse : 9.447443962097168
2025-02-21 18:55:54,196 - masked_mape : 0.11590088158845901
2025-02-21 18:55:54,197 - Evaluate on metrla_speed_long_term_forecasting:
2025-02-21 18:56:10,290 - masked_mae : 6.483792781829834
2025-02-21 18:56:10,341 - masked_rmse : 11.374829292297363
2025-02-21 18:56:10,439 - masked_mape : 0.14790378510951996
2025-02-21 18:56:10,439 - Evaluate on trafficsh_speed_short_term_forecasting:
2025-02-21 18:56:21,867 - masked_mae : 0.5003993511199951
2025-02-21 18:56:21,882 - masked_rmse : 0.7874786853790283
2025-02-21 18:56:21,911 - masked_mape : 0.060785625129938126
2025-02-21 18:56:21,912 - Evaluate on trafficsh_speed_long_term_forecasting:
2025-02-21 18:56:38,392 - masked_mae : 0.5451173186302185
2025-02-21 18:56:38,445 - masked_rmse : 0.9077569842338562
2025-02-21 18:56:38,545 - masked_mape : 0.07024244219064713
2025-02-21 18:56:38,546 - Evaluate on bikenyc_inflow_short_term_forecasting:
2025-02-21 18:56:46,723 - masked_mae : 0.961574137210846
2025-02-21 18:56:46,731 - masked_rmse : 2.9526612758636475
2025-02-21 18:56:46,746 - masked_mape : 0.3238092362880707
2025-02-21 18:56:46,746 - Evaluate on bikenyc_inflow_long_term_forecasting:
2025-02-21 18:56:57,412 - masked_mae : 1.1297770738601685
2025-02-21 18:56:57,438 - masked_rmse : 3.5855796337127686
2025-02-21 18:56:57,489 - masked_mape : 0.3674280643463135
2025-02-21 18:56:57,489 - Evaluate on taxinyc_inflow_short_term_forecasting:
2025-02-21 18:57:05,645 - masked_mae : 5.013991355895996
2025-02-21 18:57:05,653 - masked_rmse : 13.2264404296875
2025-02-21 18:57:05,668 - masked_mape : 0.3344825506210327
2025-02-21 18:57:05,668 - Evaluate on taxinyc_inflow_long_term_forecasting:
2025-02-21 18:57:16,333 - masked_mae : 5.772495269775391
2025-02-21 18:57:16,360 - masked_rmse : 15.687232971191406
2025-02-21 18:57:16,411 - masked_mape : 0.38893792033195496
2025-02-21 18:57:16,411 - Evaluate on tdrive_inflow_short_term_forecasting:
2025-02-21 18:57:47,838 - masked_mae : 12.092662811279297
2025-02-21 18:57:47,899 - masked_rmse : 23.51215362548828
2025-02-21 18:57:48,015 - masked_mape : 0.1871211975812912
2025-02-21 18:57:48,016 - Evaluate on tdrive_inflow_long_term_forecasting:
2025-02-21 18:58:41,029 - masked_mae : 14.196032524108887
2025-02-21 18:58:41,247 - masked_rmse : 27.258941650390625
2025-02-21 18:58:41,665 - masked_mape : 0.22885745763778687
2025-02-21 18:58:41,666 - ************************************************************   Imputation Task   ************************************************************
2025-02-21 18:58:41,666 - Evaluate on pems03_flow_point_imputation:
2025-02-21 18:58:47,284 - masked_mae : 56.07391357421875
2025-02-21 18:58:47,286 - masked_rmse : 79.72982788085938
2025-02-21 18:58:47,290 - masked_mre : 0.33234840631484985
2025-02-21 18:58:47,290 - Evaluate on pems03_flow_block_imputation:
2025-02-21 18:58:52,875 - masked_mae : 101.91758728027344
2025-02-21 18:58:52,877 - masked_rmse : 139.67880249023438
2025-02-21 18:58:52,879 - masked_mre : 0.605877161026001
2025-02-21 18:58:52,885 - Evaluate on pems04_flow_point_imputation:
2025-02-21 18:58:58,286 - masked_mae : 63.38784408569336
2025-02-21 18:58:58,287 - masked_rmse : 88.66678619384766
2025-02-21 18:58:58,290 - masked_mre : 0.3002060353755951
2025-02-21 18:58:58,290 - Evaluate on pems04_flow_block_imputation:
2025-02-21 18:59:03,698 - masked_mae : 125.073974609375
2025-02-21 18:59:03,699 - masked_rmse : 168.2813262939453
2025-02-21 18:59:03,701 - masked_mre : 0.5958623886108398
2025-02-21 18:59:03,701 - Evaluate on pems07_flow_point_imputation:
2025-02-21 18:59:09,818 - masked_mae : 92.40815734863281
2025-02-21 18:59:09,822 - masked_rmse : 120.3637466430664
2025-02-21 18:59:09,837 - masked_mre : 0.3008117377758026
2025-02-21 18:59:09,842 - Evaluate on pems07_flow_block_imputation:
2025-02-21 18:59:15,939 - masked_mae : 191.48875427246094
2025-02-21 18:59:15,952 - masked_rmse : 236.13882446289062
2025-02-21 18:59:15,974 - masked_mre : 0.6233880519866943
2025-02-21 18:59:15,974 - Evaluate on pems08_flow_point_imputation:
2025-02-21 18:59:21,290 - masked_mae : 68.09994506835938
2025-02-21 18:59:21,291 - masked_rmse : 90.07421875
2025-02-21 18:59:21,293 - masked_mre : 0.3046301007270813
2025-02-21 18:59:21,293 - Evaluate on pems08_flow_block_imputation:
2025-02-21 18:59:26,577 - masked_mae : 139.53196716308594
2025-02-21 18:59:26,578 - masked_rmse : 175.3345489501953
2025-02-21 18:59:26,579 - masked_mre : 0.62515789270401
2025-02-21 18:59:26,580 - Evaluate on pemsbay_speed_point_imputation:
2025-02-21 18:59:32,435 - masked_mae : 11.587238311767578
2025-02-21 18:59:32,448 - masked_rmse : 14.417572021484375
2025-02-21 18:59:32,462 - masked_mre : 0.19165194034576416
2025-02-21 18:59:32,462 - Evaluate on pemsbay_speed_block_imputation:
2025-02-21 18:59:38,304 - masked_mae : 35.40005111694336
2025-02-21 18:59:38,314 - masked_rmse : 37.135047912597656
2025-02-21 18:59:38,325 - masked_mre : 0.5859484672546387
2025-02-21 18:59:38,326 - Evaluate on metrla_speed_point_imputation:
2025-02-21 18:59:43,815 - masked_mae : 14.069305419921875
2025-02-21 18:59:43,816 - masked_rmse : 17.95497703552246
2025-02-21 18:59:43,818 - masked_mre : 0.258131742477417
2025-02-21 18:59:43,818 - Evaluate on metrla_speed_block_imputation:
2025-02-21 18:59:49,320 - masked_mae : 32.17161178588867
2025-02-21 18:59:49,322 - masked_rmse : 35.3826789855957
2025-02-21 18:59:49,323 - masked_mre : 0.6155391335487366
2025-02-21 19:00:23,879 - [Epoch 11] Pretrain Loss: 22.3798
2025-02-21 19:00:23,880 - ************************************************************   Forecasting Task   ************************************************************
2025-02-21 19:00:23,880 - Evaluate on pems03_flow_short_term_forecasting:
2025-02-21 19:00:37,178 - masked_mae : 16.1684627532959
2025-02-21 19:00:37,198 - masked_rmse : 25.08440399169922
2025-02-21 19:00:37,235 - masked_mape : 0.15912778675556183
2025-02-21 19:00:37,235 - Evaluate on pems03_flow_long_term_forecasting:
2025-02-21 19:00:57,026 - masked_mae : 17.60573387145996
2025-02-21 19:00:57,095 - masked_rmse : 27.14946937561035
2025-02-21 19:00:57,225 - masked_mape : 0.17897988855838776
2025-02-21 19:00:57,225 - Evaluate on pems04_flow_short_term_forecasting:
2025-02-21 19:01:06,983 - masked_mae : 21.940439224243164
2025-02-21 19:01:06,995 - masked_rmse : 34.59974670410156
2025-02-21 19:01:07,016 - masked_mape : 0.15037836134433746
2025-02-21 19:01:07,017 - Evaluate on pems04_flow_long_term_forecasting:
2025-02-21 19:01:20,512 - masked_mae : 24.80262565612793
2025-02-21 19:01:20,551 - masked_rmse : 38.7009162902832
2025-02-21 19:01:20,626 - masked_mape : 0.17977984249591827
2025-02-21 19:01:20,626 - Evaluate on pems07_flow_short_term_forecasting:
2025-02-21 19:01:46,783 - masked_mae : 25.96164894104004
2025-02-21 19:01:46,833 - masked_rmse : 38.713748931884766
2025-02-21 19:01:46,926 - masked_mape : 0.12418100237846375
2025-02-21 19:01:46,927 - Evaluate on pems07_flow_long_term_forecasting:
2025-02-21 19:02:30,453 - masked_mae : 29.254409790039062
2025-02-21 19:02:30,629 - masked_rmse : 43.53220748901367
2025-02-21 19:02:30,965 - masked_mape : 0.14309994876384735
2025-02-21 19:02:30,965 - Evaluate on pems08_flow_short_term_forecasting:
2025-02-21 19:02:38,888 - masked_mae : 18.210481643676758
2025-02-21 19:02:38,896 - masked_rmse : 27.7293643951416
2025-02-21 19:02:38,909 - masked_mape : 0.13873298466205597
2025-02-21 19:02:38,909 - Evaluate on pems08_flow_long_term_forecasting:
2025-02-21 19:02:48,930 - masked_mae : 19.95233917236328
2025-02-21 19:02:48,953 - masked_rmse : 30.438905715942383
2025-02-21 19:02:48,998 - masked_mape : 0.15790654718875885
2025-02-21 19:02:48,998 - Evaluate on occpairs_occupancy_short_term_forecasting:
2025-02-21 19:03:03,229 - masked_mae : 0.9387617111206055
2025-02-21 19:03:03,251 - masked_rmse : 2.1136062145233154
2025-02-21 19:03:03,292 - masked_mape : 0.14334188401699066
2025-02-21 19:03:03,292 - Evaluate on occpairs_occupancy_long_term_forecasting:
2025-02-21 19:03:24,980 - masked_mae : 1.2057509422302246
2025-02-21 19:03:25,057 - masked_rmse : 2.448986768722534
2025-02-21 19:03:25,203 - masked_mape : 0.18553555011749268
2025-02-21 19:03:25,204 - Evaluate on occhamburg_occupancy_short_term_forecasting:
2025-02-21 19:03:36,465 - masked_mae : 5.8631720542907715
2025-02-21 19:03:36,479 - masked_rmse : 9.880982398986816
2025-02-21 19:03:36,508 - masked_mape : 0.4917541444301605
2025-02-21 19:03:36,508 - Evaluate on occhamburg_occupancy_long_term_forecasting:
2025-02-21 19:03:52,700 - masked_mae : 5.8434224128723145
2025-02-21 19:03:52,752 - masked_rmse : 9.773431777954102
2025-02-21 19:03:52,851 - masked_mape : 0.4978487491607666
2025-02-21 19:03:52,851 - Evaluate on pemsbay_speed_short_term_forecasting:
2025-02-21 19:04:12,653 - masked_mae : 2.084559440612793
2025-02-21 19:04:12,687 - masked_rmse : 4.295682907104492
2025-02-21 19:04:12,753 - masked_mape : 0.04554849863052368
2025-02-21 19:04:12,753 - Evaluate on pemsbay_speed_long_term_forecasting:
2025-02-21 19:04:44,673 - masked_mae : 2.913581609725952
2025-02-21 19:04:44,796 - masked_rmse : 5.769568920135498
2025-02-21 19:04:45,030 - masked_mape : 0.06550250947475433
2025-02-21 19:04:45,031 - Evaluate on metrla_speed_short_term_forecasting:
2025-02-21 19:04:56,251 - masked_mae : 5.251710414886475
2025-02-21 19:04:56,265 - masked_rmse : 9.464088439941406
2025-02-21 19:04:56,293 - masked_mape : 0.11813152581453323
2025-02-21 19:04:56,293 - Evaluate on metrla_speed_long_term_forecasting:
2025-02-21 19:05:12,414 - masked_mae : 6.510119915008545
2025-02-21 19:05:12,465 - masked_rmse : 11.322578430175781
2025-02-21 19:05:12,562 - masked_mape : 0.147651806473732
2025-02-21 19:05:12,563 - Evaluate on trafficsh_speed_short_term_forecasting:
2025-02-21 19:05:24,020 - masked_mae : 0.5224024057388306
2025-02-21 19:05:24,035 - masked_rmse : 0.789404571056366
2025-02-21 19:05:24,064 - masked_mape : 0.0638892725110054
2025-02-21 19:05:24,065 - Evaluate on trafficsh_speed_long_term_forecasting:
2025-02-21 19:05:40,440 - masked_mae : 0.5472564697265625
2025-02-21 19:05:40,493 - masked_rmse : 0.8957402110099792
2025-02-21 19:05:40,594 - masked_mape : 0.06993041187524796
2025-02-21 19:05:40,594 - Evaluate on bikenyc_inflow_short_term_forecasting:
2025-02-21 19:05:48,878 - masked_mae : 0.9417347311973572
2025-02-21 19:05:48,886 - masked_rmse : 2.8742427825927734
2025-02-21 19:05:48,901 - masked_mape : 0.3163376748561859
2025-02-21 19:05:48,901 - Evaluate on bikenyc_inflow_long_term_forecasting:
2025-02-21 19:05:59,585 - masked_mae : 1.105157494544983
2025-02-21 19:05:59,612 - masked_rmse : 3.4538962841033936
2025-02-21 19:05:59,663 - masked_mape : 0.3591102063655853
2025-02-21 19:05:59,663 - Evaluate on taxinyc_inflow_short_term_forecasting:
2025-02-21 19:06:07,923 - masked_mae : 4.7512664794921875
2025-02-21 19:06:07,931 - masked_rmse : 12.374159812927246
2025-02-21 19:06:07,946 - masked_mape : 0.3321017622947693
2025-02-21 19:06:07,946 - Evaluate on taxinyc_inflow_long_term_forecasting:
2025-02-21 19:06:18,679 - masked_mae : 5.6425933837890625
2025-02-21 19:06:18,706 - masked_rmse : 14.943486213684082
2025-02-21 19:06:18,756 - masked_mape : 0.41431188583374023
2025-02-21 19:06:18,757 - Evaluate on tdrive_inflow_short_term_forecasting:
2025-02-21 19:06:50,084 - masked_mae : 11.453857421875
2025-02-21 19:06:50,144 - masked_rmse : 21.967226028442383
2025-02-21 19:06:50,260 - masked_mape : 0.18721824884414673
2025-02-21 19:06:50,261 - Evaluate on tdrive_inflow_long_term_forecasting:
2025-02-21 19:07:43,277 - masked_mae : 13.650677680969238
2025-02-21 19:07:43,495 - masked_rmse : 26.002731323242188
2025-02-21 19:07:43,913 - masked_mape : 0.2425382137298584
2025-02-21 19:07:43,914 - ************************************************************   Imputation Task   ************************************************************
2025-02-21 19:07:43,914 - Evaluate on pems03_flow_point_imputation:
2025-02-21 19:07:49,525 - masked_mae : 57.036075592041016
2025-02-21 19:07:49,527 - masked_rmse : 81.0000228881836
2025-02-21 19:07:49,538 - masked_mre : 0.33822381496429443
2025-02-21 19:07:49,538 - Evaluate on pems03_flow_block_imputation:
2025-02-21 19:07:55,165 - masked_mae : 104.07284545898438
2025-02-21 19:07:55,167 - masked_rmse : 141.69215393066406
2025-02-21 19:07:55,169 - masked_mre : 0.6188240051269531
2025-02-21 19:07:55,170 - Evaluate on pems04_flow_point_imputation:
2025-02-21 19:08:00,606 - masked_mae : 65.16634368896484
2025-02-21 19:08:00,607 - masked_rmse : 90.7060546875
2025-02-21 19:08:00,609 - masked_mre : 0.30881795287132263
2025-02-21 19:08:00,609 - Evaluate on pems04_flow_block_imputation:
2025-02-21 19:08:06,076 - masked_mae : 128.61427307128906
2025-02-21 19:08:06,078 - masked_rmse : 171.5660858154297
2025-02-21 19:08:06,080 - masked_mre : 0.6129247546195984
2025-02-21 19:08:06,080 - Evaluate on pems07_flow_point_imputation:
2025-02-21 19:08:12,234 - masked_mae : 96.51332092285156
2025-02-21 19:08:12,240 - masked_rmse : 124.75628662109375
2025-02-21 19:08:12,266 - masked_mre : 0.3142986595630646
2025-02-21 19:08:12,272 - Evaluate on pems07_flow_block_imputation:
2025-02-21 19:08:18,454 - masked_mae : 195.89559936523438
2025-02-21 19:08:18,466 - masked_rmse : 240.04684448242188
2025-02-21 19:08:18,490 - masked_mre : 0.6378971338272095
2025-02-21 19:08:18,490 - Evaluate on pems08_flow_point_imputation:
2025-02-21 19:08:23,854 - masked_mae : 70.84354400634766
2025-02-21 19:08:23,855 - masked_rmse : 93.16796875
2025-02-21 19:08:23,857 - masked_mre : 0.3170081079006195
2025-02-21 19:08:23,857 - Evaluate on pems08_flow_block_imputation:
2025-02-21 19:08:29,195 - masked_mae : 142.65440368652344
2025-02-21 19:08:29,196 - masked_rmse : 178.033203125
2025-02-21 19:08:29,197 - masked_mre : 0.6392567157745361
2025-02-21 19:08:29,197 - Evaluate on pemsbay_speed_point_imputation:
2025-02-21 19:08:35,083 - masked_mae : 12.599174499511719
2025-02-21 19:08:35,094 - masked_rmse : 15.356966018676758
2025-02-21 19:08:35,107 - masked_mre : 0.20839498937129974
2025-02-21 19:08:35,110 - Evaluate on pemsbay_speed_block_imputation:
2025-02-21 19:08:40,991 - masked_mae : 36.46459197998047
2025-02-21 19:08:41,001 - masked_rmse : 38.181983947753906
2025-02-21 19:08:41,012 - masked_mre : 0.6035710573196411
2025-02-21 19:08:41,016 - Evaluate on metrla_speed_point_imputation:
2025-02-21 19:08:46,524 - masked_mae : 14.969531059265137
2025-02-21 19:08:46,525 - masked_rmse : 18.707523345947266
2025-02-21 19:08:46,527 - masked_mre : 0.2764471769332886
2025-02-21 19:08:46,527 - Evaluate on metrla_speed_block_imputation:
2025-02-21 19:08:52,041 - masked_mae : 32.88811492919922
2025-02-21 19:08:52,042 - masked_rmse : 36.11920928955078
2025-02-21 19:08:52,044 - masked_mre : 0.6307662129402161
2025-02-21 19:09:26,714 - [Epoch 12] Pretrain Loss: 22.3308
2025-02-21 19:09:26,715 - ************************************************************   Forecasting Task   ************************************************************
2025-02-21 19:09:26,715 - Evaluate on pems03_flow_short_term_forecasting:
2025-02-21 19:09:40,032 - masked_mae : 16.25154685974121
2025-02-21 19:09:40,051 - masked_rmse : 25.386016845703125
2025-02-21 19:09:40,088 - masked_mape : 0.16056568920612335
2025-02-21 19:09:40,089 - Evaluate on pems03_flow_long_term_forecasting:
2025-02-21 19:09:59,941 - masked_mae : 17.282318115234375
2025-02-21 19:10:00,009 - masked_rmse : 26.81656837463379
2025-02-21 19:10:00,139 - masked_mape : 0.17931634187698364
2025-02-21 19:10:00,140 - Evaluate on pems04_flow_short_term_forecasting:
2025-02-21 19:10:09,974 - masked_mae : 22.043054580688477
2025-02-21 19:10:09,985 - masked_rmse : 34.81766891479492
2025-02-21 19:10:10,007 - masked_mape : 0.15308433771133423
2025-02-21 19:10:10,007 - Evaluate on pems04_flow_long_term_forecasting:
2025-02-21 19:10:23,499 - masked_mae : 24.515596389770508
2025-02-21 19:10:23,538 - masked_rmse : 38.363590240478516
2025-02-21 19:10:23,613 - masked_mape : 0.1805938482284546
2025-02-21 19:10:23,614 - Evaluate on pems07_flow_short_term_forecasting:
2025-02-21 19:11:13,195 - masked_mae : 26.28989601135254
2025-02-21 19:11:13,244 - masked_rmse : 39.15616226196289
2025-02-21 19:11:13,338 - masked_mape : 0.12733422219753265
2025-02-21 19:11:13,339 - Evaluate on pems07_flow_long_term_forecasting:
2025-02-21 19:11:56,850 - masked_mae : 29.005935668945312
2025-02-21 19:11:57,025 - masked_rmse : 43.21352767944336
2025-02-21 19:11:57,361 - masked_mape : 0.14289569854736328
2025-02-21 19:11:57,362 - Evaluate on pems08_flow_short_term_forecasting:
2025-02-21 19:12:05,324 - masked_mae : 18.48280143737793
2025-02-21 19:12:05,331 - masked_rmse : 28.143125534057617
2025-02-21 19:12:05,344 - masked_mape : 0.14755010604858398
2025-02-21 19:12:05,344 - Evaluate on pems08_flow_long_term_forecasting:
2025-02-21 19:12:15,373 - masked_mae : 19.62565803527832
2025-02-21 19:12:15,397 - masked_rmse : 30.18379783630371
2025-02-21 19:12:15,442 - masked_mape : 0.1536167860031128
2025-02-21 19:12:15,442 - Evaluate on occpairs_occupancy_short_term_forecasting:
2025-02-21 19:12:29,715 - masked_mae : 0.9453156590461731
2025-02-21 19:12:29,737 - masked_rmse : 2.1222121715545654
2025-02-21 19:12:29,778 - masked_mape : 0.14533881843090057
2025-02-21 19:12:29,778 - Evaluate on occpairs_occupancy_long_term_forecasting:
2025-02-21 19:12:51,569 - masked_mae : 1.1722540855407715
2025-02-21 19:12:51,646 - masked_rmse : 2.4303677082061768
2025-02-21 19:12:51,792 - masked_mape : 0.17713546752929688
2025-02-21 19:12:51,793 - Evaluate on occhamburg_occupancy_short_term_forecasting:
2025-02-21 19:13:03,063 - masked_mae : 5.8692145347595215
2025-02-21 19:13:03,078 - masked_rmse : 9.897210121154785
2025-02-21 19:13:03,106 - masked_mape : 0.4920538663864136
2025-02-21 19:13:03,107 - Evaluate on occhamburg_occupancy_long_term_forecasting:
2025-02-21 19:13:19,358 - masked_mae : 5.818275451660156
2025-02-21 19:13:19,410 - masked_rmse : 9.774786949157715
2025-02-21 19:13:19,509 - masked_mape : 0.48903632164001465
2025-02-21 19:13:19,509 - Evaluate on pemsbay_speed_short_term_forecasting:
2025-02-21 19:13:39,246 - masked_mae : 2.0591671466827393
2025-02-21 19:13:39,280 - masked_rmse : 4.230790615081787
2025-02-21 19:13:39,346 - masked_mape : 0.04558685049414635
2025-02-21 19:13:39,347 - Evaluate on pemsbay_speed_long_term_forecasting:
2025-02-21 19:14:11,269 - masked_mae : 2.839019775390625
2025-02-21 19:14:11,392 - masked_rmse : 5.660020351409912
2025-02-21 19:14:11,627 - masked_mape : 0.06510298699140549
2025-02-21 19:14:11,627 - Evaluate on metrla_speed_short_term_forecasting:
2025-02-21 19:14:22,860 - masked_mae : 5.2174763679504395
2025-02-21 19:14:22,875 - masked_rmse : 9.401604652404785
2025-02-21 19:14:22,903 - masked_mape : 0.11829160898923874
2025-02-21 19:14:22,903 - Evaluate on metrla_speed_long_term_forecasting:
2025-02-21 19:14:39,044 - masked_mae : 6.392061710357666
2025-02-21 19:14:39,095 - masked_rmse : 11.225508689880371
2025-02-21 19:14:39,193 - masked_mape : 0.1465577930212021
2025-02-21 19:14:39,193 - Evaluate on trafficsh_speed_short_term_forecasting:
2025-02-21 19:14:50,717 - masked_mae : 0.5246127843856812
2025-02-21 19:14:50,733 - masked_rmse : 0.7977044582366943
2025-02-21 19:14:50,762 - masked_mape : 0.06429950147867203
2025-02-21 19:14:50,762 - Evaluate on trafficsh_speed_long_term_forecasting:
2025-02-21 19:15:07,254 - masked_mae : 0.5249223709106445
2025-02-21 19:15:07,307 - masked_rmse : 0.8906927108764648
2025-02-21 19:15:07,408 - masked_mape : 0.06907480210065842
2025-02-21 19:15:07,408 - Evaluate on bikenyc_inflow_short_term_forecasting:
2025-02-21 19:15:15,728 - masked_mae : 0.9312067031860352
2025-02-21 19:15:15,736 - masked_rmse : 2.890737533569336
2025-02-21 19:15:15,751 - masked_mape : 0.30516770482063293
2025-02-21 19:15:15,751 - Evaluate on bikenyc_inflow_long_term_forecasting:
2025-02-21 19:15:26,510 - masked_mae : 1.058160662651062
2025-02-21 19:15:26,536 - masked_rmse : 3.3854687213897705
2025-02-21 19:15:26,587 - masked_mape : 0.33945128321647644
2025-02-21 19:15:26,587 - Evaluate on taxinyc_inflow_short_term_forecasting:
2025-02-21 19:15:34,868 - masked_mae : 4.797543048858643
2025-02-21 19:15:34,876 - masked_rmse : 12.567843437194824
2025-02-21 19:15:34,891 - masked_mape : 0.34844478964805603
2025-02-21 19:15:34,891 - Evaluate on taxinyc_inflow_long_term_forecasting:
2025-02-21 19:15:45,637 - masked_mae : 5.263988018035889
2025-02-21 19:15:45,664 - masked_rmse : 14.760714530944824
2025-02-21 19:15:45,715 - masked_mape : 0.33449769020080566
2025-02-21 19:15:45,715 - Evaluate on tdrive_inflow_short_term_forecasting:
2025-02-21 19:16:17,006 - masked_mae : 11.515544891357422
2025-02-21 19:16:17,067 - masked_rmse : 22.3435001373291
2025-02-21 19:16:17,183 - masked_mape : 0.18374527990818024
2025-02-21 19:16:17,184 - Evaluate on tdrive_inflow_long_term_forecasting:
2025-02-21 19:17:10,210 - masked_mae : 12.901744842529297
2025-02-21 19:17:10,428 - masked_rmse : 25.36736488342285
2025-02-21 19:17:10,846 - masked_mape : 0.18879032135009766
2025-02-21 19:17:10,847 - ************************************************************   Imputation Task   ************************************************************
2025-02-21 19:17:10,847 - Evaluate on pems03_flow_point_imputation:
2025-02-21 19:17:16,546 - masked_mae : 53.68952560424805
2025-02-21 19:17:16,548 - masked_rmse : 77.3281021118164
2025-02-21 19:17:16,557 - masked_mre : 0.3185746967792511
2025-02-21 19:17:16,558 - Evaluate on pems03_flow_block_imputation:
2025-02-21 19:17:22,241 - masked_mae : 101.85358428955078
2025-02-21 19:17:22,243 - masked_rmse : 139.91680908203125
2025-02-21 19:17:22,245 - masked_mre : 0.6058680415153503
2025-02-21 19:17:22,246 - Evaluate on pems04_flow_point_imputation:
2025-02-21 19:17:27,752 - masked_mae : 61.55814743041992
2025-02-21 19:17:27,753 - masked_rmse : 86.71089172363281
2025-02-21 19:17:27,756 - masked_mre : 0.2918328642845154
2025-02-21 19:17:27,756 - Evaluate on pems04_flow_block_imputation:
2025-02-21 19:17:33,261 - masked_mae : 126.32616424560547
2025-02-21 19:17:33,263 - masked_rmse : 169.70506286621094
2025-02-21 19:17:33,265 - masked_mre : 0.6022979021072388
2025-02-21 19:17:33,265 - Evaluate on pems07_flow_point_imputation:
2025-02-21 19:17:39,491 - masked_mae : 91.72496032714844
2025-02-21 19:17:39,496 - masked_rmse : 120.05863952636719
2025-02-21 19:17:39,519 - masked_mre : 0.2988043427467346
2025-02-21 19:17:39,519 - Evaluate on pems07_flow_block_imputation:
2025-02-21 19:17:45,762 - masked_mae : 193.12945556640625
2025-02-21 19:17:45,771 - masked_rmse : 238.1102752685547
2025-02-21 19:17:45,789 - masked_mre : 0.6291226148605347
2025-02-21 19:17:45,789 - Evaluate on pems08_flow_point_imputation:
2025-02-21 19:17:51,206 - masked_mae : 66.83087921142578
2025-02-21 19:17:51,207 - masked_rmse : 88.94862365722656
2025-02-21 19:17:51,208 - masked_mre : 0.2991158664226532
2025-02-21 19:17:51,209 - Evaluate on pems08_flow_block_imputation:
2025-02-21 19:17:56,594 - masked_mae : 139.9920654296875
2025-02-21 19:17:56,595 - masked_rmse : 175.9180908203125
2025-02-21 19:17:56,596 - masked_mre : 0.6274917125701904
2025-02-21 19:17:56,596 - Evaluate on pemsbay_speed_point_imputation:
2025-02-21 19:18:02,556 - masked_mae : 12.306539535522461
2025-02-21 19:18:02,566 - masked_rmse : 15.211102485656738
2025-02-21 19:18:02,580 - masked_mre : 0.20355427265167236
2025-02-21 19:18:02,580 - Evaluate on pemsbay_speed_block_imputation:
2025-02-21 19:18:08,549 - masked_mae : 36.94602584838867
2025-02-21 19:18:08,559 - masked_rmse : 38.73503112792969
2025-02-21 19:18:08,569 - masked_mre : 0.611540675163269
2025-02-21 19:18:08,574 - Evaluate on metrla_speed_point_imputation:
2025-02-21 19:18:14,142 - masked_mae : 14.63708209991455
2025-02-21 19:18:14,143 - masked_rmse : 18.429763793945312
2025-02-21 19:18:14,145 - masked_mre : 0.26957547664642334
2025-02-21 19:18:14,145 - Evaluate on metrla_speed_block_imputation:
2025-02-21 19:18:19,686 - masked_mae : 33.02082443237305
2025-02-21 19:18:19,688 - masked_rmse : 36.32878494262695
2025-02-21 19:18:19,690 - masked_mre : 0.6337042450904846
2025-02-21 19:18:54,370 - [Epoch 13] Pretrain Loss: 22.1941
2025-02-21 19:18:54,371 - ************************************************************   Forecasting Task   ************************************************************
2025-02-21 19:18:54,371 - Evaluate on pems03_flow_short_term_forecasting:
2025-02-21 19:19:07,749 - masked_mae : 16.33734893798828
2025-02-21 19:19:07,769 - masked_rmse : 25.5484619140625
2025-02-21 19:19:07,805 - masked_mape : 0.15609443187713623
2025-02-21 19:19:07,806 - Evaluate on pems03_flow_long_term_forecasting:
2025-02-21 19:19:27,692 - masked_mae : 17.282800674438477
2025-02-21 19:19:27,760 - masked_rmse : 26.818532943725586
2025-02-21 19:19:27,891 - masked_mape : 0.17420272529125214
2025-02-21 19:19:27,891 - Evaluate on pems04_flow_short_term_forecasting:
2025-02-21 19:19:37,737 - masked_mae : 22.070716857910156
2025-02-21 19:19:37,749 - masked_rmse : 34.90289306640625
2025-02-21 19:19:37,770 - masked_mape : 0.1497897505760193
2025-02-21 19:19:37,771 - Evaluate on pems04_flow_long_term_forecasting:
2025-02-21 19:19:51,353 - masked_mae : 24.554147720336914
2025-02-21 19:19:51,393 - masked_rmse : 38.48257827758789
2025-02-21 19:19:51,467 - masked_mape : 0.17690108716487885
2025-02-21 19:19:51,468 - Evaluate on pems07_flow_short_term_forecasting:
2025-02-21 19:20:17,674 - masked_mae : 26.168596267700195
2025-02-21 19:20:17,722 - masked_rmse : 39.116943359375
2025-02-21 19:20:17,816 - masked_mape : 0.12163562327623367
2025-02-21 19:20:17,817 - Evaluate on pems07_flow_long_term_forecasting:
2025-02-21 19:21:01,221 - masked_mae : 28.918319702148438
2025-02-21 19:21:01,396 - masked_rmse : 43.27420425415039
2025-02-21 19:21:01,732 - masked_mape : 0.13843600451946259
2025-02-21 19:21:01,733 - Evaluate on pems08_flow_short_term_forecasting:
2025-02-21 19:21:09,710 - masked_mae : 18.392412185668945
2025-02-21 19:21:09,717 - masked_rmse : 28.116300582885742
2025-02-21 19:21:09,731 - masked_mape : 0.1354152113199234
2025-02-21 19:21:09,731 - Evaluate on pems08_flow_long_term_forecasting:
2025-02-21 19:21:19,811 - masked_mae : 19.730443954467773
2025-02-21 19:21:19,835 - masked_rmse : 30.330963134765625
2025-02-21 19:21:19,880 - masked_mape : 0.15250127017498016
2025-02-21 19:21:19,880 - Evaluate on occpairs_occupancy_short_term_forecasting:
2025-02-21 19:21:34,164 - masked_mae : 0.9379150867462158
2025-02-21 19:21:34,186 - masked_rmse : 2.1106321811676025
2025-02-21 19:21:34,227 - masked_mape : 0.14209239184856415
2025-02-21 19:21:34,228 - Evaluate on occpairs_occupancy_long_term_forecasting:
2025-02-21 19:21:55,943 - masked_mae : 1.175389289855957
2025-02-21 19:21:56,020 - masked_rmse : 2.4288313388824463
2025-02-21 19:21:56,166 - masked_mape : 0.1767641305923462
2025-02-21 19:21:56,167 - Evaluate on occhamburg_occupancy_short_term_forecasting:
2025-02-21 19:22:07,496 - masked_mae : 5.868553161621094
2025-02-21 19:22:07,511 - masked_rmse : 9.927559852600098
2025-02-21 19:22:07,539 - masked_mape : 0.48348328471183777
2025-02-21 19:22:07,539 - Evaluate on occhamburg_occupancy_long_term_forecasting:
2025-02-21 19:22:23,806 - masked_mae : 5.8165740966796875
2025-02-21 19:22:23,858 - masked_rmse : 9.795406341552734
2025-02-21 19:22:23,957 - masked_mape : 0.4840869903564453
2025-02-21 19:22:23,957 - Evaluate on pemsbay_speed_short_term_forecasting:
2025-02-21 19:22:43,890 - masked_mae : 2.0840327739715576
2025-02-21 19:22:43,924 - masked_rmse : 4.25718355178833
2025-02-21 19:22:43,990 - masked_mape : 0.04547714814543724
2025-02-21 19:22:43,990 - Evaluate on pemsbay_speed_long_term_forecasting:
2025-02-21 19:23:15,947 - masked_mae : 2.854393720626831
2025-02-21 19:23:16,070 - masked_rmse : 5.667013645172119
2025-02-21 19:23:16,304 - masked_mape : 0.06472525745630264
2025-02-21 19:23:16,305 - Evaluate on metrla_speed_short_term_forecasting:
2025-02-21 19:23:27,575 - masked_mae : 5.261829853057861
2025-02-21 19:23:27,589 - masked_rmse : 9.43982219696045
2025-02-21 19:23:27,617 - masked_mape : 0.1186399981379509
2025-02-21 19:23:27,617 - Evaluate on metrla_speed_long_term_forecasting:
2025-02-21 19:23:43,801 - masked_mae : 6.370748996734619
2025-02-21 19:23:43,852 - masked_rmse : 11.213099479675293
2025-02-21 19:23:43,950 - masked_mape : 0.14559215307235718
2025-02-21 19:23:43,950 - Evaluate on trafficsh_speed_short_term_forecasting:
2025-02-21 19:23:55,473 - masked_mae : 0.5275533199310303
2025-02-21 19:23:55,489 - masked_rmse : 0.7998242974281311
2025-02-21 19:23:55,518 - masked_mape : 0.06476695090532303
2025-02-21 19:23:55,518 - Evaluate on trafficsh_speed_long_term_forecasting:
2025-02-21 19:24:11,981 - masked_mae : 0.540728747844696
2025-02-21 19:24:12,034 - masked_rmse : 0.9118294715881348
2025-02-21 19:24:12,135 - masked_mape : 0.06928194314241409
2025-02-21 19:24:12,135 - Evaluate on bikenyc_inflow_short_term_forecasting:
2025-02-21 19:24:20,482 - masked_mae : 0.9252827167510986
2025-02-21 19:24:20,490 - masked_rmse : 2.8776094913482666
2025-02-21 19:24:20,504 - masked_mape : 0.30407413840293884
2025-02-21 19:24:20,505 - Evaluate on bikenyc_inflow_long_term_forecasting:
2025-02-21 19:24:31,286 - masked_mae : 1.0568865537643433
2025-02-21 19:24:31,313 - masked_rmse : 3.3487675189971924
2025-02-21 19:24:31,364 - masked_mape : 0.34235063195228577
2025-02-21 19:24:31,364 - Evaluate on taxinyc_inflow_short_term_forecasting:
2025-02-21 19:24:39,751 - masked_mae : 4.70276403427124
2025-02-21 19:24:39,759 - masked_rmse : 12.50777530670166
2025-02-21 19:24:39,773 - masked_mape : 0.31989583373069763
2025-02-21 19:24:39,774 - Evaluate on taxinyc_inflow_long_term_forecasting:
2025-02-21 19:24:50,567 - masked_mae : 5.287844181060791
2025-02-21 19:24:50,594 - masked_rmse : 14.699878692626953
2025-02-21 19:24:50,645 - masked_mape : 0.34316572546958923
2025-02-21 19:24:50,645 - Evaluate on tdrive_inflow_short_term_forecasting:
2025-02-21 19:25:21,882 - masked_mae : 11.36894702911377
2025-02-21 19:25:21,942 - masked_rmse : 22.125625610351562
2025-02-21 19:25:22,058 - masked_mape : 0.16869573295116425
2025-02-21 19:25:22,059 - Evaluate on tdrive_inflow_long_term_forecasting:
2025-02-21 19:26:15,010 - masked_mae : 12.886544227600098
2025-02-21 19:26:15,228 - masked_rmse : 24.994943618774414
2025-02-21 19:26:15,646 - masked_mape : 0.19944532215595245
2025-02-21 19:26:15,647 - ************************************************************   Imputation Task   ************************************************************
2025-02-21 19:26:15,647 - Evaluate on pems03_flow_point_imputation:
2025-02-21 19:26:21,399 - masked_mae : 53.78610610961914
2025-02-21 19:26:21,401 - masked_rmse : 77.18201446533203
2025-02-21 19:26:21,406 - masked_mre : 0.31911778450012207
2025-02-21 19:26:21,406 - Evaluate on pems03_flow_block_imputation:
2025-02-21 19:26:27,179 - masked_mae : 102.15971374511719
2025-02-21 19:26:27,180 - masked_rmse : 139.88360595703125
2025-02-21 19:26:27,183 - masked_mre : 0.607662558555603
2025-02-21 19:26:27,183 - Evaluate on pems04_flow_point_imputation:
2025-02-21 19:26:32,707 - masked_mae : 62.23090744018555
2025-02-21 19:26:32,708 - masked_rmse : 87.33362579345703
2025-02-21 19:26:32,710 - masked_mre : 0.29497018456459045
2025-02-21 19:26:32,710 - Evaluate on pems04_flow_block_imputation:
2025-02-21 19:26:38,281 - masked_mae : 127.246826171875
2025-02-21 19:26:38,283 - masked_rmse : 170.33096313476562
2025-02-21 19:26:38,285 - masked_mre : 0.6066503524780273
2025-02-21 19:26:38,285 - Evaluate on pems07_flow_point_imputation:
2025-02-21 19:26:44,559 - masked_mae : 93.07557678222656
2025-02-21 19:26:44,564 - masked_rmse : 121.27664947509766
2025-02-21 19:26:44,591 - masked_mre : 0.3031714856624603
2025-02-21 19:26:44,598 - Evaluate on pems07_flow_block_imputation:
2025-02-21 19:26:50,829 - masked_mae : 194.31979370117188
2025-02-21 19:26:50,840 - masked_rmse : 239.0125732421875
2025-02-21 19:26:50,862 - masked_mre : 0.6329463124275208
2025-02-21 19:26:50,862 - Evaluate on pems08_flow_point_imputation:
2025-02-21 19:26:56,320 - masked_mae : 67.65058135986328
2025-02-21 19:26:56,322 - masked_rmse : 89.74922943115234
2025-02-21 19:26:56,323 - masked_mre : 0.30275899171829224
2025-02-21 19:26:56,323 - Evaluate on pems08_flow_block_imputation:
2025-02-21 19:27:01,800 - masked_mae : 140.59666442871094
2025-02-21 19:27:01,800 - masked_rmse : 176.1979522705078
2025-02-21 19:27:01,801 - masked_mre : 0.6301663517951965
2025-02-21 19:27:01,802 - Evaluate on pemsbay_speed_point_imputation:
2025-02-21 19:27:07,802 - masked_mae : 12.708025932312012
2025-02-21 19:27:07,811 - masked_rmse : 15.661203384399414
2025-02-21 19:27:07,823 - masked_mre : 0.21019771695137024
2025-02-21 19:27:07,827 - Evaluate on pemsbay_speed_block_imputation:
2025-02-21 19:27:13,844 - masked_mae : 37.645408630371094
2025-02-21 19:27:13,854 - masked_rmse : 39.4720344543457
2025-02-21 19:27:13,860 - masked_mre : 0.6231188774108887
2025-02-21 19:27:13,861 - Evaluate on metrla_speed_point_imputation:
2025-02-21 19:27:19,728 - masked_mae : 14.889593124389648
2025-02-21 19:27:19,729 - masked_rmse : 18.690643310546875
2025-02-21 19:27:19,731 - masked_mre : 0.27398037910461426
2025-02-21 19:27:19,731 - Evaluate on metrla_speed_block_imputation:
2025-02-21 19:27:25,701 - masked_mae : 33.31216812133789
2025-02-21 19:27:25,702 - masked_rmse : 36.6511344909668
2025-02-21 19:27:25,704 - masked_mre : 0.6390420198440552
2025-02-21 19:28:00,519 - [Epoch 14] Pretrain Loss: 22.1595
2025-02-21 19:28:00,520 - ************************************************************   Forecasting Task   ************************************************************
2025-02-21 19:28:00,520 - Evaluate on pems03_flow_short_term_forecasting:
2025-02-21 19:28:13,927 - masked_mae : 16.175073623657227
2025-02-21 19:28:13,947 - masked_rmse : 25.283281326293945
2025-02-21 19:28:13,983 - masked_mape : 0.1561306267976761
2025-02-21 19:28:13,984 - Evaluate on pems03_flow_long_term_forecasting:
2025-02-21 19:28:34,013 - masked_mae : 17.194780349731445
2025-02-21 19:28:34,081 - masked_rmse : 26.64051628112793
2025-02-21 19:28:34,211 - masked_mape : 0.17680324614048004
2025-02-21 19:28:34,212 - Evaluate on pems04_flow_short_term_forecasting:
2025-02-21 19:28:44,086 - masked_mae : 21.854169845581055
2025-02-21 19:28:44,098 - masked_rmse : 34.56767272949219
2025-02-21 19:28:44,119 - masked_mape : 0.14951813220977783
2025-02-21 19:28:44,120 - Evaluate on pems04_flow_long_term_forecasting:
2025-02-21 19:28:57,764 - masked_mae : 24.39202880859375
2025-02-21 19:28:57,803 - masked_rmse : 38.18984603881836
2025-02-21 19:28:57,878 - masked_mape : 0.17879992723464966
2025-02-21 19:28:57,878 - Evaluate on pems07_flow_short_term_forecasting:
2025-02-21 19:29:24,189 - masked_mae : 25.916357040405273
2025-02-21 19:29:24,238 - masked_rmse : 38.70796203613281
2025-02-21 19:29:24,332 - masked_mape : 0.12150540202856064
2025-02-21 19:29:24,333 - Evaluate on pems07_flow_long_term_forecasting:
2025-02-21 19:30:07,856 - masked_mae : 28.85045623779297
2025-02-21 19:30:08,032 - masked_rmse : 43.02255630493164
2025-02-21 19:30:08,368 - masked_mape : 0.14014382660388947
2025-02-21 19:30:08,369 - Evaluate on pems08_flow_short_term_forecasting:
2025-02-21 19:30:16,410 - masked_mae : 18.18509864807129
2025-02-21 19:30:16,417 - masked_rmse : 27.833051681518555
2025-02-21 19:30:16,430 - masked_mape : 0.13557542860507965
2025-02-21 19:30:16,430 - Evaluate on pems08_flow_long_term_forecasting:
2025-02-21 19:30:26,599 - masked_mae : 19.616750717163086
2025-02-21 19:30:26,623 - masked_rmse : 30.119590759277344
2025-02-21 19:30:26,667 - masked_mape : 0.15256330370903015
2025-02-21 19:30:26,668 - Evaluate on occpairs_occupancy_short_term_forecasting:
2025-02-21 19:30:41,061 - masked_mae : 0.9279343485832214
2025-02-21 19:30:41,083 - masked_rmse : 2.0937142372131348
2025-02-21 19:30:41,124 - masked_mape : 0.14130230247974396
2025-02-21 19:30:41,124 - Evaluate on occpairs_occupancy_long_term_forecasting:
2025-02-21 19:31:03,046 - masked_mae : 1.166018009185791
2025-02-21 19:31:03,123 - masked_rmse : 2.4143502712249756
2025-02-21 19:31:03,269 - masked_mape : 0.1762489229440689
2025-02-21 19:31:03,270 - Evaluate on occhamburg_occupancy_short_term_forecasting:
2025-02-21 19:31:14,668 - masked_mae : 5.8590006828308105
2025-02-21 19:31:14,683 - masked_rmse : 9.903730392456055
2025-02-21 19:31:14,711 - masked_mape : 0.48424556851387024
2025-02-21 19:31:14,711 - Evaluate on occhamburg_occupancy_long_term_forecasting:
2025-02-21 19:31:31,081 - masked_mae : 5.8063225746154785
2025-02-21 19:31:31,133 - masked_rmse : 9.774707794189453
2025-02-21 19:31:31,232 - masked_mape : 0.4859084188938141
2025-02-21 19:31:31,232 - Evaluate on pemsbay_speed_short_term_forecasting:
2025-02-21 19:31:51,139 - masked_mae : 2.0719082355499268
2025-02-21 19:31:51,173 - masked_rmse : 4.2380452156066895
2025-02-21 19:31:51,239 - masked_mape : 0.0453166663646698
2025-02-21 19:31:51,239 - Evaluate on pemsbay_speed_long_term_forecasting:
2025-02-21 19:32:23,262 - masked_mae : 2.8351104259490967
2025-02-21 19:32:23,384 - masked_rmse : 5.649482727050781
2025-02-21 19:32:23,619 - masked_mape : 0.06456675380468369
2025-02-21 19:32:23,620 - Evaluate on metrla_speed_short_term_forecasting:
2025-02-21 19:32:34,978 - masked_mae : 5.235856533050537
2025-02-21 19:32:34,993 - masked_rmse : 9.413640022277832
2025-02-21 19:32:35,021 - masked_mape : 0.11826547235250473
2025-02-21 19:32:35,022 - Evaluate on metrla_speed_long_term_forecasting:
2025-02-21 19:32:51,299 - masked_mae : 6.319850444793701
2025-02-21 19:32:51,350 - masked_rmse : 11.1843900680542
2025-02-21 19:32:51,448 - masked_mape : 0.14489500224590302
2025-02-21 19:32:51,448 - Evaluate on trafficsh_speed_short_term_forecasting:
2025-02-21 19:33:03,118 - masked_mae : 0.5201139450073242
2025-02-21 19:33:03,133 - masked_rmse : 0.7975110411643982
2025-02-21 19:33:03,162 - masked_mape : 0.06363296508789062
2025-02-21 19:33:03,163 - Evaluate on trafficsh_speed_long_term_forecasting:
2025-02-21 19:33:19,732 - masked_mae : 0.532668948173523
2025-02-21 19:33:19,785 - masked_rmse : 0.914221465587616
2025-02-21 19:33:19,886 - masked_mape : 0.06851423531770706
2025-02-21 19:33:19,886 - Evaluate on bikenyc_inflow_short_term_forecasting:
2025-02-21 19:33:28,276 - masked_mae : 0.9117605686187744
2025-02-21 19:33:28,284 - masked_rmse : 2.835369348526001
2025-02-21 19:33:28,299 - masked_mape : 0.2995176315307617
2025-02-21 19:33:28,299 - Evaluate on bikenyc_inflow_long_term_forecasting:
2025-02-21 19:33:39,160 - masked_mae : 1.0404974222183228
2025-02-21 19:33:39,187 - masked_rmse : 3.300065279006958
2025-02-21 19:33:39,238 - masked_mape : 0.3400629758834839
2025-02-21 19:33:39,238 - Evaluate on taxinyc_inflow_short_term_forecasting:
2025-02-21 19:33:47,654 - masked_mae : 4.639089107513428
2025-02-21 19:33:47,662 - masked_rmse : 12.242359161376953
2025-02-21 19:33:47,677 - masked_mape : 0.33249086141586304
2025-02-21 19:33:47,677 - Evaluate on taxinyc_inflow_long_term_forecasting:
2025-02-21 19:33:58,545 - masked_mae : 5.140139102935791
2025-02-21 19:33:58,572 - masked_rmse : 14.348621368408203
2025-02-21 19:33:58,622 - masked_mape : 0.33293262124061584
2025-02-21 19:33:58,623 - Evaluate on tdrive_inflow_short_term_forecasting:
2025-02-21 19:34:30,031 - masked_mae : 11.084999084472656
2025-02-21 19:34:30,092 - masked_rmse : 21.58721160888672
2025-02-21 19:34:30,208 - masked_mape : 0.17540425062179565
2025-02-21 19:34:30,209 - Evaluate on tdrive_inflow_long_term_forecasting:
2025-02-21 19:35:23,344 - masked_mae : 12.649612426757812
2025-02-21 19:35:23,562 - masked_rmse : 24.589309692382812
2025-02-21 19:35:23,980 - masked_mape : 0.19417624175548553
2025-02-21 19:35:23,981 - ************************************************************   Imputation Task   ************************************************************
2025-02-21 19:35:23,981 - Evaluate on pems03_flow_point_imputation:
2025-02-21 19:35:29,782 - masked_mae : 51.92155456542969
2025-02-21 19:35:29,785 - masked_rmse : 75.14261627197266
2025-02-21 19:35:29,793 - masked_mre : 0.3081181049346924
2025-02-21 19:35:29,793 - Evaluate on pems03_flow_block_imputation:
2025-02-21 19:35:35,559 - masked_mae : 99.16089630126953
2025-02-21 19:35:35,560 - masked_rmse : 137.15797424316406
2025-02-21 19:35:35,563 - masked_mre : 0.589878499507904
2025-02-21 19:35:35,563 - Evaluate on pems04_flow_point_imputation:
2025-02-21 19:35:41,156 - masked_mae : 60.57011413574219
2025-02-21 19:35:41,157 - masked_rmse : 85.47274017333984
2025-02-21 19:35:41,161 - masked_mre : 0.2870701551437378
2025-02-21 19:35:41,162 - Evaluate on pems04_flow_block_imputation:
2025-02-21 19:35:46,742 - masked_mae : 123.85420227050781
2025-02-21 19:35:46,744 - masked_rmse : 167.2838592529297
2025-02-21 19:35:46,746 - masked_mre : 0.5904647707939148
2025-02-21 19:35:46,746 - Evaluate on pems07_flow_point_imputation:
2025-02-21 19:35:53,101 - masked_mae : 90.45520782470703
2025-02-21 19:35:53,106 - masked_rmse : 118.58770751953125
2025-02-21 19:35:53,129 - masked_mre : 0.2946556508541107
2025-02-21 19:35:53,129 - Evaluate on pems07_flow_block_imputation:
2025-02-21 19:35:59,416 - masked_mae : 189.8321075439453
2025-02-21 19:35:59,427 - masked_rmse : 235.31280517578125
2025-02-21 19:35:59,446 - masked_mre : 0.6183612942695618
2025-02-21 19:35:59,446 - Evaluate on pems08_flow_point_imputation:
2025-02-21 19:36:04,989 - masked_mae : 65.36482238769531
2025-02-21 19:36:04,990 - masked_rmse : 87.369140625
2025-02-21 19:36:04,992 - masked_mre : 0.29253605008125305
2025-02-21 19:36:04,992 - Evaluate on pems08_flow_block_imputation:
2025-02-21 19:36:10,477 - masked_mae : 136.783447265625
2025-02-21 19:36:10,478 - masked_rmse : 172.90621948242188
2025-02-21 19:36:10,479 - masked_mre : 0.6130967736244202
2025-02-21 19:36:10,479 - Evaluate on pemsbay_speed_point_imputation:
2025-02-21 19:36:16,548 - masked_mae : 12.575359344482422
2025-02-21 19:36:16,559 - masked_rmse : 15.596667289733887
2025-02-21 19:36:16,574 - masked_mre : 0.20800313353538513
2025-02-21 19:36:16,574 - Evaluate on pemsbay_speed_block_imputation:
2025-02-21 19:36:22,624 - masked_mae : 38.0319709777832
2025-02-21 19:36:22,634 - masked_rmse : 39.896629333496094
2025-02-21 19:36:22,644 - masked_mre : 0.629517674446106
2025-02-21 19:36:22,649 - Evaluate on metrla_speed_point_imputation:
2025-02-21 19:36:28,324 - masked_mae : 14.654057502746582
2025-02-21 19:36:28,325 - masked_rmse : 18.490245819091797
2025-02-21 19:36:28,327 - masked_mre : 0.2680535912513733
2025-02-21 19:36:28,327 - Evaluate on metrla_speed_block_imputation:
2025-02-21 19:36:34,029 - masked_mae : 33.26832580566406
2025-02-21 19:36:34,030 - masked_rmse : 36.61015319824219
2025-02-21 19:36:34,033 - masked_mre : 0.6369092464447021
2025-02-21 19:37:08,905 - [Epoch 15] Pretrain Loss: 22.0670
2025-02-21 19:37:08,906 - ************************************************************   Forecasting Task   ************************************************************
2025-02-21 19:37:08,906 - Evaluate on pems03_flow_short_term_forecasting:
2025-02-21 19:37:22,404 - masked_mae : 16.24103355407715
2025-02-21 19:37:22,423 - masked_rmse : 25.357154846191406
2025-02-21 19:37:22,460 - masked_mape : 0.1576131284236908
2025-02-21 19:37:22,461 - Evaluate on pems03_flow_long_term_forecasting:
2025-02-21 19:37:42,521 - masked_mae : 17.119140625
2025-02-21 19:37:42,589 - masked_rmse : 26.515830993652344
2025-02-21 19:37:42,720 - masked_mape : 0.17748212814331055
2025-02-21 19:37:42,721 - Evaluate on pems04_flow_short_term_forecasting:
2025-02-21 19:37:52,662 - masked_mae : 21.841537475585938
2025-02-21 19:37:52,673 - masked_rmse : 34.49769973754883
2025-02-21 19:37:52,695 - masked_mape : 0.15035445988178253
2025-02-21 19:37:52,695 - Evaluate on pems04_flow_long_term_forecasting:
2025-02-21 19:38:06,313 - masked_mae : 24.269071578979492
2025-02-21 19:38:06,352 - masked_rmse : 37.978267669677734
2025-02-21 19:38:06,427 - masked_mape : 0.17973379790782928
2025-02-21 19:38:06,427 - Evaluate on pems07_flow_short_term_forecasting:
2025-02-21 19:38:32,746 - masked_mae : 25.86480140686035
2025-02-21 19:38:32,795 - masked_rmse : 38.59159469604492
2025-02-21 19:38:32,888 - masked_mape : 0.12127828598022461
2025-02-21 19:38:32,889 - Evaluate on pems07_flow_long_term_forecasting:
2025-02-21 19:39:16,863 - masked_mae : 28.68120002746582
2025-02-21 19:39:17,039 - masked_rmse : 42.75706481933594
2025-02-21 19:39:17,374 - masked_mape : 0.14012256264686584
2025-02-21 19:39:17,375 - Evaluate on pems08_flow_short_term_forecasting:
2025-02-21 19:39:25,465 - masked_mae : 18.165048599243164
2025-02-21 19:39:25,472 - masked_rmse : 27.78325653076172
2025-02-21 19:39:25,486 - masked_mape : 0.13499894738197327
2025-02-21 19:39:25,486 - Evaluate on pems08_flow_long_term_forecasting:
2025-02-21 19:39:35,694 - masked_mae : 19.458324432373047
2025-02-21 19:39:35,718 - masked_rmse : 29.915746688842773
2025-02-21 19:39:35,763 - masked_mape : 0.15087862312793732
2025-02-21 19:39:35,763 - Evaluate on occpairs_occupancy_short_term_forecasting:
2025-02-21 19:39:50,163 - masked_mae : 0.9303110241889954
2025-02-21 19:39:50,185 - masked_rmse : 2.077618360519409
2025-02-21 19:39:50,226 - masked_mape : 0.14389802515506744
2025-02-21 19:39:50,226 - Evaluate on occpairs_occupancy_long_term_forecasting:
2025-02-21 19:40:12,112 - masked_mae : 1.1598014831542969
2025-02-21 19:40:12,188 - masked_rmse : 2.404115915298462
2025-02-21 19:40:12,335 - masked_mape : 0.17628514766693115
2025-02-21 19:40:12,335 - Evaluate on occhamburg_occupancy_short_term_forecasting:
2025-02-21 19:40:23,735 - masked_mae : 5.860090732574463
2025-02-21 19:40:23,750 - masked_rmse : 9.88571834564209
2025-02-21 19:40:23,778 - masked_mape : 0.48710402846336365
2025-02-21 19:40:23,778 - Evaluate on occhamburg_occupancy_long_term_forecasting:
2025-02-21 19:40:40,182 - masked_mae : 5.805091381072998
2025-02-21 19:40:40,234 - masked_rmse : 9.764348030090332
2025-02-21 19:40:40,333 - masked_mape : 0.4894082546234131
2025-02-21 19:40:40,333 - Evaluate on pemsbay_speed_short_term_forecasting:
2025-02-21 19:41:00,267 - masked_mae : 2.0576610565185547
2025-02-21 19:41:00,302 - masked_rmse : 4.204647064208984
2025-02-21 19:41:00,367 - masked_mape : 0.04513663426041603
2025-02-21 19:41:00,368 - Evaluate on pemsbay_speed_long_term_forecasting:
2025-02-21 19:41:32,346 - masked_mae : 2.7973434925079346
2025-02-21 19:41:32,469 - masked_rmse : 5.577473163604736
2025-02-21 19:41:32,703 - masked_mape : 0.06421836465597153
2025-02-21 19:41:32,704 - Evaluate on metrla_speed_short_term_forecasting:
2025-02-21 19:41:44,086 - masked_mae : 5.190571308135986
2025-02-21 19:41:44,100 - masked_rmse : 9.368334770202637
2025-02-21 19:41:44,128 - masked_mape : 0.11761987209320068
2025-02-21 19:41:44,128 - Evaluate on metrla_speed_long_term_forecasting:
2025-02-21 19:42:00,472 - masked_mae : 6.230587482452393
2025-02-21 19:42:00,523 - masked_rmse : 11.13000774383545
2025-02-21 19:42:00,621 - masked_mape : 0.14372117817401886
2025-02-21 19:42:00,621 - Evaluate on trafficsh_speed_short_term_forecasting:
2025-02-21 19:42:12,275 - masked_mae : 0.5140814185142517
2025-02-21 19:42:12,291 - masked_rmse : 0.790804922580719
2025-02-21 19:42:12,320 - masked_mape : 0.06294349581003189
2025-02-21 19:42:12,320 - Evaluate on trafficsh_speed_long_term_forecasting:
2025-02-21 19:42:32,526 - masked_mae : 0.5236594080924988
2025-02-21 19:42:32,578 - masked_rmse : 0.9108046889305115
2025-02-21 19:42:32,679 - masked_mape : 0.06789182871580124
2025-02-21 19:42:32,680 - Evaluate on bikenyc_inflow_short_term_forecasting:
2025-02-21 19:42:44,248 - masked_mae : 0.9159290790557861
2025-02-21 19:42:44,256 - masked_rmse : 2.818847417831421
2025-02-21 19:42:44,271 - masked_mape : 0.2989095449447632
2025-02-21 19:42:44,271 - Evaluate on bikenyc_inflow_long_term_forecasting:
2025-02-21 19:43:01,698 - masked_mae : 1.0337928533554077
2025-02-21 19:43:01,725 - masked_rmse : 3.2693841457366943
2025-02-21 19:43:01,775 - masked_mape : 0.33925649523735046
2025-02-21 19:43:01,776 - Evaluate on taxinyc_inflow_short_term_forecasting:
2025-02-21 19:43:13,282 - masked_mae : 4.7301554679870605
2025-02-21 19:43:13,290 - masked_rmse : 12.187911987304688
2025-02-21 19:43:13,305 - masked_mape : 0.3585418164730072
2025-02-21 19:43:13,305 - Evaluate on taxinyc_inflow_long_term_forecasting:
2025-02-21 19:43:30,873 - masked_mae : 5.107998371124268
2025-02-21 19:43:30,900 - masked_rmse : 14.237788200378418
2025-02-21 19:43:30,951 - masked_mape : 0.3240394592285156
2025-02-21 19:43:30,951 - Evaluate on tdrive_inflow_short_term_forecasting:
2025-02-21 19:44:32,289 - masked_mae : 11.184868812561035
2025-02-21 19:44:32,349 - masked_rmse : 21.60406494140625
2025-02-21 19:44:32,465 - masked_mape : 0.1879931539297104
2025-02-21 19:44:32,466 - Evaluate on tdrive_inflow_long_term_forecasting:
2025-02-21 19:46:22,464 - masked_mae : 12.601493835449219
2025-02-21 19:46:22,682 - masked_rmse : 24.501312255859375
2025-02-21 19:46:23,099 - masked_mape : 0.18985867500305176
2025-02-21 19:46:23,100 - ************************************************************   Imputation Task   ************************************************************
2025-02-21 19:46:23,101 - Evaluate on pems03_flow_point_imputation:
2025-02-21 19:46:29,298 - masked_mae : 49.7899055480957
2025-02-21 19:46:29,300 - masked_rmse : 72.74872589111328
2025-02-21 19:46:29,310 - masked_mre : 0.29553884267807007
2025-02-21 19:46:29,310 - Evaluate on pems03_flow_block_imputation:
2025-02-21 19:46:35,559 - masked_mae : 96.03640747070312
2025-02-21 19:46:35,560 - masked_rmse : 133.50889587402344
2025-02-21 19:46:35,562 - masked_mre : 0.5713554620742798
2025-02-21 19:46:35,562 - Evaluate on pems04_flow_point_imputation:
2025-02-21 19:46:41,406 - masked_mae : 58.37881851196289
2025-02-21 19:46:41,407 - masked_rmse : 82.96626281738281
2025-02-21 19:46:41,409 - masked_mre : 0.2766820192337036
2025-02-21 19:46:41,409 - Evaluate on pems04_flow_block_imputation:
2025-02-21 19:46:47,254 - masked_mae : 120.17509460449219
2025-02-21 19:46:47,256 - masked_rmse : 162.7217559814453
2025-02-21 19:46:47,258 - masked_mre : 0.5729624032974243
2025-02-21 19:46:47,258 - Evaluate on pems07_flow_point_imputation:
2025-02-21 19:46:54,266 - masked_mae : 86.7814712524414
2025-02-21 19:46:54,272 - masked_rmse : 114.64391326904297
2025-02-21 19:46:54,279 - masked_mre : 0.2827281057834625
2025-02-21 19:46:54,286 - Evaluate on pems07_flow_block_imputation:
2025-02-21 19:47:01,663 - masked_mae : 184.35610961914062
2025-02-21 19:47:01,675 - masked_rmse : 229.0116729736328
2025-02-21 19:47:01,696 - masked_mre : 0.6005969047546387
2025-02-21 19:47:01,696 - Evaluate on pems08_flow_point_imputation:
2025-02-21 19:47:07,364 - masked_mae : 62.374019622802734
2025-02-21 19:47:07,365 - masked_rmse : 84.08372497558594
2025-02-21 19:47:07,366 - masked_mre : 0.2791668176651001
2025-02-21 19:47:07,367 - Evaluate on pems08_flow_block_imputation:
2025-02-21 19:47:13,018 - masked_mae : 132.33811950683594
2025-02-21 19:47:13,019 - masked_rmse : 167.74539184570312
2025-02-21 19:47:13,021 - masked_mre : 0.5932060480117798
2025-02-21 19:47:13,021 - Evaluate on pemsbay_speed_point_imputation:
2025-02-21 19:47:19,800 - masked_mae : 12.374134063720703
2025-02-21 19:47:19,809 - masked_rmse : 15.43654727935791
2025-02-21 19:47:19,820 - masked_mre : 0.20467396080493927
2025-02-21 19:47:19,824 - Evaluate on pemsbay_speed_block_imputation:
2025-02-21 19:47:26,641 - masked_mae : 37.81105041503906
2025-02-21 19:47:26,649 - masked_rmse : 39.70888900756836
2025-02-21 19:47:26,659 - masked_mre : 0.6258604526519775
2025-02-21 19:47:26,662 - Evaluate on metrla_speed_point_imputation:
2025-02-21 19:47:32,650 - masked_mae : 14.344012260437012
2025-02-21 19:47:32,651 - masked_rmse : 18.228588104248047
2025-02-21 19:47:32,653 - masked_mre : 0.2610762119293213
2025-02-21 19:47:32,653 - Evaluate on metrla_speed_block_imputation:
2025-02-21 19:47:38,621 - masked_mae : 32.75417709350586
2025-02-21 19:47:38,622 - masked_rmse : 36.08418273925781
2025-02-21 19:47:38,624 - masked_mre : 0.6264116764068604
2025-02-21 19:48:48,592 - [Epoch 16] Pretrain Loss: 22.0558
2025-02-21 19:48:48,593 - ************************************************************   Forecasting Task   ************************************************************
2025-02-21 19:48:48,593 - Evaluate on pems03_flow_short_term_forecasting:
2025-02-21 19:49:11,033 - masked_mae : 16.007286071777344
2025-02-21 19:49:11,052 - masked_rmse : 25.13707733154297
2025-02-21 19:49:11,089 - masked_mape : 0.1574500948190689
2025-02-21 19:49:11,090 - Evaluate on pems03_flow_long_term_forecasting:
2025-02-21 19:49:48,548 - masked_mae : 17.489534378051758
2025-02-21 19:49:48,616 - masked_rmse : 27.075204849243164
2025-02-21 19:49:48,747 - masked_mape : 0.1767539530992508
2025-02-21 19:49:48,747 - Evaluate on pems04_flow_short_term_forecasting:
2025-02-21 19:50:03,458 - masked_mae : 21.602554321289062
2025-02-21 19:50:03,470 - masked_rmse : 34.272117614746094
2025-02-21 19:50:03,491 - masked_mape : 0.15070773661136627
2025-02-21 19:50:03,491 - Evaluate on pems04_flow_long_term_forecasting:
2025-02-21 19:50:26,727 - masked_mae : 24.59720802307129
2025-02-21 19:50:26,767 - masked_rmse : 38.57463455200195
2025-02-21 19:50:26,841 - masked_mape : 0.17706595361232758
2025-02-21 19:50:26,842 - Evaluate on pems07_flow_short_term_forecasting:
2025-02-21 19:51:17,095 - masked_mae : 25.534025192260742
2025-02-21 19:51:17,144 - masked_rmse : 38.35225296020508
2025-02-21 19:51:17,238 - masked_mape : 0.12063005566596985
2025-02-21 19:51:17,239 - Evaluate on pems07_flow_long_term_forecasting:
2025-02-21 19:52:46,454 - masked_mae : 29.340028762817383
2025-02-21 19:52:46,629 - masked_rmse : 43.5799560546875
2025-02-21 19:52:46,965 - masked_mape : 0.14088016748428345
2025-02-21 19:52:46,966 - Evaluate on pems08_flow_short_term_forecasting:
2025-02-21 19:52:58,141 - masked_mae : 17.65151023864746
2025-02-21 19:52:58,148 - masked_rmse : 27.339963912963867
2025-02-21 19:52:58,161 - masked_mape : 0.132040873169899
2025-02-21 19:52:58,162 - Evaluate on pems08_flow_long_term_forecasting:
2025-02-21 19:53:14,202 - masked_mae : 19.896806716918945
2025-02-21 19:53:14,226 - masked_rmse : 30.47886085510254
2025-02-21 19:53:14,271 - masked_mape : 0.15341471135616302
2025-02-21 19:53:14,271 - Evaluate on occpairs_occupancy_short_term_forecasting:
2025-02-21 19:53:39,146 - masked_mae : 0.9607295393943787
2025-02-21 19:53:39,168 - masked_rmse : 2.1155285835266113
2025-02-21 19:53:39,209 - masked_mape : 0.15213876962661743
2025-02-21 19:53:39,209 - Evaluate on occpairs_occupancy_long_term_forecasting:
2025-02-21 19:54:20,743 - masked_mae : 1.1822954416275024
2025-02-21 19:54:20,820 - masked_rmse : 2.4643964767456055
2025-02-21 19:54:20,966 - masked_mape : 0.17839567363262177
2025-02-21 19:54:20,967 - Evaluate on occhamburg_occupancy_short_term_forecasting:
2025-02-21 19:54:39,106 - masked_mae : 5.859130382537842
2025-02-21 19:54:39,121 - masked_rmse : 9.854774475097656
2025-02-21 19:54:39,149 - masked_mape : 0.49412885308265686
2025-02-21 19:54:39,150 - Evaluate on occhamburg_occupancy_long_term_forecasting:
2025-02-21 19:55:08,473 - masked_mae : 5.821572780609131
2025-02-21 19:55:08,525 - masked_rmse : 9.811610221862793
2025-02-21 19:55:08,624 - masked_mape : 0.4865466058254242
2025-02-21 19:55:08,624 - Evaluate on pemsbay_speed_short_term_forecasting:
2025-02-21 19:55:45,217 - masked_mae : 2.0514750480651855
2025-02-21 19:55:45,251 - masked_rmse : 4.248870372772217
2025-02-21 19:55:45,317 - masked_mape : 0.045034244656562805
2025-02-21 19:55:45,318 - Evaluate on pemsbay_speed_long_term_forecasting:
2025-02-21 19:56:49,475 - masked_mae : 2.8565590381622314
2025-02-21 19:56:49,598 - masked_rmse : 5.677886962890625
2025-02-21 19:56:49,833 - masked_mape : 0.0648689940571785
2025-02-21 19:56:49,833 - Evaluate on metrla_speed_short_term_forecasting:
2025-02-21 19:57:08,207 - masked_mae : 5.127991676330566
2025-02-21 19:57:08,221 - masked_rmse : 9.463473320007324
2025-02-21 19:57:08,249 - masked_mape : 0.11696980148553848
2025-02-21 19:57:08,250 - Evaluate on metrla_speed_long_term_forecasting:
2025-02-21 19:57:37,791 - masked_mae : 6.305120468139648
2025-02-21 19:57:37,842 - masked_rmse : 11.2593994140625
2025-02-21 19:57:37,940 - masked_mape : 0.14534892141819
2025-02-21 19:57:37,940 - Evaluate on trafficsh_speed_short_term_forecasting:
2025-02-21 19:57:56,919 - masked_mae : 0.46763333678245544
2025-02-21 19:57:56,935 - masked_rmse : 0.7737312912940979
2025-02-21 19:57:56,964 - masked_mape : 0.05660030245780945
2025-02-21 19:57:56,964 - Evaluate on trafficsh_speed_long_term_forecasting:
2025-02-21 19:58:27,295 - masked_mae : 0.538714587688446
2025-02-21 19:58:27,348 - masked_rmse : 0.9399089813232422
2025-02-21 19:58:27,449 - masked_mape : 0.06972074508666992
2025-02-21 19:58:27,449 - Evaluate on bikenyc_inflow_short_term_forecasting:
2025-02-21 19:58:39,377 - masked_mae : 0.9411640763282776
2025-02-21 19:58:39,385 - masked_rmse : 2.877271890640259
2025-02-21 19:58:39,400 - masked_mape : 0.30435338616371155
2025-02-21 19:58:39,400 - Evaluate on bikenyc_inflow_long_term_forecasting:
2025-02-21 19:58:56,365 - masked_mae : 1.0687018632888794
2025-02-21 19:58:56,392 - masked_rmse : 3.439970016479492
2025-02-21 19:58:56,443 - masked_mape : 0.3432186543941498
2025-02-21 19:58:56,443 - Evaluate on taxinyc_inflow_short_term_forecasting:
2025-02-21 19:59:08,370 - masked_mae : 5.050598621368408
2025-02-21 19:59:08,378 - masked_rmse : 12.400806427001953
2025-02-21 19:59:08,393 - masked_mape : 0.4332236051559448
2025-02-21 19:59:08,393 - Evaluate on taxinyc_inflow_long_term_forecasting:
2025-02-21 19:59:25,861 - masked_mae : 5.5895466804504395
2025-02-21 19:59:25,888 - masked_rmse : 15.520838737487793
2025-02-21 19:59:25,938 - masked_mape : 0.3480508029460907
2025-02-21 19:59:25,939 - Evaluate on tdrive_inflow_short_term_forecasting:
2025-02-21 20:00:27,293 - masked_mae : 11.332953453063965
2025-02-21 20:00:27,354 - masked_rmse : 21.80497932434082
2025-02-21 20:00:27,470 - masked_mape : 0.21781881153583527
2025-02-21 20:00:27,472 - Evaluate on tdrive_inflow_long_term_forecasting:
2025-02-21 20:02:17,666 - masked_mae : 13.738934516906738
2025-02-21 20:02:17,884 - masked_rmse : 26.700836181640625
2025-02-21 20:02:18,302 - masked_mape : 0.19784431159496307
2025-02-21 20:02:18,303 - ************************************************************   Imputation Task   ************************************************************
2025-02-21 20:02:18,303 - Evaluate on pems03_flow_point_imputation:
2025-02-21 20:02:24,519 - masked_mae : 49.028831481933594
2025-02-21 20:02:24,520 - masked_rmse : 71.27196502685547
2025-02-21 20:02:24,529 - masked_mre : 0.2909364104270935
2025-02-21 20:02:24,533 - Evaluate on pems03_flow_block_imputation:
2025-02-21 20:02:30,693 - masked_mae : 97.0476303100586
2025-02-21 20:02:30,694 - masked_rmse : 134.2669677734375
2025-02-21 20:02:30,696 - masked_mre : 0.5772937536239624
2025-02-21 20:02:30,696 - Evaluate on pems04_flow_point_imputation:
2025-02-21 20:02:36,512 - masked_mae : 57.15139389038086
2025-02-21 20:02:36,514 - masked_rmse : 80.97000122070312
2025-02-21 20:02:36,518 - masked_mre : 0.27076560258865356
2025-02-21 20:02:36,518 - Evaluate on pems04_flow_block_imputation:
2025-02-21 20:02:42,107 - masked_mae : 122.18767547607422
2025-02-21 20:02:42,109 - masked_rmse : 164.3832244873047
2025-02-21 20:02:42,111 - masked_mre : 0.5825221538543701
2025-02-21 20:02:42,111 - Evaluate on pems07_flow_point_imputation:
2025-02-21 20:02:49,430 - masked_mae : 84.92658233642578
2025-02-21 20:02:49,435 - masked_rmse : 112.12660217285156
2025-02-21 20:02:49,455 - masked_mre : 0.27657797932624817
2025-02-21 20:02:49,455 - Evaluate on pems07_flow_block_imputation:
2025-02-21 20:02:56,786 - masked_mae : 188.12454223632812
2025-02-21 20:02:56,796 - masked_rmse : 232.64634704589844
2025-02-21 20:02:56,815 - masked_mre : 0.612771213054657
2025-02-21 20:02:56,815 - Evaluate on pems08_flow_point_imputation:
2025-02-21 20:03:02,552 - masked_mae : 60.71475601196289
2025-02-21 20:03:02,553 - masked_rmse : 81.8501968383789
2025-02-21 20:03:02,555 - masked_mre : 0.2716711759567261
2025-02-21 20:03:02,555 - Evaluate on pems08_flow_block_imputation:
2025-02-21 20:03:08,197 - masked_mae : 134.54339599609375
2025-02-21 20:03:08,198 - masked_rmse : 169.60997009277344
2025-02-21 20:03:08,200 - masked_mre : 0.6030368804931641
2025-02-21 20:03:08,200 - Evaluate on pemsbay_speed_point_imputation:
2025-02-21 20:03:14,975 - masked_mae : 13.260801315307617
2025-02-21 20:03:14,984 - masked_rmse : 16.187644958496094
2025-02-21 20:03:14,997 - masked_mre : 0.21934445202350616
2025-02-21 20:03:14,997 - Evaluate on pemsbay_speed_block_imputation:
2025-02-21 20:03:21,766 - masked_mae : 39.51104736328125
2025-02-21 20:03:21,775 - masked_rmse : 41.385318756103516
2025-02-21 20:03:21,784 - masked_mre : 0.6540021300315857
2025-02-21 20:03:21,788 - Evaluate on metrla_speed_point_imputation:
2025-02-21 20:03:27,748 - masked_mae : 14.559858322143555
2025-02-21 20:03:27,749 - masked_rmse : 18.444623947143555
2025-02-21 20:03:27,751 - masked_mre : 0.2659422755241394
2025-02-21 20:03:27,751 - Evaluate on metrla_speed_block_imputation:
2025-02-21 20:03:33,741 - masked_mae : 33.6797981262207
2025-02-21 20:03:33,742 - masked_rmse : 37.08673858642578
2025-02-21 20:03:33,744 - masked_mre : 0.6456484794616699
2025-02-21 20:04:43,744 - [Epoch 17] Pretrain Loss: 22.0296
2025-02-21 20:04:43,745 - ************************************************************   Forecasting Task   ************************************************************
2025-02-21 20:04:43,745 - Evaluate on pems03_flow_short_term_forecasting:
2025-02-21 20:05:06,156 - masked_mae : 16.791240692138672
2025-02-21 20:05:06,176 - masked_rmse : 26.254920959472656
2025-02-21 20:05:06,213 - masked_mape : 0.15872928500175476
2025-02-21 20:05:06,213 - Evaluate on pems03_flow_long_term_forecasting:
2025-02-21 20:05:43,736 - masked_mae : 17.17339324951172
2025-02-21 20:05:43,804 - masked_rmse : 26.7254581451416
2025-02-21 20:05:43,935 - masked_mape : 0.17441409826278687
2025-02-21 20:05:43,935 - Evaluate on pems04_flow_short_term_forecasting:
2025-02-21 20:05:59,142 - masked_mae : 22.256057739257812
2025-02-21 20:05:59,154 - masked_rmse : 35.1038703918457
2025-02-21 20:05:59,175 - masked_mape : 0.15086086094379425
2025-02-21 20:05:59,175 - Evaluate on pems04_flow_long_term_forecasting:
2025-02-21 20:06:22,390 - masked_mae : 24.416854858398438
2025-02-21 20:06:22,429 - masked_rmse : 38.367103576660156
2025-02-21 20:06:22,504 - masked_mape : 0.17683883011341095
2025-02-21 20:06:22,504 - Evaluate on pems07_flow_short_term_forecasting:
2025-02-21 20:07:12,673 - masked_mae : 26.609891891479492
2025-02-21 20:07:12,722 - masked_rmse : 39.52199935913086
2025-02-21 20:07:12,815 - masked_mape : 0.1263388693332672
2025-02-21 20:07:12,816 - Evaluate on pems07_flow_long_term_forecasting:
2025-02-21 20:08:42,843 - masked_mae : 28.989784240722656
2025-02-21 20:08:43,018 - masked_rmse : 43.369693756103516
2025-02-21 20:08:43,354 - masked_mape : 0.14025337994098663
2025-02-21 20:08:43,356 - Evaluate on pems08_flow_short_term_forecasting:
2025-02-21 20:08:54,251 - masked_mae : 18.894184112548828
2025-02-21 20:08:54,259 - masked_rmse : 28.64739418029785
2025-02-21 20:08:54,272 - masked_mape : 0.14784863591194153
2025-02-21 20:08:54,272 - Evaluate on pems08_flow_long_term_forecasting:
2025-02-21 20:09:10,349 - masked_mae : 19.7034969329834
2025-02-21 20:09:10,372 - masked_rmse : 30.374832153320312
2025-02-21 20:09:10,417 - masked_mape : 0.15163008868694305
2025-02-21 20:09:10,417 - Evaluate on occpairs_occupancy_short_term_forecasting:
2025-02-21 20:09:35,376 - masked_mae : 0.9407652020454407
2025-02-21 20:09:35,398 - masked_rmse : 2.079881429672241
2025-02-21 20:09:35,439 - masked_mape : 0.1455453336238861
2025-02-21 20:09:35,440 - Evaluate on occpairs_occupancy_long_term_forecasting:
2025-02-21 20:10:17,132 - masked_mae : 1.1592527627944946
2025-02-21 20:10:17,209 - masked_rmse : 2.411616086959839
2025-02-21 20:10:17,356 - masked_mape : 0.17459280788898468
2025-02-21 20:10:17,356 - Evaluate on occhamburg_occupancy_short_term_forecasting:
2025-02-21 20:10:35,400 - masked_mae : 5.866532802581787
2025-02-21 20:10:35,414 - masked_rmse : 9.916376113891602
2025-02-21 20:10:35,443 - masked_mape : 0.47895967960357666
2025-02-21 20:10:35,443 - Evaluate on occhamburg_occupancy_long_term_forecasting:
2025-02-21 20:11:04,889 - masked_mae : 5.806742191314697
2025-02-21 20:11:04,941 - masked_rmse : 9.80896282196045
2025-02-21 20:11:05,039 - masked_mape : 0.47993817925453186
2025-02-21 20:11:05,040 - Evaluate on pemsbay_speed_short_term_forecasting:
2025-02-21 20:11:41,853 - masked_mae : 2.1061222553253174
2025-02-21 20:11:41,887 - masked_rmse : 4.23478364944458
2025-02-21 20:11:41,953 - masked_mape : 0.04606751725077629
2025-02-21 20:11:41,954 - Evaluate on pemsbay_speed_long_term_forecasting:
2025-02-21 20:12:45,934 - masked_mae : 2.803892135620117
2025-02-21 20:12:46,057 - masked_rmse : 5.585578441619873
2025-02-21 20:12:46,292 - masked_mape : 0.06438929587602615
2025-02-21 20:12:46,292 - Evaluate on metrla_speed_short_term_forecasting:
2025-02-21 20:13:04,465 - masked_mae : 5.3249969482421875
2025-02-21 20:13:04,480 - masked_rmse : 9.463642120361328
2025-02-21 20:13:04,507 - masked_mape : 0.12014260143041611
2025-02-21 20:13:04,508 - Evaluate on metrla_speed_long_term_forecasting:
2025-02-21 20:13:33,671 - masked_mae : 6.257608413696289
2025-02-21 20:13:33,722 - masked_rmse : 11.14865779876709
2025-02-21 20:13:33,820 - masked_mape : 0.14405770599842072
2025-02-21 20:13:33,820 - Evaluate on trafficsh_speed_short_term_forecasting:
2025-02-21 20:13:52,517 - masked_mae : 0.551306962966919
2025-02-21 20:13:52,533 - masked_rmse : 0.8284435868263245
2025-02-21 20:13:52,562 - masked_mape : 0.0671292394399643
2025-02-21 20:13:52,562 - Evaluate on trafficsh_speed_long_term_forecasting:
2025-02-21 20:14:22,494 - masked_mae : 0.5312028527259827
2025-02-21 20:14:22,547 - masked_rmse : 0.9274473786354065
2025-02-21 20:14:22,648 - masked_mape : 0.06902434676885605
2025-02-21 20:14:22,648 - Evaluate on bikenyc_inflow_short_term_forecasting:
2025-02-21 20:14:34,660 - masked_mae : 0.9211007952690125
2025-02-21 20:14:34,668 - masked_rmse : 2.8474643230438232
2025-02-21 20:14:34,683 - masked_mape : 0.2931927442550659
2025-02-21 20:14:34,683 - Evaluate on bikenyc_inflow_long_term_forecasting:
2025-02-21 20:14:52,163 - masked_mae : 1.0288419723510742
2025-02-21 20:14:52,190 - masked_rmse : 3.2565982341766357
2025-02-21 20:14:52,240 - masked_mape : 0.3315544128417969
2025-02-21 20:14:52,241 - Evaluate on taxinyc_inflow_short_term_forecasting:
2025-02-21 20:15:04,005 - masked_mae : 4.850520610809326
2025-02-21 20:15:04,013 - masked_rmse : 12.496663093566895
2025-02-21 20:15:04,028 - masked_mape : 0.36811205744743347
2025-02-21 20:15:04,028 - Evaluate on taxinyc_inflow_long_term_forecasting:
2025-02-21 20:15:21,620 - masked_mae : 5.088820934295654
2025-02-21 20:15:21,647 - masked_rmse : 14.280119895935059
2025-02-21 20:15:21,698 - masked_mape : 0.318111777305603
2025-02-21 20:15:21,698 - Evaluate on tdrive_inflow_short_term_forecasting:
2025-02-21 20:16:23,318 - masked_mae : 11.54166030883789
2025-02-21 20:16:23,379 - masked_rmse : 22.150209426879883
2025-02-21 20:16:23,495 - masked_mape : 0.1941419392824173
2025-02-21 20:16:23,496 - Evaluate on tdrive_inflow_long_term_forecasting:
2025-02-21 20:18:13,954 - masked_mae : 12.626416206359863
2025-02-21 20:18:14,172 - masked_rmse : 24.66283416748047
2025-02-21 20:18:14,590 - masked_mape : 0.18071943521499634
2025-02-21 20:18:14,591 - ************************************************************   Imputation Task   ************************************************************
2025-02-21 20:18:14,591 - Evaluate on pems03_flow_point_imputation:
2025-02-21 20:18:20,808 - masked_mae : 48.84619140625
2025-02-21 20:18:20,810 - masked_rmse : 71.31939697265625
2025-02-21 20:18:20,822 - masked_mre : 0.2899816334247589
2025-02-21 20:18:20,822 - Evaluate on pems03_flow_block_imputation:
2025-02-21 20:18:27,063 - masked_mae : 96.24107360839844
2025-02-21 20:18:27,064 - masked_rmse : 133.54244995117188
2025-02-21 20:18:27,067 - masked_mre : 0.57262122631073
2025-02-21 20:18:27,068 - Evaluate on pems04_flow_point_imputation:
2025-02-21 20:18:32,933 - masked_mae : 57.51744079589844
2025-02-21 20:18:32,934 - masked_rmse : 81.90922546386719
2025-02-21 20:18:32,936 - masked_mre : 0.27268484234809875
2025-02-21 20:18:32,936 - Evaluate on pems04_flow_block_imputation:
2025-02-21 20:18:38,791 - masked_mae : 120.2265853881836
2025-02-21 20:18:38,793 - masked_rmse : 162.57080078125
2025-02-21 20:18:38,795 - masked_mre : 0.5733478665351868
2025-02-21 20:18:38,795 - Evaluate on pems07_flow_point_imputation:
2025-02-21 20:18:46,113 - masked_mae : 85.53092193603516
2025-02-21 20:18:46,117 - masked_rmse : 113.06132507324219
2025-02-21 20:18:46,143 - masked_mre : 0.2787092626094818
2025-02-21 20:18:46,149 - Evaluate on pems07_flow_block_imputation:
2025-02-21 20:18:53,475 - masked_mae : 184.26678466796875
2025-02-21 20:18:53,487 - masked_rmse : 228.68077087402344
2025-02-21 20:18:53,510 - masked_mre : 0.6004348397254944
2025-02-21 20:18:53,510 - Evaluate on pems08_flow_point_imputation:
2025-02-21 20:18:59,175 - masked_mae : 61.18156814575195
2025-02-21 20:18:59,176 - masked_rmse : 82.57918548583984
2025-02-21 20:18:59,177 - masked_mre : 0.27385565638542175
2025-02-21 20:18:59,178 - Evaluate on pems08_flow_block_imputation:
2025-02-21 20:19:04,823 - masked_mae : 131.8944091796875
2025-02-21 20:19:04,824 - masked_rmse : 166.9169921875
2025-02-21 20:19:04,825 - masked_mre : 0.5912805795669556
2025-02-21 20:19:04,825 - Evaluate on pemsbay_speed_point_imputation:
2025-02-21 20:19:11,575 - masked_mae : 12.590031623840332
2025-02-21 20:19:11,585 - masked_rmse : 15.615965843200684
2025-02-21 20:19:11,598 - masked_mre : 0.2082468569278717
2025-02-21 20:19:11,598 - Evaluate on pemsbay_speed_block_imputation:
2025-02-21 20:19:18,359 - masked_mae : 38.75756072998047
2025-02-21 20:19:18,369 - masked_rmse : 40.662078857421875
2025-02-21 20:19:18,379 - masked_mre : 0.6415292024612427
2025-02-21 20:19:18,382 - Evaluate on metrla_speed_point_imputation:
2025-02-21 20:19:24,354 - masked_mae : 14.251107215881348
2025-02-21 20:19:24,355 - masked_rmse : 18.098512649536133
2025-02-21 20:19:24,356 - masked_mre : 0.26012298464775085
2025-02-21 20:19:24,357 - Evaluate on metrla_speed_block_imputation:
2025-02-21 20:19:30,361 - masked_mae : 33.12999725341797
2025-02-21 20:19:30,362 - masked_rmse : 36.52579116821289
2025-02-21 20:19:30,364 - masked_mre : 0.6354852318763733
2025-02-21 20:20:40,296 - [Epoch 18] Pretrain Loss: 21.9520
2025-02-21 20:20:40,296 - ************************************************************   Forecasting Task   ************************************************************
2025-02-21 20:20:40,296 - Evaluate on pems03_flow_short_term_forecasting:
2025-02-21 20:21:02,729 - masked_mae : 16.584985733032227
2025-02-21 20:21:02,749 - masked_rmse : 25.930063247680664
2025-02-21 20:21:02,786 - masked_mape : 0.1570282131433487
2025-02-21 20:21:02,786 - Evaluate on pems03_flow_long_term_forecasting:
2025-02-21 20:21:40,225 - masked_mae : 17.02688980102539
2025-02-21 20:21:40,294 - masked_rmse : 26.466201782226562
2025-02-21 20:21:40,424 - masked_mape : 0.17404405772686005
2025-02-21 20:21:40,424 - Evaluate on pems04_flow_short_term_forecasting:
2025-02-21 20:21:55,547 - masked_mae : 22.004182815551758
2025-02-21 20:21:55,559 - masked_rmse : 34.74441909790039
2025-02-21 20:21:55,580 - masked_mape : 0.14923442900180817
2025-02-21 20:21:55,581 - Evaluate on pems04_flow_long_term_forecasting:
2025-02-21 20:22:18,712 - masked_mae : 24.174362182617188
2025-02-21 20:22:18,752 - masked_rmse : 37.964134216308594
2025-02-21 20:22:18,827 - masked_mape : 0.17683742940425873
2025-02-21 20:22:18,827 - Evaluate on pems07_flow_short_term_forecasting:
2025-02-21 20:22:59,595 - masked_mae : 26.075828552246094
2025-02-21 20:22:59,644 - masked_rmse : 38.88782501220703
2025-02-21 20:22:59,738 - masked_mape : 0.12024161964654922
2025-02-21 20:22:59,739 - Evaluate on pems07_flow_long_term_forecasting:
2025-02-21 20:24:29,427 - masked_mae : 28.663772583007812
2025-02-21 20:24:29,602 - masked_rmse : 42.86019515991211
2025-02-21 20:24:29,938 - masked_mape : 0.1378469318151474
2025-02-21 20:24:29,939 - Evaluate on pems08_flow_short_term_forecasting:
2025-02-21 20:24:41,081 - masked_mae : 18.472766876220703
2025-02-21 20:24:41,088 - masked_rmse : 28.181198120117188
2025-02-21 20:24:41,101 - masked_mape : 0.13579928874969482
2025-02-21 20:24:41,102 - Evaluate on pems08_flow_long_term_forecasting:
2025-02-21 20:24:56,663 - masked_mae : 19.419862747192383
2025-02-21 20:24:56,687 - masked_rmse : 29.979318618774414
2025-02-21 20:24:56,732 - masked_mape : 0.14711503684520721
2025-02-21 20:24:56,732 - Evaluate on occpairs_occupancy_short_term_forecasting:
2025-02-21 20:25:21,346 - masked_mae : 0.9382243156433105
2025-02-21 20:25:21,368 - masked_rmse : 2.085430145263672
2025-02-21 20:25:21,409 - masked_mape : 0.14435666799545288
2025-02-21 20:25:21,410 - Evaluate on occpairs_occupancy_long_term_forecasting:
2025-02-21 20:26:03,029 - masked_mae : 1.1500837802886963
2025-02-21 20:26:03,106 - masked_rmse : 2.410642623901367
2025-02-21 20:26:03,253 - masked_mape : 0.173076793551445
2025-02-21 20:26:03,253 - Evaluate on occhamburg_occupancy_short_term_forecasting:
2025-02-21 20:26:21,635 - masked_mae : 5.862201690673828
2025-02-21 20:26:21,650 - masked_rmse : 9.887343406677246
2025-02-21 20:26:21,678 - masked_mape : 0.4812006950378418
2025-02-21 20:26:21,678 - Evaluate on occhamburg_occupancy_long_term_forecasting:
2025-02-21 20:26:51,115 - masked_mae : 5.801331043243408
2025-02-21 20:26:51,167 - masked_rmse : 9.781292915344238
2025-02-21 20:26:51,266 - masked_mape : 0.484881728887558
2025-02-21 20:26:51,266 - Evaluate on pemsbay_speed_short_term_forecasting:
2025-02-21 20:27:27,983 - masked_mae : 2.079498767852783
2025-02-21 20:27:28,017 - masked_rmse : 4.196924209594727
2025-02-21 20:27:28,083 - masked_mape : 0.04550231620669365
2025-02-21 20:27:28,084 - Evaluate on pemsbay_speed_long_term_forecasting:
2025-02-21 20:28:31,855 - masked_mae : 2.7879021167755127
2025-02-21 20:28:31,978 - masked_rmse : 5.552849292755127
2025-02-21 20:28:32,213 - masked_mape : 0.06433752924203873
2025-02-21 20:28:32,213 - Evaluate on metrla_speed_short_term_forecasting:
2025-02-21 20:28:50,111 - masked_mae : 5.242847919464111
2025-02-21 20:28:50,126 - masked_rmse : 9.414816856384277
2025-02-21 20:28:50,153 - masked_mape : 0.11878962069749832
2025-02-21 20:28:50,154 - Evaluate on metrla_speed_long_term_forecasting:
2025-02-21 20:29:19,338 - masked_mae : 6.2255120277404785
2025-02-21 20:29:19,389 - masked_rmse : 11.154925346374512
2025-02-21 20:29:19,487 - masked_mape : 0.1442302018404007
2025-02-21 20:29:19,487 - Evaluate on trafficsh_speed_short_term_forecasting:
2025-02-21 20:29:38,044 - masked_mae : 0.5266724228858948
2025-02-21 20:29:38,059 - masked_rmse : 0.804649829864502
2025-02-21 20:29:38,088 - masked_mape : 0.06439787894487381
2025-02-21 20:29:38,088 - Evaluate on trafficsh_speed_long_term_forecasting:
2025-02-21 20:30:07,988 - masked_mae : 0.5240877270698547
2025-02-21 20:30:08,041 - masked_rmse : 0.924008846282959
2025-02-21 20:30:08,142 - masked_mape : 0.06812857836484909
2025-02-21 20:30:08,142 - Evaluate on bikenyc_inflow_short_term_forecasting:
2025-02-21 20:30:19,757 - masked_mae : 0.9229736924171448
2025-02-21 20:30:19,765 - masked_rmse : 2.848189353942871
2025-02-21 20:30:19,779 - masked_mape : 0.2944720685482025
2025-02-21 20:30:19,780 - Evaluate on bikenyc_inflow_long_term_forecasting:
2025-02-21 20:30:37,351 - masked_mae : 1.0288382768630981
2025-02-21 20:30:37,378 - masked_rmse : 3.2710087299346924
2025-02-21 20:30:37,429 - masked_mape : 0.3332202732563019
2025-02-21 20:30:37,429 - Evaluate on taxinyc_inflow_short_term_forecasting:
2025-02-21 20:30:49,318 - masked_mae : 4.931860446929932
2025-02-21 20:30:49,326 - masked_rmse : 12.660126686096191
2025-02-21 20:30:49,341 - masked_mape : 0.3714194595813751
2025-02-21 20:30:49,341 - Evaluate on taxinyc_inflow_long_term_forecasting:
2025-02-21 20:31:06,527 - masked_mae : 5.101109981536865
2025-02-21 20:31:06,553 - masked_rmse : 14.437454223632812
2025-02-21 20:31:06,604 - masked_mape : 0.3146342933177948
2025-02-21 20:31:06,604 - Evaluate on tdrive_inflow_short_term_forecasting:
2025-02-21 20:32:08,087 - masked_mae : 11.565215110778809
2025-02-21 20:32:08,148 - masked_rmse : 22.26314353942871
2025-02-21 20:32:08,264 - masked_mape : 0.19181068241596222
2025-02-21 20:32:08,265 - Evaluate on tdrive_inflow_long_term_forecasting:
2025-02-21 20:33:58,253 - masked_mae : 12.591536521911621
2025-02-21 20:33:58,471 - masked_rmse : 24.76471519470215
2025-02-21 20:33:58,889 - masked_mape : 0.18120257556438446
2025-02-21 20:33:58,890 - ************************************************************   Imputation Task   ************************************************************
2025-02-21 20:33:58,890 - Evaluate on pems03_flow_point_imputation:
2025-02-21 20:34:05,140 - masked_mae : 47.60557174682617
2025-02-21 20:34:05,142 - masked_rmse : 70.11483001708984
2025-02-21 20:34:05,153 - masked_mre : 0.2826366126537323
2025-02-21 20:34:05,153 - Evaluate on pems03_flow_block_imputation:
2025-02-21 20:34:11,357 - masked_mae : 94.49768829345703
2025-02-21 20:34:11,358 - masked_rmse : 132.0778350830078
2025-02-21 20:34:11,361 - masked_mre : 0.5622766613960266
2025-02-21 20:34:11,361 - Evaluate on pems04_flow_point_imputation:
2025-02-21 20:34:17,188 - masked_mae : 56.21501159667969
2025-02-21 20:34:17,189 - masked_rmse : 80.41339111328125
2025-02-21 20:34:17,191 - masked_mre : 0.266421914100647
2025-02-21 20:34:17,192 - Evaluate on pems04_flow_block_imputation:
2025-02-21 20:34:23,070 - masked_mae : 118.566162109375
2025-02-21 20:34:23,073 - masked_rmse : 160.99160766601562
2025-02-21 20:34:23,075 - masked_mre : 0.5653968453407288
2025-02-21 20:34:23,075 - Evaluate on pems07_flow_point_imputation:
2025-02-21 20:34:30,401 - masked_mae : 83.59791564941406
2025-02-21 20:34:30,405 - masked_rmse : 111.0650405883789
2025-02-21 20:34:30,424 - masked_mre : 0.27237600088119507
2025-02-21 20:34:30,424 - Evaluate on pems07_flow_block_imputation:
2025-02-21 20:34:37,777 - masked_mae : 182.302978515625
2025-02-21 20:34:37,821 - masked_rmse : 227.0740509033203
2025-02-21 20:34:37,879 - masked_mre : 0.5940113067626953
2025-02-21 20:34:37,879 - Evaluate on pems08_flow_point_imputation:
2025-02-21 20:34:43,559 - masked_mae : 59.357635498046875
2025-02-21 20:34:43,560 - masked_rmse : 80.63609313964844
2025-02-21 20:34:43,561 - masked_mre : 0.2656667232513428
2025-02-21 20:34:43,561 - Evaluate on pems08_flow_block_imputation:
2025-02-21 20:34:49,237 - masked_mae : 129.99847412109375
2025-02-21 20:34:49,238 - masked_rmse : 165.17886352539062
2025-02-21 20:34:49,240 - masked_mre : 0.5827715396881104
2025-02-21 20:34:49,240 - Evaluate on pemsbay_speed_point_imputation:
2025-02-21 20:34:56,083 - masked_mae : 13.145767211914062
2025-02-21 20:34:56,094 - masked_rmse : 16.152074813842773
2025-02-21 20:34:56,106 - masked_mre : 0.21744197607040405
2025-02-21 20:34:56,106 - Evaluate on pemsbay_speed_block_imputation:
2025-02-21 20:35:02,859 - masked_mae : 39.56047821044922
2025-02-21 20:35:02,869 - masked_rmse : 41.47966003417969
2025-02-21 20:35:02,879 - masked_mre : 0.6548201441764832
2025-02-21 20:35:02,883 - Evaluate on metrla_speed_point_imputation:
2025-02-21 20:35:08,870 - masked_mae : 14.40627384185791
2025-02-21 20:35:08,871 - masked_rmse : 18.28060531616211
2025-02-21 20:35:08,872 - masked_mre : 0.26238715648651123
2025-02-21 20:35:08,873 - Evaluate on metrla_speed_block_imputation:
2025-02-21 20:35:14,849 - masked_mae : 33.41555404663086
2025-02-21 20:35:14,850 - masked_rmse : 36.83432388305664
2025-02-21 20:35:14,852 - masked_mre : 0.6403523683547974
2025-02-21 20:36:25,181 - [Epoch 19] Pretrain Loss: 21.8883
2025-02-21 20:36:25,182 - ************************************************************   Forecasting Task   ************************************************************
2025-02-21 20:36:25,182 - Evaluate on pems03_flow_short_term_forecasting:
2025-02-21 20:36:48,017 - masked_mae : 16.627857208251953
2025-02-21 20:36:48,037 - masked_rmse : 25.900970458984375
2025-02-21 20:36:48,074 - masked_mape : 0.15563924610614777
2025-02-21 20:36:48,074 - Evaluate on pems03_flow_long_term_forecasting:
2025-02-21 20:37:25,493 - masked_mae : 17.0544376373291
2025-02-21 20:37:25,562 - masked_rmse : 26.39388084411621
2025-02-21 20:37:25,692 - masked_mape : 0.1735076904296875
2025-02-21 20:37:25,693 - Evaluate on pems04_flow_short_term_forecasting:
2025-02-21 20:37:40,919 - masked_mae : 21.913156509399414
2025-02-21 20:37:40,930 - masked_rmse : 34.55462646484375
2025-02-21 20:37:40,952 - masked_mape : 0.14610429108142853
2025-02-21 20:37:40,952 - Evaluate on pems04_flow_long_term_forecasting:
2025-02-21 20:38:04,577 - masked_mae : 24.12614631652832
2025-02-21 20:38:04,617 - masked_rmse : 37.76924133300781
2025-02-21 20:38:04,691 - masked_mape : 0.17614082992076874
2025-02-21 20:38:04,692 - Evaluate on pems07_flow_short_term_forecasting:
2025-02-21 20:38:55,321 - masked_mae : 25.884130477905273
2025-02-21 20:38:55,370 - masked_rmse : 38.61046600341797
2025-02-21 20:38:55,464 - masked_mape : 0.11783501505851746
2025-02-21 20:38:55,465 - Evaluate on pems07_flow_long_term_forecasting:
2025-02-21 20:40:23,774 - masked_mae : 28.56066131591797
2025-02-21 20:40:23,950 - masked_rmse : 42.61030578613281
2025-02-21 20:40:24,286 - masked_mape : 0.13751427829265594
2025-02-21 20:40:24,287 - Evaluate on pems08_flow_short_term_forecasting:
2025-02-21 20:40:35,381 - masked_mae : 18.490659713745117
2025-02-21 20:40:35,388 - masked_rmse : 28.095571517944336
2025-02-21 20:40:35,401 - masked_mape : 0.13184836506843567
2025-02-21 20:40:35,401 - Evaluate on pems08_flow_long_term_forecasting:
2025-02-21 20:40:51,023 - masked_mae : 19.391141891479492
2025-02-21 20:40:51,047 - masked_rmse : 29.791101455688477
2025-02-21 20:40:51,092 - masked_mape : 0.14793026447296143
2025-02-21 20:40:51,092 - Evaluate on occpairs_occupancy_short_term_forecasting:
2025-02-21 20:41:15,696 - masked_mae : 0.9037594795227051
2025-02-21 20:41:15,718 - masked_rmse : 2.0534884929656982
2025-02-21 20:41:15,760 - masked_mape : 0.13625012338161469
2025-02-21 20:41:15,760 - Evaluate on occpairs_occupancy_long_term_forecasting:
2025-02-21 20:41:57,347 - masked_mae : 1.1756396293640137
2025-02-21 20:41:57,424 - masked_rmse : 2.416682243347168
2025-02-21 20:41:57,570 - masked_mape : 0.18040327727794647
2025-02-21 20:41:57,571 - Evaluate on occhamburg_occupancy_short_term_forecasting:
2025-02-21 20:42:15,896 - masked_mae : 5.838615417480469
2025-02-21 20:42:15,911 - masked_rmse : 9.855813026428223
2025-02-21 20:42:15,939 - masked_mape : 0.4759635925292969
2025-02-21 20:42:15,939 - Evaluate on occhamburg_occupancy_long_term_forecasting:
2025-02-21 20:42:45,419 - masked_mae : 5.819131374359131
2025-02-21 20:42:45,471 - masked_rmse : 9.76736068725586
2025-02-21 20:42:45,570 - masked_mape : 0.4929250478744507
2025-02-21 20:42:45,570 - Evaluate on pemsbay_speed_short_term_forecasting:
2025-02-21 20:43:13,250 - masked_mae : 2.0889956951141357
2025-02-21 20:43:13,284 - masked_rmse : 4.192115306854248
2025-02-21 20:43:13,349 - masked_mape : 0.04532806947827339
2025-02-21 20:43:13,350 - Evaluate on pemsbay_speed_long_term_forecasting:
2025-02-21 20:44:17,064 - masked_mae : 2.7752010822296143
2025-02-21 20:44:17,187 - masked_rmse : 5.517852783203125
2025-02-21 20:44:17,421 - masked_mape : 0.06390834599733353
2025-02-21 20:44:17,422 - Evaluate on metrla_speed_short_term_forecasting:
2025-02-21 20:44:35,725 - masked_mae : 5.274407863616943
2025-02-21 20:44:35,740 - masked_rmse : 9.443658828735352
2025-02-21 20:44:35,768 - masked_mape : 0.11895789951086044
2025-02-21 20:44:35,768 - Evaluate on metrla_speed_long_term_forecasting:
2025-02-21 20:45:05,044 - masked_mae : 6.199638843536377
2025-02-21 20:45:05,095 - masked_rmse : 11.132874488830566
2025-02-21 20:45:05,193 - masked_mape : 0.14354802668094635
2025-02-21 20:45:05,194 - Evaluate on trafficsh_speed_short_term_forecasting:
2025-02-21 20:45:24,042 - masked_mae : 0.5306252837181091
2025-02-21 20:45:24,058 - masked_rmse : 0.7972618937492371
2025-02-21 20:45:24,087 - masked_mape : 0.06484480947256088
2025-02-21 20:45:24,087 - Evaluate on trafficsh_speed_long_term_forecasting:
2025-02-21 20:45:53,967 - masked_mae : 0.5273159146308899
2025-02-21 20:45:54,020 - masked_rmse : 0.9107742309570312
2025-02-21 20:45:54,122 - masked_mape : 0.06818253546953201
2025-02-21 20:45:54,122 - Evaluate on bikenyc_inflow_short_term_forecasting:
2025-02-21 20:46:05,921 - masked_mae : 0.903965950012207
2025-02-21 20:46:05,928 - masked_rmse : 2.789823532104492
2025-02-21 20:46:05,943 - masked_mape : 0.29722198843955994
2025-02-21 20:46:05,944 - Evaluate on bikenyc_inflow_long_term_forecasting:
2025-02-21 20:46:22,999 - masked_mae : 1.049146294593811
2025-02-21 20:46:23,026 - masked_rmse : 3.2544631958007812
2025-02-21 20:46:23,076 - masked_mape : 0.34818020462989807
2025-02-21 20:46:23,077 - Evaluate on taxinyc_inflow_short_term_forecasting:
2025-02-21 20:46:34,978 - masked_mae : 4.601147651672363
2025-02-21 20:46:34,986 - masked_rmse : 12.086331367492676
2025-02-21 20:46:35,001 - masked_mape : 0.3146595060825348
2025-02-21 20:46:35,001 - Evaluate on taxinyc_inflow_long_term_forecasting:
2025-02-21 20:46:52,410 - masked_mae : 5.30876350402832
2025-02-21 20:46:52,437 - masked_rmse : 14.110386848449707
2025-02-21 20:46:52,488 - masked_mape : 0.37777355313301086
2025-02-21 20:46:52,488 - Evaluate on tdrive_inflow_short_term_forecasting:
2025-02-21 20:47:53,786 - masked_mae : 11.021327018737793
2025-02-21 20:47:53,847 - masked_rmse : 21.42766571044922
2025-02-21 20:47:53,963 - masked_mape : 0.16686882078647614
2025-02-21 20:47:53,964 - Evaluate on tdrive_inflow_long_term_forecasting:
2025-02-21 20:49:44,277 - masked_mae : 12.983199119567871
2025-02-21 20:49:44,495 - masked_rmse : 24.793846130371094
2025-02-21 20:49:44,913 - masked_mape : 0.22086592018604279
2025-02-21 20:49:44,914 - ************************************************************   Imputation Task   ************************************************************
2025-02-21 20:49:44,914 - Evaluate on pems03_flow_point_imputation:
2025-02-21 20:49:51,088 - masked_mae : 46.73110580444336
2025-02-21 20:49:51,090 - masked_rmse : 69.1688003540039
2025-02-21 20:49:51,095 - masked_mre : 0.2774682343006134
2025-02-21 20:49:51,095 - Evaluate on pems03_flow_block_imputation:
2025-02-21 20:49:57,315 - masked_mae : 91.47733306884766
2025-02-21 20:49:57,317 - masked_rmse : 128.52737426757812
2025-02-21 20:49:57,319 - masked_mre : 0.5443085432052612
2025-02-21 20:49:57,320 - Evaluate on pems04_flow_point_imputation:
2025-02-21 20:50:03,192 - masked_mae : 55.548728942871094
2025-02-21 20:50:03,193 - masked_rmse : 79.69501495361328
2025-02-21 20:50:03,195 - masked_mre : 0.26320579648017883
2025-02-21 20:50:03,200 - Evaluate on pems04_flow_block_imputation:
2025-02-21 20:50:09,060 - masked_mae : 114.60902404785156
2025-02-21 20:50:09,062 - masked_rmse : 156.0520782470703
2025-02-21 20:50:09,064 - masked_mre : 0.5465074181556702
2025-02-21 20:50:09,064 - Evaluate on pems07_flow_point_imputation:
2025-02-21 20:50:16,438 - masked_mae : 82.10946655273438
2025-02-21 20:50:16,442 - masked_rmse : 109.47531127929688
2025-02-21 20:50:16,450 - masked_mre : 0.2675272524356842
2025-02-21 20:50:16,450 - Evaluate on pems07_flow_block_imputation:
2025-02-21 20:50:23,817 - masked_mae : 176.32342529296875
2025-02-21 20:50:23,820 - masked_rmse : 220.18325805664062
2025-02-21 20:50:23,826 - masked_mre : 0.5746030807495117
2025-02-21 20:50:23,837 - Evaluate on pems08_flow_point_imputation:
2025-02-21 20:50:29,495 - masked_mae : 58.139644622802734
2025-02-21 20:50:29,496 - masked_rmse : 79.32223510742188
2025-02-21 20:50:29,498 - masked_mre : 0.2602275013923645
2025-02-21 20:50:29,498 - Evaluate on pems08_flow_block_imputation:
2025-02-21 20:50:35,210 - masked_mae : 125.37451934814453
2025-02-21 20:50:35,211 - masked_rmse : 159.83851623535156
2025-02-21 20:50:35,213 - masked_mre : 0.5620516538619995
2025-02-21 20:50:35,213 - Evaluate on pemsbay_speed_point_imputation:
2025-02-21 20:50:42,008 - masked_mae : 13.106663703918457
2025-02-21 20:50:42,018 - masked_rmse : 16.14020347595215
2025-02-21 20:50:42,032 - masked_mre : 0.21679458022117615
2025-02-21 20:50:42,038 - Evaluate on pemsbay_speed_block_imputation:
2025-02-21 20:50:48,808 - masked_mae : 39.0610466003418
2025-02-21 20:50:48,817 - masked_rmse : 40.97971725463867
2025-02-21 20:50:48,829 - masked_mre : 0.6465522050857544
2025-02-21 20:50:48,829 - Evaluate on metrla_speed_point_imputation:
2025-02-21 20:50:54,795 - masked_mae : 14.294934272766113
2025-02-21 20:50:54,798 - masked_rmse : 18.183197021484375
2025-02-21 20:50:54,800 - masked_mre : 0.2594836354255676
2025-02-21 20:50:54,804 - Evaluate on metrla_speed_block_imputation:
2025-02-21 20:51:00,763 - masked_mae : 32.80216598510742
2025-02-21 20:51:00,764 - masked_rmse : 36.182281494140625
2025-02-21 20:51:00,765 - masked_mre : 0.6278409957885742
2025-02-21 20:52:11,164 - [Epoch 20] Pretrain Loss: 21.8447
2025-02-21 20:52:11,165 - ************************************************************   Forecasting Task   ************************************************************
2025-02-21 20:52:11,165 - Evaluate on pems03_flow_short_term_forecasting:
2025-02-21 20:52:34,031 - masked_mae : 16.64260482788086
2025-02-21 20:52:34,050 - masked_rmse : 25.920700073242188
2025-02-21 20:52:34,087 - masked_mape : 0.15959322452545166
2025-02-21 20:52:34,087 - Evaluate on pems03_flow_long_term_forecasting:
2025-02-21 20:53:11,614 - masked_mae : 17.072858810424805
2025-02-21 20:53:11,682 - masked_rmse : 26.390859603881836
2025-02-21 20:53:11,813 - masked_mape : 0.18016862869262695
2025-02-21 20:53:11,813 - Evaluate on pems04_flow_short_term_forecasting:
2025-02-21 20:53:26,872 - masked_mae : 21.96233558654785
2025-02-21 20:53:26,883 - masked_rmse : 34.61085510253906
2025-02-21 20:53:26,905 - masked_mape : 0.15028493106365204
2025-02-21 20:53:26,905 - Evaluate on pems04_flow_long_term_forecasting:
2025-02-21 20:53:50,509 - masked_mae : 24.18292808532715
2025-02-21 20:53:50,548 - masked_rmse : 37.80314254760742
2025-02-21 20:53:50,623 - masked_mape : 0.18150639533996582
2025-02-21 20:53:50,624 - Evaluate on pems07_flow_short_term_forecasting:
2025-02-21 20:54:41,457 - masked_mae : 26.00213050842285
2025-02-21 20:54:41,506 - masked_rmse : 38.6915283203125
2025-02-21 20:54:41,599 - masked_mape : 0.12086371332406998
2025-02-21 20:54:41,600 - Evaluate on pems07_flow_long_term_forecasting:
2025-02-21 20:56:11,416 - masked_mae : 28.81831932067871
2025-02-21 20:56:11,592 - masked_rmse : 42.82850646972656
2025-02-21 20:56:11,928 - masked_mape : 0.14220738410949707
2025-02-21 20:56:11,929 - Evaluate on pems08_flow_short_term_forecasting:
2025-02-21 20:56:23,101 - masked_mae : 18.513002395629883
2025-02-21 20:56:23,108 - masked_rmse : 28.143966674804688
2025-02-21 20:56:23,121 - masked_mape : 0.1377427726984024
2025-02-21 20:56:23,121 - Evaluate on pems08_flow_long_term_forecasting:
2025-02-21 20:56:39,082 - masked_mae : 19.47052574157715
2025-02-21 20:56:39,106 - masked_rmse : 29.932783126831055
2025-02-21 20:56:39,151 - masked_mape : 0.151704341173172
2025-02-21 20:56:39,151 - Evaluate on occpairs_occupancy_short_term_forecasting:
2025-02-21 20:57:03,732 - masked_mae : 0.946549654006958
2025-02-21 20:57:03,754 - masked_rmse : 2.0768561363220215
2025-02-21 20:57:03,795 - masked_mape : 0.14695367217063904
2025-02-21 20:57:03,796 - Evaluate on occpairs_occupancy_long_term_forecasting:
2025-02-21 20:57:45,501 - masked_mae : 1.156201720237732
2025-02-21 20:57:45,578 - masked_rmse : 2.4096529483795166
2025-02-21 20:57:45,724 - masked_mape : 0.17664454877376556
2025-02-21 20:57:45,725 - Evaluate on occhamburg_occupancy_short_term_forecasting:
2025-02-21 20:58:04,275 - masked_mae : 5.853268146514893
2025-02-21 20:58:04,290 - masked_rmse : 9.841702461242676
2025-02-21 20:58:04,318 - masked_mape : 0.48330119252204895
2025-02-21 20:58:04,318 - Evaluate on occhamburg_occupancy_long_term_forecasting:
2025-02-21 20:58:33,893 - masked_mae : 5.804864406585693
2025-02-21 20:58:33,945 - masked_rmse : 9.749166488647461
2025-02-21 20:58:34,044 - masked_mape : 0.4938102662563324
2025-02-21 20:58:34,044 - Evaluate on pemsbay_speed_short_term_forecasting:
2025-02-21 20:59:10,959 - masked_mae : 2.052786111831665
2025-02-21 20:59:10,994 - masked_rmse : 4.1565117835998535
2025-02-21 20:59:11,059 - masked_mape : 0.04522082582116127
2025-02-21 20:59:11,060 - Evaluate on pemsbay_speed_long_term_forecasting:
2025-02-21 21:00:14,142 - masked_mae : 2.7478761672973633
2025-02-21 21:00:14,265 - masked_rmse : 5.489243984222412
2025-02-21 21:00:14,500 - masked_mape : 0.06425895541906357
2025-02-21 21:00:14,500 - Evaluate on metrla_speed_short_term_forecasting:
2025-02-21 21:00:32,806 - masked_mae : 5.169528484344482
2025-02-21 21:00:32,821 - masked_rmse : 9.361946105957031
2025-02-21 21:00:32,849 - masked_mape : 0.11767476797103882
2025-02-21 21:00:32,849 - Evaluate on metrla_speed_long_term_forecasting:
2025-02-21 21:01:02,363 - masked_mae : 6.144386291503906
2025-02-21 21:01:02,414 - masked_rmse : 11.113886833190918
2025-02-21 21:01:02,511 - masked_mape : 0.14348483085632324
2025-02-21 21:01:02,512 - Evaluate on trafficsh_speed_short_term_forecasting:
2025-02-21 21:01:21,396 - masked_mae : 0.5136235356330872
2025-02-21 21:01:21,412 - masked_rmse : 0.792767345905304
2025-02-21 21:01:21,441 - masked_mape : 0.06230250373482704
2025-02-21 21:01:21,441 - Evaluate on trafficsh_speed_long_term_forecasting:
2025-02-21 21:01:51,686 - masked_mae : 0.515061616897583
2025-02-21 21:01:51,738 - masked_rmse : 0.9187909960746765
2025-02-21 21:01:51,839 - masked_mape : 0.06770078092813492
2025-02-21 21:01:51,840 - Evaluate on bikenyc_inflow_short_term_forecasting:
2025-02-21 21:02:03,774 - masked_mae : 0.9334773421287537
2025-02-21 21:02:03,782 - masked_rmse : 2.8423125743865967
2025-02-21 21:02:03,797 - masked_mape : 0.29525816440582275
2025-02-21 21:02:03,797 - Evaluate on bikenyc_inflow_long_term_forecasting:
2025-02-21 21:02:20,948 - masked_mae : 1.0263293981552124
2025-02-21 21:02:20,975 - masked_rmse : 3.2081451416015625
2025-02-21 21:02:21,026 - masked_mape : 0.3359633684158325
2025-02-21 21:02:21,026 - Evaluate on taxinyc_inflow_short_term_forecasting:
2025-02-21 21:02:32,981 - masked_mae : 5.174041748046875
2025-02-21 21:02:32,989 - masked_rmse : 12.89923095703125
2025-02-21 21:02:33,004 - masked_mape : 0.4077328145503998
2025-02-21 21:02:33,004 - Evaluate on taxinyc_inflow_long_term_forecasting:
2025-02-21 21:02:50,451 - masked_mae : 5.156658172607422
2025-02-21 21:02:50,478 - masked_rmse : 14.282757759094238
2025-02-21 21:02:50,529 - masked_mape : 0.33500877022743225
2025-02-21 21:02:50,529 - Evaluate on tdrive_inflow_short_term_forecasting:
2025-02-21 21:04:01,401 - masked_mae : 11.922286987304688
2025-02-21 21:04:01,461 - masked_rmse : 22.580711364746094
2025-02-21 21:04:01,577 - masked_mape : 0.20620577037334442
2025-02-21 21:04:01,578 - Evaluate on tdrive_inflow_long_term_forecasting:
2025-02-21 21:05:51,533 - masked_mae : 12.662330627441406
2025-02-21 21:05:51,751 - masked_rmse : 24.7125301361084
2025-02-21 21:05:52,168 - masked_mape : 0.18834681808948517
2025-02-21 21:05:52,170 - ************************************************************   Imputation Task   ************************************************************
2025-02-21 21:05:52,170 - Evaluate on pems03_flow_point_imputation:
2025-02-21 21:05:58,345 - masked_mae : 45.54652404785156
2025-02-21 21:05:58,347 - masked_rmse : 67.830322265625
2025-02-21 21:05:58,356 - masked_mre : 0.27046090364456177
2025-02-21 21:05:58,356 - Evaluate on pems03_flow_block_imputation:
2025-02-21 21:06:04,576 - masked_mae : 90.9110107421875
2025-02-21 21:06:04,578 - masked_rmse : 128.4547576904297
2025-02-21 21:06:04,580 - masked_mre : 0.5409992933273315
2025-02-21 21:06:04,586 - Evaluate on pems04_flow_point_imputation:
2025-02-21 21:06:10,440 - masked_mae : 54.16566848754883
2025-02-21 21:06:10,441 - masked_rmse : 78.22758483886719
2025-02-21 21:06:10,443 - masked_mre : 0.2566494941711426
2025-02-21 21:06:10,444 - Evaluate on pems04_flow_block_imputation:
2025-02-21 21:06:16,287 - masked_mae : 114.1884994506836
2025-02-21 21:06:16,288 - masked_rmse : 156.39431762695312
2025-02-21 21:06:16,291 - masked_mre : 0.5445457696914673
2025-02-21 21:06:16,291 - Evaluate on pems07_flow_point_imputation:
2025-02-21 21:06:23,626 - masked_mae : 80.00311279296875
2025-02-21 21:06:23,631 - masked_rmse : 107.37291717529297
2025-02-21 21:06:23,653 - masked_mre : 0.26067808270454407
2025-02-21 21:06:23,653 - Evaluate on pems07_flow_block_imputation:
2025-02-21 21:06:30,973 - masked_mae : 175.64749145507812
2025-02-21 21:06:30,984 - masked_rmse : 220.3822479248047
2025-02-21 21:06:31,006 - masked_mre : 0.5724374055862427
2025-02-21 21:06:31,006 - Evaluate on pems08_flow_point_imputation:
2025-02-21 21:06:36,681 - masked_mae : 56.44370651245117
2025-02-21 21:06:36,682 - masked_rmse : 77.56912994384766
2025-02-21 21:06:36,683 - masked_mre : 0.2526349127292633
2025-02-21 21:06:36,683 - Evaluate on pems08_flow_block_imputation:
2025-02-21 21:06:42,328 - masked_mae : 124.76104736328125
2025-02-21 21:06:42,329 - masked_rmse : 159.86720275878906
2025-02-21 21:06:42,330 - masked_mre : 0.5593286156654358
2025-02-21 21:06:42,330 - Evaluate on pemsbay_speed_point_imputation:
2025-02-21 21:06:49,084 - masked_mae : 12.754677772521973
2025-02-21 21:06:49,094 - masked_rmse : 15.82579517364502
2025-02-21 21:06:49,107 - masked_mre : 0.2109714150428772
2025-02-21 21:06:49,110 - Evaluate on pemsbay_speed_block_imputation:
2025-02-21 21:06:55,889 - masked_mae : 38.908546447753906
2025-02-21 21:06:55,899 - masked_rmse : 40.827274322509766
2025-02-21 21:06:55,905 - masked_mre : 0.6440278887748718
2025-02-21 21:06:55,905 - Evaluate on metrla_speed_point_imputation:
2025-02-21 21:07:01,874 - masked_mae : 14.00458812713623
2025-02-21 21:07:01,875 - masked_rmse : 17.920551300048828
2025-02-21 21:07:01,877 - masked_mre : 0.2534503638744354
2025-02-21 21:07:01,877 - Evaluate on metrla_speed_block_imputation:
2025-02-21 21:07:07,886 - masked_mae : 32.721168518066406
2025-02-21 21:07:07,887 - masked_rmse : 36.11320877075195
2025-02-21 21:07:07,889 - masked_mre : 0.6261586546897888
